transaction_id,customer_id,date,category,channel,quantity,unit_price,discount_pct
T005589,C00723,2023-06-05,Mercado,Tienda,1,28500.0,0.0
T003095,C00390,2025-04-09,Hogar,Web,2,113500.0,0.0
T007262,C00960,2024-11-15,Hogar,Web,1,132800.0,0.0
T000104,C00012,2025-06-21,Mercado,App,2,21900.0,0.0
T010108,C01359,2025-02-26,Mercado,Tienda,1,47000.0,0.0
T007076,C00938,2024-04-01,Hogar,Tienda,2,156700.0,0.0
T007315,C00967,2024-10-07,Hogar,App,2,127300.0,0.0
T004226,C00539,2023-10-28,Moda,Tienda,3,125500.0,0.0
T006957,C00919,2024-09-30,Hogar,App,2,36900.0,0.0
T000974,C00127,2023-09-27,Moda,Tienda,2,167400.0,0.0
T009929,C01333,2024-08-17,Moda,Tienda,2,193500.0,0.0
T001630,C00205,2025-02-12,Hogar,Tienda,3,115800.0,0.2
T005003,C00645,2023-08-09,Moda,Tienda,3,144000.0,0.0
T008074,C01069,2024-02-06,Tecnología,Tienda,3,808600.0,0.0
T001813,C00230,2024-12-13,Mercado,Tienda,3,41900.0,0.0
T004887,C00631,2024-04-15,Mercado,Tienda,1,40200.0,0.0
T008273,C01098,2025-06-12,Moda,App,1,160500.0,0.0
T001301,C00165,2024-03-14,Belleza,Tienda,2,75200.0,0.1
T001629,C00204,2023-11-23,Mercado,Tienda,3,44600.0,0.0
T007948,C01051,2024-11-25,Mercado,Tienda,1,24600.0,0.0
T008848,C01170,2024-07-10,Hogar,App,2,190000.0,0.0
T003344,C00424,2024-10-11,Moda,Web,1,34100.0,0.0
T006313,C00824,2025-04-25,Belleza,App,2,73200.0,0.0
T010276,C01380,2024-06-10,Belleza,App,3,85400.0,0.0
T010915,C01470,2023-09-18,Mercado,Tienda,1,40300.0,0.0
T001703,C00212,2023-11-21,Hogar,Web,2,130500.0,0.1
T000613,C00078,2024-05-20,Mercado,Web,2,40900.0,0.0
T004512,C00584,2025-06-14,Moda,Tienda,3,161200.0,0.0
T001874,C00236,2023-12-02,Mercado,Tienda,2,57300.0,0.0
T009816,C01320,2024-10-24,Tecnología,App,2,733900.0,0.0
T001216,C00155,2025-03-25,Tecnología,Tienda,2,926200.0,0.0
T008836,C01167,2024-08-25,Mercado,Tienda,3,33200.0,0.0
T001899,C00237,2023-12-25,Belleza,Web,3,79400.0,0.0
T002835,C00355,2024-09-06,Belleza,Tienda,2,68100.0,0.0
T004130,C00529,2024-08-07,Mercado,Tienda,3,49700.0,0.0
T009275,C01238,2025-04-26,Hogar,Tienda,1,150600.0,0.3
T002230,C00281,2025-02-16,Belleza,Tienda,2,65100.0,0.0
T005273,C00680,2024-07-05,Moda,App,1,110400.0,0.0
T007755,C01019,2024-11-03,Mercado,App,3,50900.0,0.1
T003301,C00418,2024-11-17,Hogar,Web,2,150300.0,0.3
T005573,C00721,2024-05-08,Mercado,Tienda,3,26300.0,0.0
T005393,C00699,2024-04-23,Mercado,App,1,36700.0,0.0
T006727,C00888,2024-05-04,Hogar,Tienda,3,72800.0,0.0
T007539,C00994,2023-12-27,Mercado,Tienda,2,45700.0,0.0
T006675,C00880,2024-08-29,Hogar,App,3,166200.0,0.0
T002437,C00306,2025-04-16,Belleza,Tienda,1,113900.0,0.0
T005845,C00756,2024-01-28,Mercado,App,1,21100.0,0.3
T000043,C00004,2024-10-12,Mercado,Web,1,45100.0,0.0
T010205,C01371,2024-12-15,Moda,Tienda,2,32200.0,0.0
T005497,C00714,2024-06-11,Hogar,Web,1,75900.0,0.2
T001735,C00217,2024-08-17,Hogar,Web,3,138100.0,0.0
T006009,C00778,2024-10-28,Mercado,Tienda,1,46300.0,0.0
T003058,C00384,2023-08-28,Mercado,Web,2,28200.0,0.1
T004257,C00546,2025-06-20,Belleza,Tienda,2,67900.0,0.0
T002590,C00322,2024-05-13,Mercado,App,2,54500.0,0.0
T004408,C00568,2023-12-16,Tecnología,App,3,512200.0,0.1
T010307,C01383,2023-10-05,Moda,Tienda,2,239900.0,0.0
T006669,C00879,2024-12-31,Hogar,Tienda,2,57800.0,0.2
T000339,C00042,2023-01-24,Hogar,Web,1,125000.0,0.0
T004669,C00599,2024-02-06,Mercado,Tienda,1,43700.0,0.1
T001653,C00207,2024-09-30,Mercado,App,3,57600.0,0.0
T007213,C00953,2024-12-15,Mercado,Tienda,1,48600.0,0.0
T005577,C00722,2023-10-01,Mercado,App,1,46900.0,0.1
T000136,C00015,2025-03-08,Belleza,Tienda,1,71600.0,0.0
T005109,C00660,2024-05-18,Moda,Tienda,3,137400.0,0.0
T003119,C00393,2024-03-18,Mercado,Tienda,3,40800.0,0.0
T010408,C01396,2023-07-19,Tecnología,App,2,529900.0,0.0
T008044,C01065,2024-03-20,Moda,Tienda,3,240000.0,0.0
T007071,C00938,2024-11-17,Tecnología,App,2,360000.0,0.3
T008211,C01087,2024-06-18,Mercado,App,2,43700.0,0.3
T002493,C00312,2025-06-17,Hogar,Tienda,1,161300.0,0.0
T008473,C01123,2024-02-29,Moda,App,-1,155400.0,0.0
T009892,C01327,2024-03-03,Hogar,Tienda,1,60300.0,0.0
T008360,C01110,2025-05-22,Tecnología,Web,1,486100.0,0.0
T008320,C01102,2025-04-29,Hogar,Tienda,2,112100.0,0.2
T009476,C01265,2025-02-28,Hogar,Web,2,99900.0,0.3
T004801,C00617,2025-06-03,Mercado,Tienda,1,42800.0,0.0
T010094,C01356,2025-04-19,Mercado,Tienda,1,67600.0,0.0
T009622,C01288,2024-02-10,Mercado,Tienda,1,39200.0,0.2
T002914,C00364,2024-09-01,Hogar,App,1,68300.0,0.2
T006646,C00876,2025-04-25,Belleza,App,3,80400.0,0.0
T005889,C00761,2025-04-08,Mercado,App,1,46700.0,0.1
T000320,C00040,2024-02-19,Mercado,Tienda,1,44700.0,0.0
T002589,C00322,2023-10-14,Belleza,Tienda,1,60700.0,0.0
T010803,C01453,2024-05-23,Mercado,App,2,52300.0,0.2
T006428,C00843,2023-12-13,Mercado,Web,2,55900.0,0.1
T010871,C01461,2024-12-18,Belleza,Tienda,1,59100.0,0.1
T004705,C00603,2024-03-03,Mercado,Tienda,3,59000.0,0.3
T010977,C01478,2025-04-01,Tecnología,App,2,966000.0,0.0
T001347,C00169,2024-08-24,Mercado,Tienda,2,29800.0,0.0
T008524,C01128,2024-08-27,Belleza,Tienda,1,83700.0,0.2
T007869,C01035,2024-02-17,Belleza,Tienda,2,87700.0,0.0
T005775,C00749,2024-08-07,Belleza,Web,3,103300.0,0.0
T008983,C01191,2024-05-10,Hogar,Tienda,1,62400.0,0.0
T007549,C00994,2024-01-24,Belleza,App,3,80100.0,0.0
T005254,C00677,2025-05-12,Mercado,Web,2,62400.0,0.0
T003432,C00433,2023-08-23,Moda,App,1,212300.0,0.0
T008393,C01113,2024-10-22,Mercado,Tienda,3,30900.0,0.0
T003405,C00428,2025-05-09,Tecnología,App,3,798700.0,0.0
T010712,C01441,2024-09-07,Belleza,App,3,60800.0,0.0
T006274,C00820,2024-01-30,Mercado,Tienda,1,27800.0,0.0
T003428,C00432,2024-05-01,Tecnología,Web,2,1149700.0,0.0
T003696,C00469,2024-12-16,Belleza,Tienda,1,86800.0,0.2
T009185,C01221,2024-08-19,Mercado,Tienda,2,36100.0,0.0
T006379,C00836,2025-06-11,Belleza,App,2,59000.0,0.0
T008069,C01068,2025-06-26,Mercado,Tienda,3,47400.0,0.0
T007522,C00992,2024-01-14,Mercado,Tienda,3,71700.0,0.0
T007133,C00942,2024-03-19,Mercado,Tienda,2,21000.0,0.0
T002353,C00293,2025-04-29,Mercado,App,3,56800.0,0.0
T007496,C00988,2025-04-08,Mercado,App,2,31000.0,0.2
T001502,C00190,2025-01-07,Moda,Tienda,1,156500.0,0.0
T006094,C00791,2024-03-04,Belleza,App,1,89200.0,0.2
T006411,C00841,2024-01-14,Mercado,Web,2,40400.0,0.0
T005706,C00738,2024-02-24,Mercado,App,2,61600.0,0.0
T007616,C01003,2024-07-04,Moda,Tienda,1,106600.0,0.0
T004406,C00567,2025-05-28,Mercado,Tienda,2,32400.0,0.0
T001136,C00144,2024-11-22,Mercado,Tienda,3,65600.0,0.0
T009443,C01260,2024-03-25,Mercado,App,3,56600.0,0.0
T008507,C01126,2025-04-18,Mercado,App,2,40900.0,0.0
T004696,C00602,2025-05-25,Mercado,Tienda,1,61200.0,0.3
T010701,C01440,2024-07-19,Belleza,Tienda,3,50800.0,0.0
T004576,C00590,2024-05-20,Mercado,Tienda,-1,51300.0,0.3
T005416,C00703,2023-08-26,Mercado,Tienda,2,58000.0,0.2
T003543,C00444,2024-02-27,Moda,Tienda,2,184200.0,0.0
T002395,C00303,2024-01-22,Mercado,App,3,34300.0,0.0
T001559,C00195,2024-09-21,Moda,Tienda,1,94300.0,0.0
T008419,C01115,2024-03-29,Hogar,App,1,98400.0,0.2
T003843,C00484,2024-04-21,Hogar,App,2,80800.0,0.1
T008112,C01075,2023-09-09,Belleza,App,2,105600.0,0.0
T006833,C00903,2024-09-09,Mercado,Tienda,2,41300.0,0.0
T001435,C00180,2024-11-25,Mercado,App,2,61400.0,0.0
T006988,C00923,2024-12-14,Mercado,Tienda,1,33100.0,0.1
T007887,C01039,2023-10-30,Hogar,Tienda,3,100800.0,0.0
T002897,C00362,2025-02-15,Hogar,Tienda,3,118800.0,0.0
T002067,C00260,2024-02-08,Mercado,Tienda,1,64800.0,0.0
T006865,C00909,2025-02-06,Tecnología,App,3,910400.0,0.0
T003089,C00389,2025-01-29,Belleza,App,2,68100.0,0.0
T005177,C00671,2025-02-14,Hogar,App,1,76100.0,0.0
T005688,C00736,2024-11-16,Mercado,Tienda,1,41600.0,0.2
T002973,C00371,2023-09-14,Belleza,Web,3,92500.0,0.0
T000128,C00015,2025-03-28,Mercado,Tienda,2,42000.0,0.0
T008850,C01170,2024-06-04,Belleza,Tienda,3,39300.0,0.0
T000926,C00118,2025-01-14,Hogar,Web,1,117200.0,0.0
T001221,C00156,2024-08-04,Hogar,App,1,134500.0,0.0
T002362,C00297,2024-10-31,Belleza,Web,3,90400.0,0.0
T010069,C01354,2025-03-10,Belleza,App,3,63800.0,0.0
T006282,C00820,2024-09-22,Moda,Tienda,1,181100.0,0.1
T005814,C00753,2024-01-07,Hogar,Tienda,3,122300.0,0.0
T008830,C01166,2025-06-08,Hogar,Web,2,99500.0,0.3
T010816,C01455,2025-04-04,Mercado,Tienda,1,65500.0,0.0
T009956,C01337,2024-08-05,Mercado,App,1,39500.0,0.0
T007649,C01007,2024-08-27,Belleza,Tienda,3,115600.0,0.0
T010413,C01397,2024-07-27,Tecnología,Tienda,1,597000.0,0.0
T001401,C00174,2024-07-14,Mercado,App,1,22400.0,0.0
T006381,C00836,2024-07-23,Hogar,Tienda,3,87600.0,0.0
T007619,C01004,2024-01-02,Tecnología,App,1,898400.0,0.0
T009805,C01319,2024-04-14,Tecnología,App,3,517200.0,0.0
T006194,C00809,2024-03-17,Mercado,Tienda,2,48600.0,0.0
T007639,C01007,2024-02-01,Mercado,App,1,31300.0,0.0
T001260,C00161,2024-12-17,Mercado,App,1,48000.0,0.3
T011015,C01482,2025-01-05,Tecnología,Tienda,3,617500.0,0.0
T001949,C00244,2025-06-24,Moda,Tienda,1,165700.0,0.0
T008966,C01187,2025-06-06,Mercado,Tienda,1,43400.0,0.0
T001104,C00140,2023-12-13,Moda,Web,1,153300.0,0.0
T004215,C00538,2024-06-28,Mercado,App,2,38400.0,0.0
T007615,C01003,2024-09-18,Mercado,App,2,72400.0,0.0
T001416,C00176,2024-01-02,Moda,Web,2,131100.0,0.0
T008981,C01190,2024-02-19,Moda,Tienda,1,67700.0,0.0
T002855,C00358,2024-10-22,Moda,Tienda,3,164800.0,0.0
T006547,C00862,2024-11-08,Mercado,Tienda,2,55200.0,0.3
T009660,C01293,2025-05-22,Mercado,Tienda,3,55500.0,0.2
T000867,C00113,2025-02-26,Belleza,Tienda,1,98500.0,0.0
T006780,C00896,2024-04-03,Moda,Tienda,1,75500.0,0.0
T004100,C00525,2024-02-04,Mercado,Tienda,3,43700.0,0.0
T003127,C00395,2024-01-18,Mercado,App,3,28300.0,0.2
T008084,C01070,2025-06-11,Mercado,App,3,42900.0,0.3
T010341,C01385,2025-03-27,Mercado,Tienda,3,51300.0,0.0
T005230,C00676,2024-02-21,Hogar,Web,3,147100.0,0.0
T007004,C00924,2024-02-10,Hogar,App,3,68800.0,0.0
T009480,C01265,2025-04-07,Hogar,Tienda,1,113700.0,0.0
T004375,C00563,2024-09-18,Moda,App,1,117400.0,0.3
T010390,C01393,2025-02-12,Belleza,App,2,132100.0,0.2
T005810,C00752,2025-06-11,Mercado,App,2,38500.0,0.0
T002900,C00363,2024-07-30,Hogar,App,1,170700.0,0.0
T009522,C01271,2024-01-13,Tecnología,App,1,549800.0,0.2
T004234,C00542,2024-06-23,Tecnología,Tienda,1,499600.0,0.0
T004703,C00602,2025-02-09,Mercado,App,2,34200.0,0.0
T004507,C00583,2025-01-25,Mercado,Tienda,3,30900.0,0.0
T005259,C00678,2024-05-08,Belleza,Tienda,2,66900.0,0.0
T002354,C00293,2024-10-20,Tecnología,Web,1,905000.0,0.0
T001708,C00213,2025-02-19,Hogar,Tienda,2,134700.0,0.0
T010349,C01387,2024-04-17,Hogar,Tienda,1,132400.0,0.0
T006779,C00896,2024-04-14,Hogar,App,3,137100.0,0.0
T003949,C00499,2024-01-09,Mercado,App,3,44200.0,0.0
T001340,C00169,2025-06-10,Mercado,App,1,39900.0,0.0
T010177,C01367,2023-12-02,Mercado,Web,1,54600.0,0.1
T007155,C00946,2024-06-15,Moda,Web,2,56700.0,0.3
T009053,C01199,2024-07-03,Mercado,Tienda,2,28000.0,0.0
T010403,C01395,2024-08-07,Mercado,Tienda,2,52300.0,0.1
T006147,C00800,2025-01-30,Mercado,Web,3,51400.0,0.0
T007576,C01000,2024-08-26,Hogar,App,2,116000.0,0.0
T006654,C00877,2024-09-22,Moda,App,1,127900.0,0.0
T010947,C01474,2024-01-18,Hogar,Web,1,102100.0,0.0
T005806,C00750,2024-09-23,Mercado,Web,1,43400.0,0.0
T005757,C00747,2025-03-14,Mercado,Web,2,48400.0,0.0
T006237,C00814,2024-01-03,Mercado,Tienda,2,47400.0,0.3
T006731,C00890,2025-04-22,Moda,Web,1,230500.0,0.0
T011078,C01492,2025-06-11,Hogar,App,1,134600.0,0.2
T002344,C00291,2024-02-06,Mercado,Tienda,3,27800.0,0.2
T010951,C01474,2025-03-13,Belleza,Web,1,70900.0,0.0
T010245,C01375,2024-01-11,Belleza,Tienda,1,73200.0,0.0
T005216,C00673,2024-11-21,Belleza,App,1,102000.0,0.2
T010833,C01456,2024-12-24,Belleza,Web,2,93200.0,0.2
T001355,C00170,2024-06-13,Hogar,Tienda,3,112000.0,0.0
T006534,C00859,2025-05-06,Mercado,Web,2,33300.0,0.0
T007466,C00986,2025-02-08,Mercado,Web,3,27800.0,0.1
T004707,C00603,2024-05-12,Belleza,App,1,58200.0,0.0
T005236,C00676,2023-06-13,Mercado,Tienda,2,73700.0,0.0
T002260,C00283,2025-02-22,Mercado,Web,2,37700.0,0.0
T006944,C00917,2025-04-08,Mercado,App,2,47300.0,0.0
T002570,C00320,2023-07-07,Mercado,Tienda,3,7500.0,0.0
T004716,C00603,2024-08-24,Tecnología,App,1,847500.0,0.1
T006696,C00882,2023-11-24,Tecnología,Tienda,1,849600.0,0.0
T004127,C00529,2024-12-03,Mercado,Web,2,35800.0,0.2
T001717,C00214,2024-01-16,Mercado,Tienda,2,39400.0,0.0
T004620,C00594,2024-05-27,Moda,App,2,143100.0,0.3
T004719,C00604,2024-02-25,Tecnología,App,3,780000.0,0.0
T003927,C00497,2024-05-24,Mercado,App,3,55000.0,0.0
T002834,C00354,2024-03-30,Mercado,App,2,11700.0,0.0
T002727,C00339,2024-03-04,Hogar,App,2,130000.0,0.1
T006218,C00811,2024-02-19,Mercado,Web,1,44800.0,0.2
T006557,C00865,2024-04-03,Moda,Tienda,2,105400.0,0.0
T002304,C00286,2024-07-26,Mercado,Tienda,1,51900.0,0.0
T002478,C00309,2025-06-14,Mercado,Tienda,2,49800.0,0.0
T005530,C00717,2025-02-22,Mercado,Tienda,2,60000.0,0.0
T002648,C00331,2023-10-16,Mercado,App,3,36400.0,0.0
T005391,C00699,2024-04-23,Belleza,Tienda,1,75700.0,0.1
T001494,C00188,2023-05-27,Tecnología,Web,2,638500.0,0.0
T008465,C01121,2024-11-05,Tecnología,Tienda,1,454000.0,0.0
T005800,C00750,2024-08-02,Belleza,Tienda,3,35000.0,0.0
T005991,C00775,2025-04-11,Mercado,Tienda,3,43500.0,0.0
T002056,C00258,2024-12-05,Moda,App,2,144300.0,0.3
T004916,C00636,2025-06-21,Tecnología,Tienda,3,591600.0,0.2
T008176,C01085,2025-04-04,Mercado,Tienda,3,41100.0,0.0
T003859,C00486,2023-11-02,Hogar,Web,1,116500.0,0.0
T010574,C01419,2024-08-18,Belleza,Tienda,1,71200.0,0.3
T006510,C00854,2024-05-04,Tecnología,App,2,647200.0,0.0
T001316,C00165,2023-10-12,Mercado,App,1,48800.0,0.0
T008512,C01127,2024-06-17,Mercado,App,1,19100.0,0.0
T002985,C00371,2023-06-30,Belleza,Web,1,93200.0,0.0
T007956,C01052,2024-04-01,Hogar,Tienda,1,91600.0,0.0
T002823,C00353,2023-07-08,Moda,App,3,161800.0,0.1
T000490,C00062,2025-05-10,Moda,App,2,163500.0,0.0
T008379,C01112,2024-05-11,Mercado,App,2,26700.0,0.2
T004310,C00552,2024-08-03,Tecnología,App,2,468500.0,0.0
T009366,C01252,2025-02-27,Mercado,App,3,32400.0,0.0
T003074,C00387,2024-11-12,Belleza,App,3,59400.0,0.0
T008332,C01104,2025-04-26,Moda,App,1,160600.0,0.0
T005111,C00660,2025-04-12,Mercado,Tienda,2,66900.0,0.2
T004080,C00522,2023-11-18,Belleza,Tienda,1,67000.0,0.0
T003863,C00487,2024-12-25,Hogar,App,3,170700.0,0.1
T006404,C00839,2023-06-25,Mercado,App,2,23300.0,0.0
T005466,C00709,2023-05-08,Tecnología,App,3,644300.0,0.0
T008411,C01114,2024-07-27,Hogar,Tienda,3,163100.0,0.0
T003175,C00402,2024-07-13,Mercado,Tienda,1,27600.0,0.0
T001797,C00228,2025-05-10,Mercado,Tienda,2,17500.0,0.0
T007518,C00992,2024-08-03,Hogar,App,3,77700.0,0.3
T004560,C00588,2024-04-06,Belleza,App,3,65700.0,0.0
T001229,C00158,2024-09-05,Belleza,App,2,67400.0,0.0
T009143,C01214,2023-11-07,Mercado,Tienda,1,43900.0,0.0
T006931,C00917,2024-11-30,Hogar,Tienda,1,80300.0,0.0
T000192,C00021,2023-07-19,Belleza,App,2,40900.0,0.0
T001979,C00248,2024-04-24,Mercado,Web,3,43400.0,0.0
T002670,C00333,2024-01-07,Mercado,App,2,33100.0,0.0
T000510,C00064,2025-01-11,Mercado,Tienda,3,41000.0,0.0
T008295,C01099,2024-09-02,Mercado,Web,1,41900.0,0.0
T010082,C01355,2025-04-17,Hogar,Tienda,2,131400.0,0.0
T006400,C00839,2025-05-18,Mercado,Tienda,1,56200.0,0.0
T002163,C00271,2024-05-01,Hogar,App,3,96000.0,0.0
T008241,C01093,2023-08-25,Moda,Tienda,1,152800.0,0.0
T008607,C01137,2023-06-13,Mercado,Tienda,3,65600.0,0.2
T003319,C00421,2024-11-23,Hogar,Tienda,1,155800.0,0.0
T002196,C00275,2024-11-12,Mercado,Web,1,47100.0,0.2
T008872,C01174,2024-11-28,Hogar,App,2,102400.0,0.0
T003635,C00460,2024-03-26,Mercado,Tienda,3,57500.0,0.0
T003521,C00441,2024-12-04,Moda,Tienda,2,173600.0,0.2
T007898,C01042,2025-02-10,Tecnología,App,3,605500.0,0.0
T003377,C00427,2025-05-16,Hogar,Web,1,154700.0,0.0
T008484,C01124,2024-08-17,Belleza,Tienda,3,125800.0,0.3
T004687,C00600,2024-01-23,Moda,App,3,173500.0,0.0
T010581,C01420,2023-04-05,Hogar,Tienda,2,87900.0,0.0
T007964,C01054,2024-07-12,Mercado,App,2,62700.0,0.1
T011120,C01499,2024-11-05,Moda,Tienda,2,177400.0,0.1
T001872,C00236,2024-09-14,Mercado,App,1,82500.0,0.0
T004729,C00605,2024-01-08,Moda,Web,1,170000.0,0.0
T002168,C00272,2024-02-17,Mercado,App,1,28100.0,0.0
T001802,C00228,2025-04-21,Mercado,Tienda,2,21600.0,0.2
T003457,C00434,2024-08-11,Moda,Tienda,3,144300.0,0.0
T010537,C01414,2024-07-10,Hogar,App,2,123500.0,0.0
T003398,C00428,2025-04-14,Mercado,Web,3,43900.0,0.0
T001496,C00188,2024-09-08,Mercado,Tienda,3,33400.0,0.0
T005452,C00708,2025-03-25,Mercado,App,2,48500.0,0.0
T010904,C01468,2023-12-11,Moda,Tienda,3,,0.0
T002691,C00335,2024-03-20,Tecnología,Tienda,1,674700.0,0.0
T007010,C00925,2025-03-20,Tecnología,Tienda,1,459100.0,0.0
T004723,C00604,2024-02-12,Mercado,Tienda,2,62700.0,0.0
T000209,C00024,2025-06-17,Tecnología,Tienda,1,639400.0,0.0
T008292,C01099,2024-10-07,Hogar,App,2,197600.0,0.3
T008937,C01182,2024-04-17,Hogar,Web,2,137900.0,0.0
T002754,C00341,2025-04-30,Moda,App,3,172100.0,0.0
T005081,C00654,2024-05-31,Tecnología,Web,2,232000.0,0.0
T009398,C01254,2024-09-26,Moda,Web,1,65000.0,0.0
T003833,C00483,2024-08-22,Mercado,Web,2,46000.0,0.0
T009276,C01238,2024-07-08,Mercado,App,2,36300.0,0.0
T004950,C00639,2023-12-08,Mercado,Web,1,15200.0,0.0
T008955,C01185,2025-04-25,Hogar,App,2,146100.0,0.0
T004381,C00564,2025-04-19,Mercado,App,3,68600.0,0.0
T001326,C00167,2024-06-26,Mercado,App,3,43500.0,0.0
T006517,C00856,2025-02-14,Hogar,Web,2,127000.0,0.0
T006969,C00920,2024-05-29,Moda,Tienda,2,143000.0,0.3
T009727,C01307,2024-03-01,Mercado,Tienda,3,40800.0,0.0
T006949,C00918,2024-09-13,Moda,Tienda,2,112100.0,0.0
T003787,C00476,2024-07-25,Moda,Web,2,167700.0,0.2
T008698,C01153,2024-08-10,Hogar,Web,3,184000.0,0.1
T009009,C01194,2023-07-22,Moda,Tienda,2,115400.0,0.0
T001292,C00164,2024-06-01,Mercado,Tienda,1,39700.0,0.0
T001505,C00190,2025-06-27,Belleza,Tienda,3,72700.0,0.0
T000967,C00125,2024-08-14,Mercado,App,2,40900.0,0.0
T008051,C01065,2024-07-26,Moda,Tienda,1,189300.0,0.0
T007970,C01055,2024-03-31,Mercado,Tienda,3,68500.0,0.3
T006642,C00876,2024-07-30,Mercado,App,2,21700.0,0.0
T006236,C00813,2025-03-27,Mercado,Tienda,1,38300.0,0.0
T004232,C00541,2024-07-07,Moda,Web,2,172400.0,0.2
T005666,C00731,2023-09-01,Hogar,App,1,82200.0,0.0
T003779,C00475,2024-02-17,Mercado,Web,2,58000.0,0.3
T003159,C00399,2024-06-28,Mercado,Tienda,1,11500.0,0.0
T009104,C01209,2024-01-06,Belleza,Tienda,1,38400.0,0.0
T000419,C00051,2024-11-12,Moda,App,3,120800.0,0.0
T004994,C00644,2024-07-19,Mercado,Web,3,42600.0,0.0
T000817,C00105,2023-12-14,Belleza,App,3,59400.0,0.0
T009429,C01258,2024-11-19,Tecnología,App,3,472700.0,0.0
T008299,C01099,2024-02-08,Mercado,Web,1,55800.0,0.0
T001793,C00227,2024-12-30,Mercado,App,2,39300.0,0.2
T004061,C00520,2023-11-28,Belleza,Tienda,3,67900.0,0.0
T002381,C00302,2024-07-21,Moda,App,2,169400.0,0.0
T003524,C00441,2024-11-30,Hogar,App,3,107300.0,0.2
T006968,C00919,2025-05-31,Hogar,Tienda,1,126300.0,0.0
T002532,C00317,2024-11-11,Mercado,App,2,32600.0,0.0
T009853,C01323,2024-01-06,Mercado,App,3,47700.0,0.0
T006839,C00905,2025-01-03,Moda,App,3,79300.0,0.3
T011034,C01484,2024-04-02,Mercado,Tienda,2,54200.0,0.0
T006121,C00795,2024-07-21,Hogar,Tienda,2,104000.0,0.0
T009873,C01325,2023-11-17,Belleza,App,2,48800.0,0.2
T002378,C00301,2023-09-07,Mercado,Tienda,1,58200.0,0.0
T007676,C01012,2024-01-02,Belleza,App,1,80400.0,0.0
T003391,C00427,2025-03-30,Mercado,App,3,41900.0,0.0
T002153,C00269,2025-03-30,Mercado,Web,3,50400.0,0.0
T007282,C00963,2024-07-29,Mercado,Tienda,1,53400.0,0.0
T001384,C00172,2023-06-23,Moda,Tienda,1,127900.0,0.0
T008240,C01092,2025-06-05,Hogar,Tienda,1,178700.0,0.0
T005305,C00686,2024-01-08,Hogar,Web,2,36500.0,0.0
T005722,C00741,2024-07-12,Tecnología,Tienda,2,873200.0,0.0
T005270,C00680,2024-09-08,Mercado,Tienda,2,49700.0,0.3
T001162,C00146,2024-08-14,Mercado,Tienda,1,35600.0,0.0
T001426,C00178,2023-12-02,Mercado,Tienda,3,58300.0,0.2
T009247,C01233,2024-06-28,Mercado,Tienda,3,53200.0,0.0
T006098,C00792,2024-06-25,Mercado,Web,1,60900.0,0.0
T001779,C00224,2025-02-01,Hogar,Tienda,3,218000.0,0.0
T006864,C00909,2025-02-18,Mercado,Web,3,45500.0,0.0
T010191,C01369,2024-05-29,Moda,Tienda,3,218500.0,0.0
T008579,C01135,2024-05-13,Mercado,Web,1,67500.0,0.1
T003920,C00496,2024-07-18,Moda,Tienda,1,91700.0,0.1
T008882,C01176,2024-02-08,Belleza,Tienda,3,54200.0,0.0
T008305,C01100,2024-03-29,Belleza,App,3,75500.0,0.0
T001245,C00159,2025-02-14,Mercado,App,2,51800.0,0.0
T002554,C00317,2023-09-16,Mercado,Tienda,2,26900.0,0.0
T000776,C00100,2024-02-25,Moda,Tienda,2,190400.0,0.2
T002075,C00260,2023-04-15,Hogar,App,2,90100.0,0.3
T009585,C01280,2023-10-18,Hogar,Tienda,1,72300.0,0.0
T007322,C00967,2023-12-28,Hogar,Tienda,3,115200.0,0.2
T009212,C01225,2025-01-15,Mercado,App,3,59600.0,0.0
T002494,C00312,2024-07-25,Mercado,Tienda,2,42100.0,0.0
T008814,C01164,2024-07-04,Hogar,Tienda,1,67800.0,0.2
T005119,C00661,2024-10-02,Mercado,Web,1,35800.0,0.0
T009462,C01264,2024-05-04,Moda,Tienda,1,209600.0,0.0
T010092,C01356,2025-04-27,Hogar,App,3,112000.0,0.0
T003451,C00434,2023-10-02,Mercado,Tienda,3,47600.0,0.0
T003372,C00427,2025-03-05,Belleza,App,1,47900.0,0.0
T008458,C01120,2023-10-30,Moda,App,1,63600.0,0.0
T001543,C00193,2023-07-25,Belleza,Tienda,3,68500.0,0.0
T002603,C00325,2023-09-20,Belleza,Tienda,3,81500.0,0.0
T007265,C00961,2025-01-09,Moda,Tienda,1,178900.0,0.0
T008650,C01144,2023-10-14,Belleza,Tienda,1,89400.0,0.2
T004613,C00594,2024-07-30,Moda,Tienda,1,235000.0,0.0
T009608,C01286,2024-07-16,Mercado,Tienda,2,34900.0,0.0
T000175,C00021,2025-05-22,Moda,Tienda,1,220500.0,0.0
T000214,C00025,2025-03-06,Mercado,Web,3,44100.0,0.0
T004907,C00634,2025-01-26,Hogar,App,1,145500.0,0.0
T009189,C01222,2024-07-19,Belleza,Tienda,2,92200.0,0.0
T005114,C00661,2024-09-02,Mercado,Tienda,3,66700.0,0.0
T010017,C01347,2024-03-27,Moda,App,2,149600.0,0.0
T003499,C00437,2025-04-11,Hogar,Tienda,3,183500.0,0.0
T005628,C00728,2025-04-23,Belleza,Tienda,3,59300.0,0.0
T008071,C01068,2025-03-14,Moda,Tienda,3,241600.0,0.0
T009913,C01331,2023-05-12,Moda,Tienda,3,145500.0,0.0
T001989,C00250,2024-04-20,Mercado,Web,1,47000.0,0.0
T002785,C00346,2025-01-14,Hogar,App,3,104300.0,0.0
T005601,C00724,2025-04-17,Moda,Tienda,3,147300.0,0.2
T009473,C01265,2025-01-02,Mercado,Tienda,1,43400.0,0.0
T007250,C00959,2024-03-20,Mercado,Web,1,43000.0,0.0
T005055,C00652,2025-01-24,Belleza,Tienda,2,19100.0,0.0
T004292,C00551,2025-02-15,Mercado,Tienda,3,45000.0,0.0
T008528,C01129,2024-02-07,Tecnología,Tienda,1,736400.0,0.2
T003939,C00498,2024-06-10,Hogar,Web,3,127800.0,0.0
T000754,C00096,2024-06-12,Mercado,Tienda,3,43600.0,0.0
T005704,C00738,2024-03-10,Mercado,Web,3,30300.0,0.0
T001851,C00234,2025-06-07,Tecnología,Web,1,684600.0,0.0
T007007,C00925,2025-02-25,Belleza,App,1,56500.0,0.0
T001819,C00230,2023-12-29,Belleza,Web,1,64600.0,0.0
T008923,C01179,2024-06-14,Mercado,Web,3,46700.0,0.0
T000095,C00011,2024-04-20,Moda,Tienda,2,219200.0,0.2
T005954,C00769,2024-05-14,Mercado,Tienda,3,19500.0,0.0
T005643,C00728,2024-04-30,Mercado,Tienda,1,45800.0,0.0
T001182,C00149,2023-12-24,Tecnología,Tienda,2,546600.0,0.1
T002547,C00317,2024-05-02,Hogar,App,2,69200.0,0.0
T010337,C01384,2024-05-04,Moda,App,1,118300.0,0.2
T009446,C01260,2024-03-25,Belleza,Tienda,3,74300.0,0.0
T007027,C00929,2023-10-04,Hogar,Tienda,3,119300.0,0.0
T006246,C00815,2023-11-13,Mercado,Web,2,43500.0,0.0
T010658,C01433,2025-05-16,Belleza,Tienda,1,85400.0,0.0
T004017,C00512,2023-10-28,Mercado,App,3,38800.0,0.0
T000194,C00021,2025-03-29,Hogar,Tienda,3,111300.0,0.0
T004488,C00580,2025-05-25,Hogar,App,1,19900.0,0.0
T008164,C01083,2024-08-16,Belleza,Tienda,3,39800.0,0.0
T000231,C00026,2024-07-17,Mercado,Web,3,44400.0,0.2
T009404,C01254,2024-06-12,Mercado,Tienda,1,26700.0,0.0
T008294,C01099,2024-10-24,Moda,Tienda,2,106500.0,0.3
T003048,C00383,2024-06-18,Moda,Tienda,2,241100.0,0.0
T001129,C00143,2025-05-01,Tecnología,Tienda,1,486600.0,0.0
T005978,C00773,2024-04-25,Mercado,Web,3,72500.0,0.0
T009799,C01319,2024-04-17,Hogar,App,3,127700.0,0.0
T003441,C00433,2023-11-15,Mercado,Tienda,2,68700.0,0.0
T003551,C00446,2024-06-04,Mercado,Tienda,2,66800.0,0.0
T002513,C00315,2024-06-19,Belleza,Tienda,1,81700.0,0.0
T003987,C00506,2024-11-11,Tecnología,Web,1,605500.0,0.0
T010296,C01381,2024-05-14,Moda,Web,2,154400.0,0.3
T008018,C01061,2023-11-22,Tecnología,App,1,318000.0,0.2
T003245,C00410,2024-10-12,Belleza,App,3,101400.0,0.0
T000566,C00072,2025-01-19,Tecnología,Web,2,659300.0,0.0
T010061,C01353,2023-03-29,Mercado,App,2,55400.0,0.0
T004107,C00526,2023-03-10,Belleza,App,2,102500.0,0.0
T007306,C00966,2024-11-29,Mercado,App,3,45000.0,0.0
T004469,C00577,2024-01-10,Hogar,App,2,79400.0,0.0
T002355,C00293,2025-04-07,Hogar,Web,3,137700.0,0.0
T000800,C00102,2024-05-15,Belleza,App,2,96100.0,0.0
T007245,C00959,2023-11-02,Hogar,App,2,52700.0,0.0
T010342,C01385,2024-09-19,Mercado,App,2,42700.0,0.0
T004446,C00572,2023-10-21,Mercado,App,3,48200.0,0.0
T000829,C00108,2024-03-20,Mercado,App,1,57200.0,0.0
T001842,C00234,2025-04-21,Hogar,App,3,121000.0,0.0
T008789,C01162,2024-12-25,Mercado,Tienda,2,48800.0,0.3
T007513,C00991,2023-11-29,Mercado,App,1,61600.0,0.1
T001888,C00237,2024-01-21,Tecnología,Web,3,619100.0,0.0
T002053,C00257,2024-06-23,Belleza,Web,3,71000.0,0.0
T002058,C00258,2023-08-16,Hogar,Web,2,149000.0,0.0
T009086,C01207,2023-10-18,Hogar,Tienda,2,74700.0,0.0
T002331,C00289,2025-01-22,Tecnología,Tienda,2,408500.0,0.0
T009261,C01235,2025-05-06,Hogar,Tienda,2,127500.0,0.0
T003395,C00427,2025-06-10,Mercado,App,1,61400.0,0.3
T000728,C00093,2024-11-25,Moda,Tienda,2,157700.0,0.3
T008254,C01096,2023-10-24,Belleza,Web,3,43000.0,0.0
T001148,C00145,2024-02-18,Moda,Web,1,213200.0,0.0
T006592,C00868,2024-04-08,Mercado,App,1,33600.0,0.0
T007346,C00969,2025-01-27,Mercado,Web,1,39400.0,0.0
T004508,C00583,2024-08-08,Belleza,App,3,53800.0,0.0
T010049,C01352,2024-03-21,Mercado,App,3,33500.0,0.0
T010700,C01440,2024-07-13,Hogar,Web,1,155700.0,0.2
T005325,C00689,2024-08-06,Mercado,App,3,36600.0,0.1
T006112,C00794,2025-02-05,Hogar,Tienda,2,142900.0,0.0
T007434,C00981,2024-11-29,Hogar,Tienda,2,170500.0,0.2
T002453,C00306,2025-06-20,Mercado,Tienda,3,50400.0,0.3
T001032,C00135,2025-01-16,Mercado,Tienda,1,19900.0,0.3
T009890,C01327,2023-09-20,Mercado,App,1,46100.0,0.0
T004133,C00529,2024-12-26,Mercado,Tienda,2,39800.0,0.1
T006615,C00873,2024-07-26,Mercado,App,2,47900.0,0.0
T001713,C00214,2024-01-15,Mercado,App,2,28100.0,0.0
T001081,C00139,2025-03-27,Mercado,App,2,38200.0,0.0
T006849,C00905,2025-05-23,Mercado,Web,1,20300.0,0.3
T009031,C01198,2025-02-10,Moda,Web,1,190200.0,0.0
T002133,C00265,2024-01-25,Mercado,Tienda,1,29000.0,0.0
T003947,C00499,2024-02-10,Mercado,Tienda,2,26600.0,0.0
T005746,C00744,2024-10-13,Moda,Tienda,3,156700.0,0.0
T009802,C01319,2024-04-08,Belleza,Tienda,3,112900.0,0.0
T004181,C00534,2024-11-24,Mercado,App,1,41700.0,0.0
T003736,C00472,2024-01-05,Mercado,App,3,44200.0,0.0
T002324,C00289,2025-03-27,Mercado,Web,3,65900.0,0.0
T008503,C01126,2024-04-30,Hogar,Tienda,2,107000.0,0.3
T008351,C01108,2024-08-20,Mercado,Web,3,37300.0,0.0
T004549,C00587,2024-09-11,Mercado,Web,3,31300.0,0.0
T008723,C01158,2023-10-16,Mercado,Web,2,34000.0,0.0
T004370,C00561,2024-11-02,Mercado,Web,2,38500.0,0.1
T010853,C01459,2025-03-01,Mercado,Tienda,1,80500.0,0.0
T002819,C00352,2023-11-15,Tecnología,Tienda,3,728600.0,0.1
T004750,C00608,2025-01-11,Moda,Tienda,3,222800.0,0.0
T005334,C00689,2024-08-06,Tecnología,App,1,706000.0,0.0
T007661,C01010,2025-02-07,Hogar,Tienda,2,115900.0,0.0
T010925,C01471,2024-09-12,Hogar,Tienda,2,108600.0,0.0
T010989,C01479,2023-10-22,Tecnología,App,3,1116900.0,0.0
T008435,C01119,2025-01-22,Belleza,App,2,113700.0,0.0
T007625,C01004,2023-10-23,Mercado,Tienda,2,42900.0,0.0
T003135,C00396,2024-05-01,Hogar,Tienda,1,83700.0,0.2
T003775,C00475,2024-05-22,Moda,App,1,117600.0,0.0
T009501,C01268,2024-12-22,Belleza,Tienda,3,85300.0,0.1
T007460,C00985,2024-10-07,Belleza,Tienda,2,51000.0,0.0
T007114,C00941,2024-08-22,Hogar,App,2,61400.0,0.2
T004362,C00559,2023-06-15,Mercado,Tienda,2,49100.0,0.0
T001178,C00149,2025-06-11,Hogar,Tienda,2,77400.0,0.3
T002881,C00361,2023-09-24,Mercado,App,3,48500.0,0.2
T008437,C01119,2023-08-29,Mercado,Web,2,54900.0,0.0
T001947,C00244,2024-07-03,Tecnología,Tienda,1,625800.0,0.0
T009168,C01218,2024-11-06,Hogar,Tienda,2,143400.0,0.0
T004000,C00509,2024-08-18,Tecnología,Tienda,3,611800.0,0.2
T008917,C01178,2024-03-11,Moda,App,2,126600.0,0.0
T010208,C01371,2024-03-30,Mercado,App,2,59400.0,0.1
T006355,C00833,2023-10-17,Tecnología,Tienda,2,455800.0,0.0
T005079,C00654,2024-07-10,Moda,Tienda,1,127900.0,0.0
T009205,C01224,2023-11-03,Hogar,Tienda,1,60200.0,0.0
T007559,C00996,2025-01-25,Moda,App,1,126900.0,0.0
T010301,C01382,2024-10-25,Mercado,App,1,48400.0,0.0
T001031,C00135,2025-05-30,Hogar,App,2,86400.0,0.0
T006035,C00784,2025-01-14,Mercado,Tienda,1,47600.0,0.0
T001206,C00154,2025-04-27,Hogar,Tienda,1,184200.0,0.0
T008238,C01092,2024-05-03,Belleza,Tienda,2,43200.0,0.0
T010851,C01459,2024-02-18,Moda,App,2,136900.0,0.0
T006077,C00789,2024-08-22,Hogar,Web,1,157000.0,0.0
T000617,C00079,2024-10-22,Belleza,Tienda,1,78300.0,0.1
T006366,C00835,2024-11-15,Belleza,Tienda,3,78300.0,0.0
T003375,C00427,2024-07-02,Belleza,Web,3,67100.0,0.0
T001255,C00160,2024-12-30,Moda,Tienda,2,168000.0,0.0
T009434,C01259,2025-03-15,Moda,Tienda,3,145900.0,0.1
T006501,C00854,2023-09-09,Hogar,Web,1,86500.0,0.0
T009326,C01248,2024-11-02,Mercado,App,1,69200.0,0.0
T001322,C00166,2025-02-20,Hogar,Tienda,3,114700.0,0.0
T004681,C00600,2024-05-29,Moda,Tienda,3,172600.0,0.0
T010903,C01468,2023-04-23,Mercado,App,1,51500.0,0.1
T003705,C00470,2024-02-10,Mercado,Tienda,1,47200.0,0.3
T002703,C00337,2025-06-19,Mercado,Web,3,47000.0,0.0
T007426,C00980,2025-06-18,Hogar,Web,3,67200.0,0.3
T002627,C00326,2025-06-10,Hogar,Tienda,2,169800.0,0.0
T005970,C00773,2024-12-23,Mercado,Tienda,2,34900.0,0.1
T001231,C00158,2024-08-22,Moda,App,2,201400.0,0.0
T004378,C00563,2025-02-26,Hogar,Web,3,117900.0,0.0
T005154,C00668,2025-02-21,Hogar,App,-1,95100.0,0.0
T008214,C01088,2024-12-26,Tecnología,Tienda,2,355200.0,0.1
T008570,C01133,2025-03-05,Hogar,Web,3,118600.0,0.1
T009474,C01265,2024-11-01,Hogar,Tienda,2,89200.0,0.1
T010888,C01466,2025-03-21,Mercado,Tienda,3,38600.0,0.0
T001912,C00239,2024-06-24,Mercado,Tienda,2,52800.0,0.0
T003308,C00418,2025-02-25,Moda,Tienda,1,110700.0,0.0
T005363,C00693,2025-01-22,Mercado,Tienda,1,53600.0,0.0
T000040,C00004,2025-03-25,Mercado,Tienda,1,39900.0,0.0
T001368,C00171,2024-01-28,Mercado,Tienda,2,55500.0,0.0
T006627,C00874,2024-11-16,Mercado,Tienda,2,44700.0,0.0
T000319,C00039,2024-10-31,Moda,Tienda,3,170300.0,0.0
T008912,C01177,2025-04-09,Belleza,Tienda,3,38800.0,0.2
T000360,C00045,2024-07-23,Mercado,Tienda,1,33000.0,0.0
T005901,C00762,2024-04-17,Belleza,Tienda,1,88800.0,0.0
T001310,C00165,2024-04-14,Belleza,App,1,127300.0,0.0
T008067,C01068,2024-08-31,Mercado,App,3,47000.0,0.0
T007821,C01029,2025-06-19,Tecnología,App,2,911500.0,0.0
T003668,C00464,2024-08-06,Hogar,App,2,128700.0,0.3
T001447,C00182,2024-09-20,Tecnología,Tienda,3,400500.0,0.3
T000092,C00011,2024-08-22,Hogar,App,2,115300.0,0.0
T007161,C00947,2024-12-20,Moda,App,1,90000.0,0.0
T008712,C01155,2025-03-21,Hogar,App,3,177400.0,0.0
T001382,C00172,2025-01-13,Moda,Tienda,3,191300.0,0.0
T004724,C00604,2024-04-14,Mercado,Tienda,2,32500.0,0.0
T005287,C00684,2025-01-07,Mercado,Tienda,2,47300.0,0.0
T002635,C00328,2023-11-15,Belleza,App,2,67400.0,0.0
T007854,C01033,2025-02-23,Moda,App,3,185000.0,0.0
T009824,C01321,2024-03-25,Tecnología,App,2,785000.0,0.0
T003409,C00429,2024-07-15,Belleza,Tienda,3,50000.0,0.0
T000690,C00084,2023-10-22,Belleza,Tienda,3,55500.0,0.0
T000823,C00107,2024-09-16,Tecnología,App,1,614300.0,0.1
T003534,C00443,2024-09-27,Tecnología,App,1,491600.0,0.1
T005336,C00689,2024-08-06,Moda,Tienda,2,154200.0,0.0
T006898,C00914,2024-09-21,Belleza,Tienda,2,79200.0,0.0
T003161,C00400,2024-05-21,Hogar,Tienda,2,168800.0,0.0
T007745,C01017,2025-02-20,Mercado,Tienda,3,80700.0,0.0
T004905,C00634,2025-04-11,Mercado,Web,3,27100.0,0.0
T005128,C00662,2025-05-24,Mercado,Web,3,49500.0,0.0
T003036,C00381,2024-10-05,Moda,App,2,208500.0,0.0
T010173,C01365,2025-04-18,Mercado,Tienda,3,48200.0,0.0
T007272,C00961,2025-03-01,Moda,Tienda,1,164900.0,0.0
T010678,C01437,2025-05-26,Moda,App,2,154100.0,0.0
T007784,C01024,2024-07-12,Tecnología,Tienda,3,703400.0,0.0
T000481,C00060,2023-05-24,Mercado,Tienda,3,34000.0,0.0
T004281,C00551,2024-10-24,Mercado,Tienda,-1,40300.0,0.0
T009981,C01341,2023-10-23,Mercado,Tienda,3,23700.0,0.0
T005176,C00671,2024-06-28,Hogar,Web,3,141600.0,0.0
T006465,C00849,2024-02-27,Hogar,Web,2,120200.0,0.0
T010368,C01390,2024-12-12,Belleza,Tienda,3,92800.0,0.0
T007952,C01051,2024-05-28,Mercado,App,3,53600.0,0.0
T005787,C00749,2025-01-14,Hogar,App,3,89400.0,0.0
T006371,C00836,2025-04-25,Mercado,Tienda,3,24500.0,0.0
T001113,C00140,2023-10-23,Belleza,Web,-1,59500.0,0.0
T002398,C00303,2023-12-29,Moda,Tienda,1,100300.0,0.0
T000073,C00007,2024-07-10,Mercado,Tienda,3,51100.0,0.0
T004514,C00584,2023-11-04,Mercado,Tienda,1,72800.0,0.2
T006803,C00899,2024-12-08,Hogar,Tienda,2,79500.0,0.0
T007197,C00951,2024-06-29,Tecnología,Web,2,242100.0,0.0
T007968,C01054,2024-04-29,Mercado,App,1,37300.0,0.0
T009749,C01312,2025-02-14,Moda,Web,1,128000.0,0.0
T002326,C00289,2025-03-07,Tecnología,App,2,679100.0,0.0
T009819,C01320,2025-02-21,Mercado,App,3,54400.0,0.0
T009422,C01256,2024-09-21,Mercado,App,2,16500.0,0.3
T001714,C00214,2023-03-30,Belleza,Web,2,108300.0,0.0
T000356,C00044,2023-12-12,Tecnología,App,3,367200.0,0.3
T006255,C00817,2024-03-29,Mercado,Web,3,57400.0,0.3
T004583,C00591,2024-03-14,Mercado,Tienda,2,40000.0,0.3
T002875,C00360,2025-06-08,Belleza,Tienda,2,40600.0,0.0
T010517,C01412,2025-03-09,Mercado,App,2,47400.0,0.1
T006831,C00903,2024-11-03,Mercado,Web,3,50400.0,0.2
T001290,C00163,2025-04-13,Hogar,App,1,151500.0,0.0
T002930,C00366,2024-12-29,Mercado,Tienda,1,32400.0,0.3
T006080,C00789,2024-08-22,Tecnología,Tienda,1,745800.0,0.0
T008809,C01164,2024-01-21,Belleza,Web,1,106500.0,0.0
T000992,C00129,2025-06-28,Tecnología,Web,1,535900.0,0.0
T002281,C00285,2024-08-01,Mercado,Tienda,3,32000.0,0.3
T002201,C00275,2025-03-04,Mercado,Tienda,1,41200.0,0.0
T007485,C00987,2024-06-14,Moda,Web,3,254400.0,0.0
T009595,C01282,2025-05-02,Hogar,Tienda,2,97800.0,0.0
T007340,C00969,2023-12-13,Belleza,Tienda,3,65600.0,0.0
T005133,C00664,2024-04-01,Mercado,Web,1,38000.0,0.0
T005203,C00673,2024-05-20,Mercado,Tienda,3,35700.0,0.0
T002040,C00257,2024-02-24,Belleza,Web,3,39300.0,0.0
T007409,C00977,2023-07-01,Moda,App,3,173900.0,0.0
T007435,C00981,2024-07-09,Moda,Web,3,211900.0,0.0
T010142,C01362,2024-05-11,Mercado,Tienda,3,31600.0,0.0
T006383,C00837,2024-08-22,Mercado,Tienda,3,17300.0,0.0
T007314,C00967,2024-12-20,Mercado,App,3,30500.0,0.0
T009581,C01279,2024-01-31,Hogar,App,1,38900.0,0.0
T001818,C00230,2024-05-29,Mercado,Tienda,2,52000.0,0.0
T010784,C01448,2025-03-09,Tecnología,App,2,466700.0,0.1
T004243,C00544,2025-05-05,Hogar,Tienda,2,92100.0,0.1
T000401,C00049,2024-09-03,Mercado,App,2,37700.0,0.0
T002844,C00356,2023-08-19,Mercado,Tienda,1,32400.0,0.0
T004541,C00585,2024-04-16,Hogar,Tienda,2,49400.0,0.0
T006859,C00907,2023-09-25,Mercado,Tienda,2,47500.0,0.0
T000749,C00096,2025-02-08,Mercado,Tienda,1,36800.0,0.0
T006324,C00826,2024-06-05,Moda,App,1,67700.0,0.3
T002449,C00306,2025-03-07,Moda,Tienda,1,165900.0,0.0
T002642,C00330,2023-10-26,Hogar,Tienda,3,167900.0,0.2
T006945,C00917,2024-08-28,Mercado,App,2,67300.0,0.0
T005654,C00729,2024-12-02,Tecnología,App,3,880000.0,0.3
T004846,C00626,2025-02-22,Belleza,Tienda,1,78300.0,0.2
T006844,C00905,2024-02-09,Mercado,Tienda,3,45000.0,0.0
T006166,C00802,2024-10-31,Hogar,Tienda,3,158900.0,0.0
T009204,C01224,2023-05-11,Belleza,Web,3,94000.0,0.1
T010917,C01470,2025-04-10,Mercado,Tienda,1,46200.0,0.0
T001277,C00162,2024-10-06,Mercado,Tienda,1,56700.0,0.0
T008027,C01061,2025-01-11,Moda,Tienda,1,133200.0,0.0
T002448,C00306,2023-09-03,Belleza,Tienda,3,37800.0,0.0
T007601,C01001,2023-12-27,Belleza,App,3,64800.0,0.1
T002730,C00340,2023-09-05,Mercado,Tienda,2,70700.0,0.0
T000826,C00107,2025-04-07,Mercado,Tienda,1,59700.0,0.0
T001086,C00139,2025-06-14,Hogar,Tienda,2,89600.0,0.3
T000618,C00079,2023-06-19,Hogar,Tienda,1,83200.0,0.0
T000024,C00002,2024-04-17,Tecnología,Tienda,3,471400.0,0.3
T001052,C00136,2024-07-12,Hogar,App,3,92300.0,0.0
T002428,C00305,2024-05-01,Belleza,Web,3,68500.0,0.0
T000252,C00029,2023-11-12,Moda,Tienda,3,86300.0,0.2
T009697,C01300,2025-04-14,Moda,App,2,65000.0,0.0
T000189,C00021,2025-05-09,Moda,Tienda,3,145600.0,0.0
T000046,C00004,2024-12-11,Mercado,App,1,39000.0,0.0
T002953,C00368,2025-02-23,Hogar,Tienda,1,110800.0,0.0
T007607,C01002,2023-09-30,Belleza,Tienda,2,95200.0,0.1
T004495,C00581,2025-04-12,Hogar,Web,2,124200.0,0.0
T000866,C00113,2024-11-26,Mercado,Tienda,3,42800.0,0.0
T010217,C01372,2025-03-23,Mercado,Web,3,66200.0,0.0
T001933,C00242,2025-02-10,Mercado,App,3,38000.0,0.0
T000947,C00121,2023-11-13,Hogar,App,1,113300.0,0.3
T003477,C00435,2023-04-05,Mercado,Tienda,1,48000.0,0.0
T007644,C01007,2025-04-20,Hogar,Tienda,1,106600.0,0.0
T003066,C00385,2024-09-27,Belleza,App,3,97400.0,0.0
T006818,C00901,2024-11-19,Hogar,Tienda,3,53100.0,0.1
T010054,C01353,2025-03-08,Belleza,Tienda,3,84200.0,0.0
T003908,C00494,2023-04-30,Hogar,App,2,143600.0,0.2
T003592,C00452,2025-05-04,Mercado,App,1,23000.0,0.0
T005750,C00745,2024-04-10,Mercado,Tienda,2,55300.0,0.0
T002491,C00311,2024-05-02,Mercado,Web,1,23500.0,0.0
T001617,C00203,2024-09-26,Mercado,Tienda,2,71900.0,0.0
T010726,C01441,2024-09-19,Mercado,Tienda,1,37100.0,0.1
T009800,C01319,2024-04-02,Mercado,Tienda,1,35400.0,0.0
T005155,C00668,2024-12-08,Moda,App,2,142000.0,0.3
T008195,C01085,2025-06-23,Hogar,Tienda,3,172500.0,0.0
T000385,C00047,2025-01-17,Moda,Tienda,2,195100.0,0.0
T010711,C01441,2025-01-23,Mercado,App,3,42600.0,0.3
T008146,C01080,2024-10-08,Tecnología,Web,1,286700.0,0.0
T000185,C00021,2025-02-06,Mercado,App,1,26900.0,0.0
T002132,C00265,2024-09-26,Mercado,App,3,54000.0,0.0
T003224,C00409,2024-01-02,Hogar,Tienda,2,68500.0,0.0
T006142,C00799,2023-11-08,Moda,Tienda,3,148700.0,0.0
T004523,C00584,2024-05-09,Belleza,Tienda,2,74600.0,0.0
T004566,C00589,2024-11-13,Tecnología,App,1,453700.0,0.0
T004346,C00557,2024-06-14,Moda,App,3,122800.0,0.0
T010445,C01403,2024-12-14,Mercado,Tienda,3,50900.0,0.0
T005406,C00702,2023-09-06,Mercado,Web,2,31200.0,0.0
T010902,C01468,2023-09-12,Belleza,Tienda,2,91500.0,0.0
T005082,C00655,2024-07-19,Moda,App,2,124900.0,0.0
T010258,C01377,2023-06-29,Belleza,Tienda,1,59300.0,0.1
T003328,C00422,2025-02-09,Belleza,Tienda,3,56600.0,0.2
T008316,C01102,2025-01-04,Hogar,Tienda,3,95300.0,0.0
T010913,C01470,2024-05-03,Hogar,Tienda,2,78500.0,0.3
T009513,C01270,2025-03-26,Mercado,Web,3,44100.0,0.0
T011038,C01486,2025-01-04,Moda,App,3,156400.0,0.2
T010323,C01383,2024-07-19,Belleza,App,2,79800.0,0.0
T009321,C01247,2025-05-21,Hogar,App,3,130700.0,0.0
T006157,C00801,2025-01-18,Belleza,Tienda,2,60500.0,0.0
T005862,C00759,2024-03-07,Moda,App,3,200900.0,0.0
T003768,C00474,2023-11-17,Moda,Tienda,3,213700.0,0.2
T005985,C00775,2025-01-31,Moda,Tienda,2,159000.0,0.0
T000861,C00112,2024-02-21,Belleza,Web,2,77100.0,0.0
T006439,C00845,2025-05-06,Belleza,Tienda,1,50300.0,0.0
T001358,C00170,2024-07-04,Tecnología,Tienda,3,429700.0,0.0
T009182,C01220,2023-11-06,Mercado,Web,1,46700.0,0.0
T008408,C01113,2025-04-04,Hogar,Web,2,90500.0,0.0
T000977,C00129,2025-02-13,Hogar,Tienda,2,130400.0,0.2
T006212,C00810,2024-09-04,Hogar,Tienda,2,139600.0,0.1
T000199,C00022,2023-12-23,Moda,Web,3,121800.0,0.0
T002118,C00265,2025-04-30,Moda,App,1,144100.0,0.0
T001752,C00219,2024-08-16,Belleza,Tienda,2,47500.0,0.0
T003955,C00500,2025-05-20,Moda,App,1,138400.0,0.0
T003950,C00499,2024-01-11,Belleza,Tienda,3,77500.0,0.0
T003182,C00402,2024-09-07,Mercado,Tienda,1,49700.0,0.0
T000649,C00082,2025-04-16,Mercado,App,1,57100.0,0.1
T005037,C00648,2024-08-17,Tecnología,Tienda,1,456900.0,0.2
T001412,C00175,2024-06-08,Hogar,Tienda,3,118600.0,0.0
T005568,C00721,2023-07-14,Mercado,App,2,45000.0,0.0
T006004,C00777,2024-08-29,Moda,Web,2,160500.0,0.0
T006152,C00801,2024-03-15,Moda,Tienda,1,125600.0,0.0
T009556,C01275,2023-09-21,Moda,Tienda,1,144800.0,0.3
T010490,C01409,2023-09-04,Tecnología,Tienda,1,879100.0,0.1
T004746,C00608,2024-05-19,Mercado,Tienda,3,48300.0,0.0
T003195,C00405,2024-10-28,Tecnología,Web,3,1210100.0,0.0
T004573,C00590,2023-10-17,Hogar,Web,3,62700.0,0.0
T006544,C00862,2024-07-16,Moda,App,2,86100.0,0.0
T006053,C00786,2024-01-29,Tecnología,Web,3,555900.0,0.3
T002465,C00308,2025-02-08,Hogar,Tienda,2,68700.0,0.0
T003203,C00406,2024-03-11,Tecnología,App,2,812600.0,0.0
T001261,C00161,2024-10-10,Moda,App,3,100800.0,0.0
T002593,C00323,2024-12-20,Mercado,Tienda,3,36000.0,0.0
T003336,C00423,2024-11-24,Mercado,Tienda,3,37100.0,0.0
T010616,C01426,2024-09-30,Mercado,Tienda,3,37500.0,0.1
T003617,C00457,2024-05-30,Mercado,Tienda,1,44000.0,0.1
T000710,C00090,2023-10-03,Mercado,Web,3,70400.0,0.0
T006758,C00895,2024-09-01,Tecnología,App,1,368700.0,0.0
T006233,C00813,2024-11-23,Hogar,Tienda,3,140700.0,0.2
T004051,C00518,2025-06-14,Mercado,App,2,34200.0,0.0
T006260,C00818,2025-02-01,Belleza,Tienda,2,100300.0,0.0
T001375,C00172,2024-07-19,Moda,App,3,178000.0,0.1
T004345,C00557,2025-03-21,Mercado,App,2,70500.0,0.3
T008188,C01085,2024-07-07,Belleza,Web,2,33500.0,0.0
T000641,C00082,2024-09-23,Mercado,App,2,25400.0,0.2
T000554,C00069,2024-01-12,Moda,Web,2,173500.0,0.0
T002565,C00319,2023-09-18,Mercado,Tienda,2,53800.0,0.0
T004312,C00553,2024-04-17,Moda,Web,2,179100.0,0.0
T004944,C00639,2023-11-06,Mercado,Tienda,1,40200.0,0.3
T010855,C01459,2023-12-31,Belleza,Tienda,2,30200.0,0.0
T006129,C00797,2023-06-28,Belleza,Web,3,34300.0,0.0
T006445,C00846,2024-02-23,Hogar,App,3,71500.0,0.0
T009511,C01270,2024-11-01,Mercado,Tienda,2,37400.0,0.3
T011001,C01480,2025-05-12,Belleza,Tienda,1,85200.0,0.0
T003446,C00434,2024-08-31,Hogar,App,1,86800.0,0.0
T005159,C00669,2025-06-02,Belleza,Tienda,3,49900.0,0.1
T002996,C00373,2024-08-06,Hogar,Tienda,2,131100.0,0.0
T008369,C01111,2023-04-18,Mercado,App,1,18100.0,0.3
T004836,C00624,2025-05-21,Moda,Web,2,,0.1
T007174,C00950,2024-08-03,Moda,Tienda,3,115800.0,0.3
T004721,C00604,2023-12-31,Hogar,Tienda,3,121900.0,0.3
T007216,C00954,2024-05-30,Mercado,Tienda,3,50400.0,0.0
T006636,C00876,2023-12-02,Tecnología,Tienda,3,712100.0,0.0
T008973,C01188,2025-01-29,Belleza,App,3,59900.0,0.0
T003216,C00407,2024-04-12,Hogar,Tienda,1,154600.0,0.0
T001286,C00163,2023-09-17,Tecnología,Web,3,472500.0,0.0
T007338,C00968,2024-03-26,Tecnología,Web,3,873900.0,0.1
T010461,C01406,2023-09-15,Hogar,Web,1,169500.0,0.0
T007178,C00950,2024-07-21,Mercado,Web,3,56600.0,0.2
T004871,C00630,2025-03-06,Moda,Tienda,2,135800.0,0.0
T008200,C01086,2025-02-13,Moda,App,1,109800.0,0.0
T000461,C00057,2024-07-25,Mercado,Tienda,1,51300.0,0.1
T003425,C00431,2023-09-09,Hogar,Web,3,132400.0,0.0
T009644,C01290,2024-10-23,Belleza,Web,2,71100.0,0.2
T005028,C00647,2025-02-23,Mercado,App,1,63700.0,0.0
T006426,C00843,2024-02-02,Mercado,Tienda,1,47000.0,0.0
T010710,C01440,2024-07-19,Mercado,Tienda,2,18100.0,0.0
T009459,C01263,2024-09-30,Mercado,Tienda,2,49500.0,0.0
T006594,C00869,2023-06-04,Belleza,Tienda,2,67000.0,0.0
T002064,C00259,2024-05-06,Moda,App,2,107800.0,0.2
T006249,C00816,2024-09-16,Mercado,App,3,72400.0,0.0
T000651,C00082,2024-09-24,Belleza,Tienda,2,101700.0,0.0
T002974,C00371,2024-02-15,Mercado,Tienda,3,45000.0,0.1
T004239,C00543,2024-01-13,Moda,Web,2,149700.0,0.2
T000722,C00092,2024-12-12,Mercado,Tienda,1,20900.0,0.1
T005519,C00715,2024-10-06,Mercado,App,1,38800.0,0.0
T006464,C00849,2024-02-09,Mercado,Tienda,2,34000.0,0.0
T003188,C00404,2024-11-11,Mercado,App,3,66700.0,0.0
T008740,C01158,2025-01-22,Hogar,Web,1,109800.0,0.0
T002803,C00348,2024-12-31,Mercado,App,2,44100.0,0.0
T009041,C01199,2025-03-27,Mercado,App,3,30900.0,0.0
T003080,C00388,2024-08-18,Moda,Tienda,1,117700.0,0.1
T003507,C00438,2025-01-22,Mercado,Tienda,1,41300.0,0.0
T007651,C01007,2025-02-01,Moda,Tienda,3,77800.0,0.0
T001920,C00240,2025-05-04,Mercado,Tienda,1,60200.0,0.0
T009867,C01324,2023-07-07,Tecnología,App,2,384500.0,0.0
T005887,C00760,2024-02-09,Tecnología,Tienda,3,387000.0,0.0
T000877,C00114,2024-11-19,Belleza,Tienda,1,66300.0,0.0
T007484,C00987,2025-05-19,Moda,Tienda,3,189000.0,0.0
T004242,C00543,2023-07-12,Belleza,Tienda,1,86000.0,0.0
T006977,C00921,2023-12-16,Mercado,App,3,49400.0,0.3
T009745,C01311,2023-12-06,Mercado,App,2,33000.0,0.0
T007455,C00985,2024-05-20,Mercado,Web,3,39500.0,0.0
T001452,C00183,2024-05-02,Mercado,App,3,64200.0,0.1
T006309,C00823,2023-10-01,Hogar,Tienda,1,125400.0,0.3
T008023,C01061,2024-07-12,Mercado,Tienda,3,38300.0,0.0
T005597,C00724,2025-05-23,Tecnología,Tienda,2,963900.0,0.0
T010766,C01447,2024-09-10,Belleza,App,2,41500.0,0.0
T000596,C00075,2023-09-01,Tecnología,Tienda,1,871600.0,0.2
T001935,C00242,2024-11-24,Moda,Tienda,3,132600.0,0.2
T001811,C00230,2024-09-03,Mercado,Tienda,1,52900.0,0.2
T002809,C00350,2025-01-23,Hogar,App,1,136800.0,0.0
T005936,C00768,2024-04-28,Hogar,Web,2,135500.0,0.0
T004162,C00532,2025-05-02,Belleza,App,3,98200.0,0.1
T005506,C00714,2024-03-27,Moda,App,1,101700.0,0.0
T002655,C00332,2024-09-02,Hogar,Tienda,1,112700.0,0.0
T002690,C00335,2024-03-20,Hogar,Tienda,2,135200.0,0.0
T006939,C00917,2025-05-27,Tecnología,App,1,795900.0,0.0
T009277,C01239,2024-06-01,Mercado,Tienda,1,61600.0,0.0
T008500,C01126,2024-12-16,Belleza,Web,1,86800.0,0.0
T005015,C00646,2024-06-25,Mercado,Tienda,1,13200.0,0.1
T002025,C00255,2024-03-20,Mercado,Tienda,3,54300.0,0.0
T005215,C00673,2025-03-29,Mercado,Tienda,1,55000.0,0.0
T008413,C01114,2024-05-10,Tecnología,Web,2,850800.0,0.0
T008005,C01059,2024-09-14,Mercado,Web,3,60200.0,0.0
T003968,C00502,2025-04-15,Mercado,App,1,30400.0,0.0
T004438,C00570,2024-08-13,Mercado,App,3,65500.0,0.0
T010424,C01397,2024-08-03,Moda,Tienda,1,162700.0,0.0
T002126,C00265,2025-02-26,Tecnología,App,2,681800.0,0.0
T003302,C00418,2025-01-09,Hogar,Tienda,2,64100.0,0.2
T002031,C00256,2024-12-15,Moda,Tienda,3,165900.0,0.3
T007777,C01023,2024-06-04,Belleza,Tienda,2,54700.0,0.0
T006531,C00859,2024-03-16,Moda,Web,3,177500.0,0.0
T007564,C00997,2024-07-22,Mercado,App,1,49400.0,0.0
T009680,C01297,2024-11-13,Mercado,Tienda,2,61800.0,0.1
T001461,C00184,2025-04-05,Mercado,Tienda,1,57400.0,0.3
T004751,C00608,2024-10-24,Mercado,Tienda,3,37300.0,0.0
T000702,C00086,2025-03-30,Hogar,Tienda,3,139000.0,0.3
T009064,C01203,2024-07-07,Hogar,App,1,101700.0,0.0
T011126,C01499,2024-12-19,Hogar,Tienda,3,195000.0,0.3
T003192,C00405,2025-03-17,Tecnología,App,1,634000.0,0.0
T001106,C00140,2023-10-18,Belleza,Tienda,1,64100.0,0.0
T009222,C01226,2025-02-03,Mercado,Tienda,2,40400.0,0.2
T009582,C01279,2023-08-13,Mercado,Tienda,3,57700.0,0.3
T004803,C00618,2024-09-28,Hogar,Tienda,2,157800.0,0.0
T003254,C00411,2023-06-11,Hogar,Tienda,1,66600.0,0.0
T008703,C01153,2024-07-10,Hogar,Tienda,3,88300.0,0.2
T001345,C00169,2025-05-25,Belleza,Web,3,41700.0,0.0
T000051,C00004,2024-05-10,Mercado,Tienda,2,45600.0,0.0
T009432,C01258,2024-12-11,Belleza,Tienda,3,55000.0,0.0
T005680,C00734,2025-03-10,Mercado,App,1,35400.0,0.0
T000578,C00074,2025-01-26,Mercado,Tienda,1,29700.0,0.2
T008778,C01160,2023-09-24,Belleza,Web,3,75300.0,0.0
T000240,C00028,2024-01-31,Mercado,Web,3,45100.0,0.0
T007220,C00955,2025-02-27,Mercado,Tienda,3,37700.0,0.0
T005022,C00646,2024-12-19,Belleza,App,1,75100.0,0.1
T009689,C01298,2024-06-30,Mercado,Web,2,53400.0,0.0
T000260,C00030,2023-10-05,Mercado,Tienda,3,28100.0,0.0
T007581,C01001,2024-02-23,Mercado,Web,2,27000.0,0.3
T009762,C01312,2024-11-23,Mercado,Tienda,3,47300.0,0.0
T009419,C01256,2025-03-05,Belleza,Tienda,3,88900.0,0.0
T002120,C00265,2023-11-01,Mercado,Tienda,1,51000.0,0.0
T004962,C00640,2024-08-31,Moda,Web,3,128600.0,0.0
T005623,C00727,2024-01-27,Hogar,Tienda,2,75100.0,0.3
T004303,C00552,2024-08-01,Hogar,App,3,142300.0,0.2
T011125,C01499,2024-05-31,Mercado,Web,1,29300.0,0.0
T009492,C01267,2025-04-20,Mercado,App,3,30400.0,0.0
T000329,C00041,2024-08-26,Hogar,Tienda,3,118700.0,0.0
T010599,C01424,2024-12-01,Hogar,Tienda,1,152400.0,0.1
T003345,C00424,2024-04-28,Mercado,Web,2,40200.0,0.0
T008205,C01086,2025-03-31,Mercado,Web,2,15700.0,0.0
T008977,C01189,2024-05-28,Mercado,App,1,32200.0,0.0
T008944,C01182,2024-08-18,Hogar,Web,1,89600.0,0.0
T004930,C00637,2024-05-06,Moda,Tienda,2,169600.0,0.0
T007001,C00924,2023-10-10,Belleza,Tienda,2,80400.0,0.1
T011082,C01493,2024-02-11,Belleza,App,3,61300.0,0.0
T006396,C00838,2024-05-08,Hogar,Tienda,2,154400.0,0.0
T002239,C00281,2024-12-10,Moda,Web,3,150500.0,0.0
T010777,C01447,2024-08-30,Hogar,Web,2,136000.0,0.0
T011136,C01500,2024-03-03,Belleza,App,3,58000.0,0.0
T008249,C01094,2024-08-04,Moda,Tienda,2,150200.0,0.0
T008993,C01193,2025-01-28,Mercado,Tienda,1,62900.0,0.0
T000369,C00046,2025-03-24,Hogar,Tienda,3,117100.0,0.0
T000660,C00083,2024-03-15,Hogar,App,1,84200.0,0.0
T005371,C00696,2025-01-06,Mercado,Tienda,3,32700.0,0.0
T010277,C01380,2024-06-22,Mercado,Tienda,3,27300.0,0.0
T001991,C00250,2025-04-20,Mercado,Web,3,41100.0,0.0
T010733,C01442,2024-09-20,Mercado,Tienda,2,40700.0,0.3
T005324,C00689,2024-08-06,Tecnología,Tienda,1,868700.0,0.0
T007735,C01017,2024-07-21,Mercado,Web,1,40200.0,0.0
T003165,C00401,2024-08-21,Tecnología,Web,3,451700.0,0.0
T007464,C00986,2024-04-27,Belleza,Web,2,66200.0,0.1
T003797,C00477,2025-02-24,Mercado,Tienda,2,41000.0,0.0
T000099,C00011,2025-02-19,Mercado,Tienda,3,39600.0,0.0
T006512,C00855,2024-10-06,Mercado,Web,3,38200.0,0.2
T005043,C00649,2023-09-21,Mercado,Web,1,65000.0,0.0
T003554,C00446,2025-03-17,Hogar,Web,3,83800.0,0.0
T006973,C00920,2025-05-16,Hogar,Tienda,2,111600.0,0.0
T008735,C01158,2024-06-04,Hogar,App,3,120000.0,0.0
T000623,C00080,2025-04-19,Mercado,Tienda,2,63400.0,0.0
T005513,C00715,2024-12-25,Mercado,Tienda,1,35600.0,0.0
T004002,C00510,2023-11-23,Mercado,App,3,24300.0,0.0
T000896,C00115,2024-03-06,Belleza,Tienda,3,77700.0,0.0
T002891,C00361,2024-04-08,Moda,Tienda,3,123800.0,0.0
T008903,C01177,2024-03-06,Hogar,Web,3,81800.0,0.0
T005023,C00646,2024-04-03,Moda,Tienda,2,134900.0,0.0
T004658,C00599,2024-09-26,Mercado,App,2,39400.0,0.2
T007152,C00945,2025-05-27,Hogar,Tienda,3,167900.0,0.0
T002787,C00346,2023-10-07,Mercado,Tienda,1,63200.0,0.0
T007528,C00993,2023-06-25,Mercado,Web,2,33400.0,0.2
T008557,C01133,2025-04-13,Tecnología,Tienda,2,856800.0,0.0
T010419,C01397,2023-10-28,Mercado,App,2,26500.0,0.0
T000033,C00003,2023-10-20,Mercado,Tienda,3,65700.0,0.2
T010334,C01384,2024-04-08,Moda,App,1,180000.0,0.0
T008764,C01159,2025-01-07,Belleza,Web,1,78100.0,0.0
T006773,C00896,2024-08-04,Mercado,App,1,69200.0,0.0
T000730,C00093,2024-09-18,Belleza,App,2,52300.0,0.3
T008356,C01108,2023-09-22,Moda,Tienda,2,219500.0,0.0
T004758,C00610,2024-11-25,Hogar,App,3,201300.0,0.3
T006356,C00833,2023-06-24,Mercado,Web,3,59700.0,0.0
T003279,C00414,2024-08-19,Mercado,Tienda,3,60300.0,0.0
T008819,C01164,2024-05-18,Mercado,Web,2,8200.0,0.0
T008619,C01139,2024-05-22,Belleza,Tienda,3,85000.0,0.2
T004601,C00593,2024-01-26,Tecnología,Tienda,3,587300.0,0.0
T001700,C00212,2023-08-27,Moda,Tienda,1,91000.0,0.0
T009260,C01235,2024-09-16,Moda,App,2,149700.0,0.1
T005572,C00721,2023-06-16,Mercado,Web,1,55200.0,0.2
T009379,C01253,2024-05-12,Moda,App,2,109600.0,0.0
T005253,C00677,2025-04-04,Mercado,Web,1,37400.0,0.0
T007465,C00986,2025-05-06,Mercado,Tienda,1,39200.0,0.0
T004191,C00536,2024-03-02,Moda,App,3,106400.0,0.0
T008934,C01182,2025-06-02,Belleza,App,2,72500.0,0.0
T003796,C00477,2025-04-28,Mercado,App,2,41400.0,0.0
T008197,C01085,2025-03-29,Hogar,App,2,66400.0,0.0
T002037,C00257,2024-09-02,Hogar,Web,2,65200.0,0.0
T004491,C00580,2025-03-23,Mercado,App,3,45100.0,0.0
T001816,C00230,2023-11-06,Mercado,Tienda,2,29300.0,0.0
T003151,C00399,2024-05-11,Moda,Web,3,107200.0,0.0
T006572,C00867,2024-08-06,Belleza,Tienda,2,64200.0,0.0
T000687,C00084,2023-06-28,Mercado,Web,1,14200.0,0.0
T007809,C01028,2025-06-22,Tecnología,App,2,827400.0,0.0
T001033,C00135,2024-06-11,Hogar,Tienda,1,36900.0,0.0
T009871,C01324,2024-11-30,Moda,App,2,83200.0,0.2
T003514,C00440,2024-06-08,Moda,Web,1,169700.0,0.0
T003528,C00442,2024-04-01,Mercado,App,2,67700.0,0.0
T009897,C01328,2025-01-27,Moda,Web,3,132100.0,0.0
T008282,C01099,2024-05-17,Hogar,Tienda,3,106100.0,0.0
T009237,C01230,2025-05-24,Moda,Web,1,187100.0,0.0
T008236,C01092,2024-12-06,Mercado,Tienda,1,49000.0,0.0
T003893,C00491,2024-06-10,Mercado,Tienda,1,44100.0,0.0
T001817,C00230,2025-04-22,Mercado,Tienda,2,47400.0,0.0
T004231,C00541,2024-07-07,Belleza,Tienda,2,117200.0,0.0
T005196,C00672,2023-11-20,Hogar,App,3,151300.0,0.2
T006183,C00805,2024-03-17,Hogar,Tienda,3,142100.0,0.2
T010806,C01454,2023-10-05,Hogar,Tienda,3,124800.0,0.0
T004946,C00639,2023-11-24,Mercado,Tienda,3,27000.0,0.0
T001055,C00136,2024-11-20,Belleza,Tienda,1,83200.0,0.2
T000302,C00037,2023-09-30,Belleza,Tienda,3,67300.0,0.1
T004037,C00518,2025-06-21,Moda,Tienda,3,154800.0,0.0
T010743,C01442,2024-08-21,Moda,Tienda,2,202200.0,0.0
T010864,C01461,2025-06-15,Mercado,Web,3,56800.0,0.0
T002792,C00347,2024-12-20,Tecnología,Tienda,1,812200.0,0.0
T006649,C00876,2024-11-06,Mercado,Web,2,32100.0,0.0
T008226,C01091,2023-09-10,Mercado,Tienda,1,33600.0,0.0
T002989,C00371,2023-10-04,Mercado,App,1,59700.0,0.0
T000011,C00002,2024-08-04,Moda,Tienda,3,179500.0,0.2
T005592,C00724,2024-12-30,Hogar,Tienda,1,84100.0,0.2
T002489,C00311,2024-11-05,Belleza,App,1,87400.0,0.0
T008935,C01182,2025-05-26,Moda,App,3,148800.0,0.0
T001098,C00140,2023-11-18,Mercado,Tienda,1,52400.0,0.0
T004642,C00597,2025-06-12,Hogar,Tienda,2,154700.0,0.0
T009944,C01335,2023-04-15,Hogar,Web,1,129500.0,0.0
T002841,C00356,2023-12-15,Belleza,Tienda,1,106700.0,0.0
T008638,C01142,2025-03-24,Mercado,App,2,82800.0,0.0
T008639,C01142,2025-02-07,Moda,Tienda,1,159800.0,0.0
T007611,C01003,2024-09-10,Belleza,Tienda,1,59000.0,0.0
T006394,C00838,2024-08-30,Mercado,Tienda,1,37800.0,0.0
T004435,C00570,2024-07-31,Belleza,App,3,50700.0,0.0
T007652,C01008,2024-09-18,Mercado,Tienda,2,52200.0,0.0
T001224,C00157,2024-09-16,Mercado,App,2,27800.0,0.0
T003456,C00434,2024-03-31,Mercado,Tienda,3,35400.0,0.0
T004380,C00564,2023-08-08,Mercado,Tienda,2,36700.0,0.0
T002500,C00313,2025-02-25,Hogar,Tienda,2,102900.0,0.0
T002033,C00256,2023-06-28,Mercado,App,2,31800.0,0.0
T005549,C00720,2024-10-24,Hogar,App,3,90100.0,0.0
T010351,C01387,2023-09-24,Hogar,Web,1,94800.0,0.0
T001550,C00194,2024-06-02,Belleza,Tienda,3,73600.0,0.1
T005853,C00758,2023-09-07,Mercado,Tienda,3,53100.0,0.0
T008342,C01106,2024-12-24,Belleza,Tienda,3,89400.0,0.0
T008757,C01159,2025-01-15,Moda,App,2,161600.0,0.0
T002568,C00319,2024-03-19,Mercado,App,3,54100.0,0.0
T003986,C00506,2024-12-18,Mercado,Web,3,53900.0,0.0
T003199,C00405,2024-05-25,Hogar,App,1,165300.0,0.2
T000223,C00025,2025-01-10,Hogar,Tienda,3,125100.0,0.0
T009125,C01212,2025-01-31,Mercado,Tienda,3,19000.0,0.0
T000650,C00082,2024-12-02,Mercado,Tienda,3,18200.0,0.0
T009974,C01340,2025-01-19,Hogar,Tienda,3,168400.0,0.2
T000527,C00065,2023-11-06,Mercado,Web,1,37700.0,0.0
T006417,C00842,2024-03-16,Moda,App,2,108700.0,0.3
T000952,C00121,2024-01-23,Mercado,Tienda,1,27600.0,0.3
T005515,C00715,2024-10-15,Mercado,Web,1,41800.0,0.0
T002644,C00331,2024-06-19,Hogar,Tienda,1,107500.0,0.2
T005299,C00685,2025-04-03,Hogar,Tienda,2,134400.0,0.0
T000355,C00044,2024-05-01,Mercado,Web,3,52100.0,0.1
T004778,C00612,2023-07-21,Hogar,Tienda,1,95000.0,0.0
T004307,C00552,2024-07-29,Moda,App,2,59400.0,0.1
T002548,C00317,2024-08-16,Moda,Tienda,1,139400.0,0.0
T005894,C00761,2025-03-05,Moda,App,2,136500.0,0.0
T004170,C00532,2025-02-04,Moda,Tienda,2,112800.0,0.0
T001165,C00146,2025-01-19,Hogar,Tienda,1,132900.0,0.0
T005492,C00713,2025-04-02,Hogar,Web,3,203200.0,0.0
T009395,C01254,2024-06-18,Mercado,Tienda,1,67200.0,0.0
T010074,C01355,2024-02-23,Hogar,Tienda,1,134000.0,0.0
T002711,C00338,2025-02-07,Mercado,Web,2,27200.0,0.0
T010484,C01409,2023-10-19,Mercado,Web,3,49400.0,0.0
T002873,C00359,2024-07-15,Hogar,Web,1,141100.0,0.1
T009218,C01226,2025-01-30,Mercado,Tienda,2,40300.0,0.0
T008113,C01075,2023-11-03,Tecnología,App,3,557800.0,0.0
T000812,C00103,2023-07-31,Mercado,App,2,34800.0,0.0
T007876,C01037,2023-06-28,Mercado,Web,1,33200.0,0.0
T011073,C01492,2023-11-27,Mercado,Tienda,1,37400.0,0.2
T005389,C00699,2024-04-23,Hogar,Tienda,1,113100.0,0.0
T003280,C00414,2024-07-01,Belleza,Tienda,1,78600.0,0.0
T008104,C01073,2025-02-08,Mercado,App,1,48300.0,0.0
T004273,C00549,2024-11-23,Mercado,App,2,44800.0,0.0
T008011,C01060,2024-01-18,Hogar,Tienda,3,146300.0,0.0
T004229,C00540,2025-06-11,Mercado,Tienda,2,49700.0,0.0
T006385,C00838,2024-12-26,Hogar,App,2,135300.0,0.2
T006929,C00917,2025-05-22,Moda,Tienda,2,151000.0,0.0
T005637,C00728,2024-08-26,Mercado,Tienda,2,39300.0,0.0
T005372,C00696,2024-04-18,Mercado,App,3,45900.0,0.0
T005190,C00671,2024-10-05,Mercado,App,2,54500.0,0.0
T001383,C00172,2024-02-05,Hogar,App,1,205800.0,0.0
T006487,C00852,2023-07-15,Hogar,Web,3,162500.0,0.0
T004896,C00632,2025-06-16,Mercado,App,3,20100.0,0.0
T006912,C00914,2024-12-07,Hogar,Tienda,3,160000.0,0.2
T003822,C00482,2025-05-20,Moda,Tienda,1,205200.0,0.0
T008646,C01143,2024-12-27,Mercado,Tienda,1,58300.0,0.2
T008151,C01081,2024-08-31,Mercado,Tienda,1,61400.0,0.0
T007070,C00938,2025-05-22,Tecnología,App,2,494500.0,0.0
T006263,C00818,2025-01-08,Tecnología,App,2,532300.0,0.3
T001407,C00174,2025-01-11,Mercado,Tienda,3,36600.0,0.3
T002368,C00300,2024-11-22,Moda,Tienda,2,194300.0,0.3
T007159,C00946,2024-06-15,Hogar,App,1,108500.0,0.0
T008448,C01119,2024-08-24,Belleza,Tienda,1,33300.0,0.0
T003571,C00449,2024-03-06,Mercado,Tienda,1,51800.0,0.0
T002631,C00327,2024-08-25,Tecnología,App,1,1031600.0,0.2
T000121,C00015,2025-01-01,Belleza,Web,3,88600.0,0.0
T007621,C01004,2024-01-29,Hogar,Web,2,118300.0,0.2
T007718,C01016,2024-10-09,Hogar,Tienda,2,118300.0,0.0
T002915,C00364,2024-06-21,Tecnología,Tienda,1,518100.0,0.0
T001041,C00135,2025-02-08,Mercado,Web,3,30800.0,0.0
T006811,C00901,2024-05-11,Mercado,Tienda,1,52700.0,0.0
T003126,C00395,2023-08-12,Mercado,Web,3,58500.0,0.3
T002038,C00257,2024-03-14,Mercado,Tienda,2,45600.0,0.1
T000087,C00009,2024-09-15,Moda,Web,1,179500.0,0.1
T007134,C00942,2024-01-29,Mercado,Tienda,3,35300.0,0.0
T006802,C00899,2024-10-11,Mercado,Tienda,3,47600.0,0.0
T007392,C00976,2025-01-29,Mercado,Web,2,38200.0,0.0
T007790,C01025,2025-02-03,Hogar,Web,3,98600.0,0.0
T000724,C00092,2023-10-16,Belleza,Tienda,3,75700.0,0.0
T007437,C00981,2024-04-22,Tecnología,App,1,630100.0,0.0
T004641,C00597,2023-04-08,Mercado,App,3,51200.0,0.0
T009678,C01297,2025-02-25,Belleza,App,3,126500.0,0.1
T008497,C01126,2023-07-07,Moda,Web,3,209900.0,0.0
T007648,C01007,2024-10-05,Mercado,Web,3,33300.0,0.0
T000181,C00021,2023-10-19,Hogar,Tienda,3,162400.0,0.2
T001439,C00181,2024-11-29,Belleza,App,3,109500.0,0.3
T007139,C00942,2024-01-28,Mercado,App,1,49700.0,0.0
T000507,C00063,2024-08-21,Hogar,Tienda,3,162200.0,0.0
T009518,C01271,2023-10-30,Hogar,Tienda,3,153700.0,0.2
T006451,C00846,2023-12-26,Mercado,Tienda,3,59700.0,0.1
T000900,C00115,2025-04-20,Hogar,Web,2,104500.0,0.0
T009624,C01288,2024-12-21,Mercado,App,2,66700.0,0.0
T002014,C00252,2023-05-19,Mercado,Web,3,42300.0,0.0
T009792,C01318,2024-10-08,Mercado,App,3,54100.0,0.2
T010596,C01423,2024-10-22,Tecnología,Tienda,3,545600.0,0.0
T001238,C00158,2024-08-15,Moda,Web,1,147600.0,0.0
T008185,C01085,2024-12-22,Mercado,Tienda,3,38900.0,0.0
T005360,C00693,2023-06-02,Hogar,App,3,111200.0,0.1
T006397,C00838,2024-06-28,Moda,App,2,133800.0,0.2
T000225,C00026,2024-08-27,Hogar,Tienda,1,134300.0,0.0
T004973,C00641,2024-06-17,Moda,Tienda,3,159900.0,0.0
T005272,C00680,2024-08-06,Mercado,Web,3,52000.0,0.0
T006256,C00817,2025-03-30,Moda,Tienda,3,200200.0,0.0
T007146,C00944,2025-06-12,Mercado,Tienda,1,52000.0,0.0
T004787,C00613,2025-02-21,Belleza,Web,3,52100.0,0.0
T009672,C01295,2024-03-07,Mercado,Tienda,1,41300.0,0.3
T004144,C00529,2024-03-18,Hogar,App,2,99400.0,0.0
T007125,C00942,2024-07-09,Mercado,App,1,37700.0,0.2
T004230,C00540,2025-02-19,Mercado,Tienda,1,45000.0,0.0
T004556,C00588,2024-10-02,Belleza,Web,2,63100.0,0.0
T003178,C00402,2024-05-04,Hogar,Tienda,3,149000.0,0.0
T002981,C00371,2023-07-05,Hogar,App,2,131700.0,0.0
T008002,C01059,2024-08-14,Belleza,Tienda,3,49900.0,0.0
T003519,C00440,2024-05-09,Mercado,Tienda,1,14200.0,0.0
T010330,C01384,2024-08-25,Moda,Tienda,1,146400.0,0.0
T004684,C00600,2024-06-29,Hogar,App,3,136300.0,0.3
T005192,C00671,2024-08-21,Mercado,Web,1,59200.0,0.0
T005323,C00688,2023-11-24,Mercado,Tienda,1,13200.0,0.0
T001456,C00184,2025-05-02,Mercado,App,1,49700.0,0.3
T002477,C00309,2024-05-07,Mercado,Tienda,1,63100.0,0.0
T004520,C00584,2023-10-19,Hogar,Tienda,2,145700.0,0.3
T000601,C00077,2025-05-26,Mercado,App,2,49800.0,0.0
T002966,C00369,2025-01-14,Mercado,Web,1,42100.0,0.0
T000701,C00086,2024-03-16,Moda,Tienda,2,57900.0,0.0
T001631,C00205,2025-06-08,Belleza,App,3,72800.0,0.0
T011021,C01483,2023-03-17,Moda,App,1,142700.0,0.0
T005087,C00656,2024-10-11,Moda,Tienda,2,139000.0,0.0
T007044,C00932,2024-11-11,Mercado,Tienda,2,59600.0,0.3
T001279,C00163,2023-10-26,Hogar,Tienda,1,61700.0,0.1
T000228,C00026,2024-10-27,Tecnología,App,2,856200.0,0.0
T003637,C00461,2024-06-01,Belleza,Tienda,2,80300.0,0.0
T002797,C00347,2025-06-17,Moda,Web,3,228400.0,0.0
T000111,C00013,2024-06-16,Mercado,App,2,37200.0,0.0
T003416,C00429,2023-12-03,Moda,App,1,151600.0,0.0
T010291,C01381,2024-08-19,Mercado,Tienda,2,56100.0,0.0
T008283,C01099,2025-04-22,Hogar,Tienda,3,118600.0,0.0
T004322,C00554,2024-12-14,Hogar,App,2,124400.0,0.0
T008544,C01131,2025-05-15,Hogar,Tienda,1,78900.0,0.0
T001066,C00137,2025-04-03,Mercado,Tienda,2,20600.0,0.0
T001607,C00202,2024-04-13,Moda,Tienda,2,187500.0,0.0
T003189,C00404,2024-04-05,Belleza,App,3,49000.0,0.0
T002278,C00285,2023-12-24,Hogar,Tienda,2,109400.0,0.1
T005650,C00728,2024-06-09,Mercado,Web,1,44000.0,0.0
T007109,C00941,2024-11-07,Belleza,Tienda,3,76700.0,0.0
T010696,C01440,2024-07-19,Mercado,App,2,49600.0,0.0
T002970,C00370,2024-02-28,Moda,Web,1,139700.0,0.0
T001458,C00184,2025-03-19,Mercado,Web,1,34800.0,0.0
T008402,C01113,2024-03-05,Hogar,Web,1,100000.0,0.3
T001462,C00184,2025-02-23,Hogar,Tienda,3,129100.0,0.0
T010332,C01384,2025-04-27,Mercado,Web,2,62200.0,0.0
T008761,C01159,2025-05-01,Mercado,Tienda,3,9300.0,0.1
T010312,C01383,2024-09-17,Hogar,Tienda,3,139700.0,0.0
T000395,C00049,2024-02-11,Mercado,Tienda,1,46800.0,0.2
T005528,C00717,2025-03-31,Mercado,Tienda,1,47900.0,0.0
T006065,C00787,2024-09-09,Mercado,App,1,25100.0,0.0
T010530,C01413,2024-06-15,Hogar,Tienda,3,137100.0,0.0
T002007,C00252,2025-05-09,Mercado,App,3,45500.0,0.0
T007802,C01026,2024-07-06,Mercado,Web,3,45100.0,0.0
T010591,C01422,2023-12-30,Belleza,Tienda,3,37500.0,0.0
T009874,C01325,2023-04-29,Moda,Web,2,156200.0,0.0
T004547,C00587,2024-08-09,Belleza,App,1,110400.0,0.0
T000802,C00102,2024-06-07,Mercado,App,2,38200.0,0.0
T008652,C01145,2023-09-04,Mercado,Tienda,3,40200.0,0.0
T000595,C00075,2024-01-08,Mercado,Web,1,78000.0,0.0
T002993,C00372,2025-04-23,Hogar,Tienda,2,125600.0,0.0
T010576,C01420,2023-03-26,Mercado,App,1,64300.0,0.3
T008675,C01150,2023-10-26,Mercado,App,1,53800.0,0.0
T000496,C00062,2024-11-12,Mercado,App,2,44600.0,0.1
T009371,C01253,2024-06-22,Moda,App,1,161600.0,0.0
T001089,C00139,2025-05-14,Belleza,Tienda,2,48800.0,0.0
T003532,C00442,2024-03-29,Belleza,Web,2,76000.0,0.0
T000976,C00128,2025-06-07,Mercado,App,2,46600.0,0.0
T006403,C00839,2023-11-20,Moda,Web,3,221500.0,0.0
T004404,C00567,2024-03-25,Moda,Tienda,3,195000.0,0.3
T008784,C01161,2025-02-12,Belleza,Tienda,3,53700.0,0.0
T010693,C01439,2024-08-25,Mercado,Tienda,2,41500.0,0.0
T002140,C00267,2025-03-27,Mercado,Tienda,1,18000.0,0.0
T005244,C00677,2024-11-12,Mercado,Web,3,38000.0,0.1
T000987,C00129,2024-10-11,Moda,App,3,95900.0,0.2
T003194,C00405,2025-05-05,Moda,Tienda,2,128900.0,0.0
T003202,C00406,2024-09-09,Mercado,Tienda,3,58400.0,0.0
T001862,C00235,2025-04-07,Moda,Tienda,1,166700.0,0.0
T009528,C01272,2024-03-31,Tecnología,Tienda,3,611300.0,0.0
T000938,C00119,2024-10-18,Mercado,Tienda,3,52000.0,0.0
T003260,C00413,2023-07-29,Hogar,App,2,157200.0,0.0
T004878,C00630,2023-11-19,Tecnología,Tienda,3,818300.0,0.0
T008310,C01101,2024-12-19,Mercado,Web,1,58300.0,0.2
T007413,C00978,2024-06-30,Hogar,App,1,140000.0,0.0
T004557,C00588,2024-04-16,Mercado,Web,1,63300.0,0.0
T008873,C01174,2024-10-22,Moda,App,1,129700.0,0.0
T005702,C00738,2024-04-09,Hogar,Web,1,165800.0,0.0
T003040,C00381,2023-02-24,Moda,Tienda,1,223100.0,0.1
T002225,C00280,2024-03-03,Mercado,Tienda,1,38300.0,0.0
T003818,C00481,2024-03-31,Belleza,Tienda,3,46400.0,0.0
T006744,C00893,2025-03-17,Mercado,Tienda,2,39100.0,0.2
T004611,C00594,2024-03-29,Hogar,Tienda,2,92900.0,0.0
T005830,C00755,2024-10-10,Hogar,App,1,112200.0,0.0
T005635,C00728,2024-09-21,Mercado,App,1,65400.0,0.0
T001661,C00207,2024-03-22,Hogar,App,2,105000.0,0.0
T009818,C01320,2023-12-25,Belleza,Web,1,79700.0,0.0
T000713,C00091,2025-01-19,Tecnología,Tienda,1,723600.0,0.0
T010006,C01346,2024-06-27,Belleza,App,1,74100.0,0.0
T005377,C00696,2025-06-13,Mercado,Web,3,66900.0,0.0
T002613,C00325,2025-05-28,Mercado,Web,1,59000.0,0.0
T003573,C00449,2025-03-25,Mercado,App,3,54900.0,0.0
T006905,C00914,2024-11-18,Mercado,App,1,32400.0,0.0
T005078,C00654,2024-12-08,Moda,Tienda,3,198500.0,0.1
T001738,C00218,2024-05-30,Mercado,Web,1,67900.0,0.0
T009374,C01253,2025-05-19,Mercado,App,3,62400.0,0.0
T006041,C00785,2025-01-23,Mercado,Tienda,2,40800.0,0.0
T007725,C01016,2024-06-09,Hogar,Web,1,137900.0,0.0
T005538,C00718,2024-11-17,Moda,App,2,115800.0,0.2
T007012,C00925,2025-05-27,Mercado,App,3,28300.0,0.0
T000282,C00033,2024-11-08,Moda,Tienda,1,189400.0,0.0
T006599,C00870,2024-04-01,Moda,App,3,91400.0,0.0
T004889,C00631,2024-06-09,Mercado,Web,2,41200.0,0.0
T008523,C01128,2024-06-04,Mercado,App,3,36300.0,0.0
T008920,C01178,2024-03-11,Moda,Web,3,135700.0,0.3
T003317,C00421,2024-11-27,Hogar,Tienda,2,100000.0,0.1
T005687,C00735,2023-09-08,Moda,Web,3,187600.0,0.0
T010381,C01392,2023-11-03,Hogar,Tienda,3,146100.0,0.0
T010646,C01433,2025-03-06,Mercado,Web,3,49300.0,0.0
T011104,C01496,2024-09-17,Mercado,App,2,48000.0,0.0
T007348,C00969,2025-02-03,Hogar,Web,2,106600.0,0.1
T004097,C00525,2024-01-14,Hogar,Tienda,1,117000.0,0.0
T000643,C00082,2024-08-12,Mercado,App,3,59900.0,0.0
T009311,C01244,2024-03-20,Mercado,App,2,52700.0,0.0
T008122,C01077,2025-01-03,Hogar,Tienda,1,117300.0,0.0
T006018,C00780,2024-10-05,Mercado,Tienda,1,62200.0,0.0
T010111,C01359,2024-03-17,Hogar,App,3,96400.0,0.0
T008073,C01069,2025-04-09,Hogar,Web,1,69300.0,0.0
T004497,C00581,2024-05-23,Moda,App,3,125500.0,0.0
T010360,C01389,2025-01-07,Mercado,Tienda,1,33900.0,0.0
T000934,C00119,2024-07-30,Mercado,Tienda,1,34300.0,0.0
T007867,C01035,2025-04-15,Hogar,App,2,85400.0,0.3
T010754,C01446,2024-02-09,Belleza,App,1,101800.0,0.0
T003567,C00449,2024-11-30,Mercado,Web,2,61800.0,0.0
T007717,C01016,2024-08-21,Mercado,App,3,40100.0,0.0
T006639,C00876,2024-06-05,Hogar,App,2,65300.0,0.0
T005399,C00700,2025-05-21,Tecnología,Web,2,818500.0,0.0
T001346,C00169,2024-09-06,Moda,Tienda,2,172300.0,0.0
T000587,C00075,2024-06-08,Hogar,Tienda,1,114700.0,0.1
T007524,C00993,2023-12-31,Mercado,Tienda,1,45300.0,0.0
T008621,C01139,2024-01-12,Moda,App,1,136300.0,0.3
T010734,C01442,2024-11-14,Belleza,Tienda,2,82500.0,0.0
T005050,C00651,2025-06-20,Mercado,Tienda,1,36600.0,0.0
T000743,C00095,2024-11-19,Hogar,Web,2,88900.0,0.3
T002624,C00326,2025-03-17,Moda,Web,2,280300.0,0.0
T009195,C01223,2023-10-15,Belleza,Tienda,3,75400.0,0.0
T004515,C00584,2023-12-04,Hogar,Tienda,2,104400.0,0.0
T007538,C00994,2024-12-11,Belleza,Tienda,1,35300.0,0.2
T010144,C01363,2024-02-09,Tecnología,App,3,553400.0,0.0
T011046,C01487,2024-08-21,Belleza,Web,3,65300.0,0.0
T000811,C00103,2024-04-21,Mercado,Web,2,73500.0,0.0
T010321,C01383,2024-04-11,Hogar,Tienda,1,153900.0,0.0
T001501,C00189,2025-02-05,Mercado,Web,3,43600.0,0.0
T002139,C00267,2025-01-12,Hogar,Tienda,1,153400.0,0.0
T005968,C00773,2024-04-25,Mercado,Tienda,2,40600.0,0.3
T006604,C00871,2024-03-04,Hogar,App,2,154200.0,0.1
T008734,C01158,2024-12-01,Moda,Tienda,2,170900.0,0.3
T000611,C00078,2025-05-26,Belleza,App,3,101400.0,0.0
T003350,C00425,2024-06-18,Mercado,App,3,35500.0,0.0
T007240,C00957,2024-01-30,Hogar,App,2,75100.0,0.3
T004779,C00612,2024-10-07,Hogar,Tienda,3,158600.0,0.1
T005981,C00774,2025-01-16,Mercado,App,1,50300.0,0.0
T010840,C01458,2024-11-17,Mercado,App,1,40500.0,0.0
T011118,C01499,2025-04-07,Mercado,App,1,37300.0,0.0
T005959,C00770,2023-11-23,Tecnología,Tienda,3,649700.0,0.2
T004784,C00613,2025-04-18,Mercado,Tienda,1,32100.0,0.3
T008598,C01137,2023-12-26,Mercado,Tienda,2,73100.0,0.0
T004849,C00627,2023-03-22,Hogar,Tienda,1,81500.0,0.0
T004728,C00605,2024-10-02,Mercado,App,2,33300.0,0.0
T010457,C01405,2024-06-25,Mercado,Tienda,3,59600.0,0.0
T010315,C01383,2023-09-17,Hogar,Tienda,2,134200.0,0.0
T002879,C00361,2024-01-22,Moda,App,3,213300.0,0.0
T002860,C00358,2024-07-03,Belleza,App,1,83600.0,0.0
T005825,C00755,2023-09-08,Mercado,Tienda,2,41300.0,0.0
T000791,C00101,2024-06-17,Hogar,Web,2,127800.0,0.3
T003925,C00497,2024-04-11,Belleza,App,2,55700.0,0.0
T001024,C00134,2023-12-13,Mercado,Web,1,50400.0,0.2
T007157,C00946,2024-06-15,Moda,Web,3,223600.0,0.0
T002167,C00271,2025-03-03,Tecnología,Tienda,1,826700.0,0.0
T001864,C00235,2025-05-21,Moda,Tienda,1,126700.0,0.2
T002878,C00361,2024-05-13,Mercado,App,1,28400.0,0.1
T003774,C00475,2025-02-07,Tecnología,Tienda,2,682100.0,0.0
T008451,C01120,2023-11-16,Mercado,Tienda,2,62900.0,0.0
T001350,C00169,2024-07-16,Belleza,App,3,79900.0,0.0
T004608,C00594,2024-04-03,Moda,Tienda,2,92800.0,0.0
T006101,C00792,2025-06-08,Belleza,Tienda,3,67300.0,0.0
T004258,C00546,2024-11-07,Hogar,App,2,153700.0,0.3
T010708,C01440,2024-07-19,Mercado,Web,2,43100.0,0.0
T010514,C01412,2024-12-26,Hogar,Tienda,1,121700.0,0.0
T001902,C00237,2024-06-01,Hogar,Tienda,2,136100.0,0.0
T008475,C01123,2024-08-30,Mercado,Web,2,58300.0,0.2
T001552,C00194,2024-12-31,Belleza,App,1,34700.0,0.2
T007920,C01046,2025-03-05,Mercado,Tienda,2,55600.0,0.3
T004765,C00610,2024-08-18,Belleza,Web,1,67200.0,0.0
T004343,C00557,2024-11-18,Mercado,Tienda,1,33800.0,0.2
T006887,C00912,2025-04-20,Hogar,App,1,162600.0,0.1
T001009,C00131,2024-01-10,Belleza,Web,2,55100.0,0.0
T000637,C00082,2025-05-14,Tecnología,Tienda,2,657100.0,0.0
T009959,C01338,2023-07-19,Moda,Web,3,233100.0,0.0
T003450,C00434,2024-05-22,Mercado,App,2,25100.0,0.1
T004393,C00566,2025-06-12,Hogar,App,1,100200.0,0.0
T006745,C00893,2025-03-19,Hogar,Tienda,3,142500.0,0.0
T008988,C01192,2024-12-02,Tecnología,Tienda,3,523900.0,0.0
T000222,C00025,2024-04-02,Moda,Tienda,1,142500.0,0.0
T001940,C00243,2023-12-08,Hogar,Tienda,1,132300.0,0.0
T006153,C00801,2024-04-10,Mercado,Tienda,1,50600.0,0.0
T005578,C00722,2023-08-15,Mercado,App,1,38000.0,0.0
T009600,C01284,2024-06-04,Mercado,Web,3,29700.0,0.0
T002219,C00279,2025-02-18,Mercado,App,1,41200.0,0.0
T000169,C00020,2024-09-27,Mercado,Tienda,3,30700.0,0.0
T007417,C00979,2024-07-14,Moda,App,2,157500.0,0.0
T002611,C00325,2023-11-26,Mercado,App,1,61800.0,0.3
T002151,C00268,2024-05-28,Mercado,App,3,54700.0,0.0
T005245,C00677,2024-10-18,Mercado,Web,3,33300.0,0.0
T001287,C00163,2024-07-03,Hogar,Tienda,1,130700.0,0.0
T003915,C00496,2025-02-28,Mercado,Tienda,2,37200.0,0.0
T009507,C01269,2024-03-03,Mercado,App,3,39300.0,0.0
T003100,C00390,2025-01-23,Moda,Web,1,73200.0,0.1
T011050,C01488,2024-05-18,Hogar,Web,3,158500.0,0.0
T004761,C00610,2024-03-06,Moda,Web,2,203100.0,0.0
T000506,C00063,2023-07-28,Mercado,Tienda,3,51800.0,0.0
T006322,C00825,2024-12-14,Belleza,App,-1,55700.0,0.2
T001577,C00197,2024-02-25,Mercado,Tienda,3,36500.0,0.3
T003653,C00462,2024-05-23,Moda,Web,1,89600.0,0.0
T008588,C01136,2025-05-03,Mercado,App,1,48300.0,0.0
T007388,C00975,2024-10-29,Moda,App,2,,0.2
T007997,C01058,2025-05-10,Tecnología,Tienda,2,599200.0,0.0
T004482,C00580,2025-01-22,Hogar,App,3,86800.0,0.0
T009318,C01246,2024-03-04,Hogar,Tienda,3,78500.0,0.0
T001801,C00228,2025-03-02,Mercado,App,1,34500.0,0.0
T002514,C00315,2024-07-15,Mercado,App,1,26100.0,0.0
T009170,C01219,2024-01-13,Hogar,App,1,109700.0,0.0
T009020,C01195,2023-07-09,Mercado,Tienda,2,39500.0,0.3
T002131,C00265,2024-01-22,Moda,App,3,135100.0,0.0
T009743,C01311,2025-02-16,Hogar,App,3,146500.0,0.0
T002825,C00353,2025-05-08,Mercado,App,1,28100.0,0.0
T003448,C00434,2024-12-16,Hogar,Tienda,3,132500.0,0.0
T009987,C01342,2025-02-11,Hogar,Tienda,1,127800.0,0.0
T009807,C01320,2024-03-15,Hogar,App,1,79600.0,0.0
T007442,C00982,2025-01-20,Hogar,Web,2,137400.0,0.0
T005096,C00658,2023-10-23,Mercado,Tienda,1,26800.0,0.0
T004940,C00638,2024-09-01,Mercado,Web,2,64100.0,0.0
T009893,C01327,2025-05-11,Moda,Tienda,1,131800.0,0.0
T002418,C00304,2025-01-05,Hogar,Tienda,3,158500.0,0.2
T004240,C00543,2023-10-24,Mercado,Tienda,3,25700.0,0.0
T009489,C01267,2023-05-29,Moda,Tienda,2,96900.0,0.0
T007577,C01000,2024-09-28,Moda,Tienda,3,116100.0,0.0
T004965,C00640,2024-12-30,Mercado,Tienda,2,55300.0,0.1
T002063,C00259,2024-12-31,Tecnología,Tienda,1,950700.0,0.0
T002804,C00349,2023-09-08,Moda,App,3,124500.0,0.0
T003876,C00488,2024-09-02,Tecnología,App,1,802300.0,0.1
T002086,C00261,2024-12-06,Mercado,Tienda,3,39300.0,0.2
T006909,C00914,2024-12-08,Belleza,Web,2,43800.0,0.3
T007911,C01045,2025-05-05,Tecnología,Tienda,1,617400.0,0.2
T008341,C01106,2024-06-03,Moda,App,2,177700.0,0.0
T006641,C00876,2024-11-22,Mercado,Tienda,3,62300.0,0.3
T009797,C01318,2024-05-24,Hogar,Web,2,107500.0,0.0
T008874,C01174,2024-10-26,Hogar,Web,2,115700.0,0.0
T003945,C00499,2024-04-09,Mercado,Web,3,27600.0,0.3
T009365,C01252,2024-11-14,Mercado,Tienda,3,37300.0,0.2
T009022,C01195,2024-02-28,Moda,Tienda,1,78700.0,0.0
T011092,C01494,2024-08-19,Moda,Web,1,144400.0,0.0
T010584,C01421,2024-07-09,Hogar,Web,1,39100.0,0.0
T002923,C00365,2025-01-07,Mercado,App,2,28300.0,0.0
T001551,C00194,2025-04-11,Mercado,Tienda,2,48100.0,0.0
T010942,C01473,2024-02-15,Mercado,Tienda,3,43800.0,0.0
T007872,C01035,2025-01-20,Hogar,Web,3,139700.0,0.3
T003501,C00437,2024-08-23,Belleza,Tienda,2,101400.0,0.0
T009048,C01199,2025-03-28,Mercado,Web,2,62700.0,0.0
T006006,C00778,2024-12-10,Mercado,App,3,51100.0,0.0
T000396,C00049,2025-06-23,Tecnología,App,1,443900.0,0.0
T002096,C00262,2024-12-03,Mercado,Web,2,61000.0,0.1
T004503,C00582,2024-03-09,Mercado,Web,3,23400.0,0.3
T000691,C00084,2023-11-06,Mercado,Tienda,1,65100.0,0.0
T004087,C00524,2025-01-13,Hogar,Web,2,153300.0,0.0
T003724,C00471,2024-12-14,Hogar,Tienda,1,64800.0,0.0
T007980,C01056,2024-08-21,Tecnología,Web,2,391100.0,0.0
T008242,C01093,2025-05-04,Mercado,App,1,35000.0,0.1
T009641,C01290,2024-12-29,Hogar,Tienda,3,193600.0,0.0
T009295,C01243,2024-11-18,Mercado,Tienda,2,54900.0,0.0
T008517,C01128,2023-07-20,Mercado,Tienda,2,29900.0,0.0
T003677,C00465,2024-09-22,Moda,Tienda,3,162100.0,0.0
T008595,C01137,2024-04-10,Belleza,Tienda,3,50900.0,0.0
T001220,C00156,2025-05-01,Tecnología,Tienda,3,606300.0,0.0
T007425,C00980,2024-11-17,Mercado,App,1,59300.0,0.3
T005591,C00723,2025-04-16,Mercado,Tienda,3,33600.0,0.0
T007957,C01052,2023-11-23,Mercado,App,3,43100.0,0.0
T002080,C00261,2024-10-08,Belleza,App,1,66300.0,0.1
T004280,C00550,2024-09-11,Belleza,Web,2,56500.0,0.0
T008956,C01186,2024-10-17,Mercado,App,1,14300.0,0.0
T005782,C00749,2023-10-03,Mercado,Tienda,1,49800.0,0.0
T009626,C01288,2025-05-06,Belleza,Web,3,73900.0,0.0
T003292,C00416,2024-06-02,Mercado,Web,2,38400.0,0.0
T002371,C00301,2024-09-03,Moda,Tienda,1,131100.0,0.0
T010354,C01388,2025-05-01,Mercado,Tienda,2,74300.0,0.0
T004867,C00630,2024-03-12,Hogar,Web,3,129300.0,0.0
T008931,C01181,2023-04-05,Mercado,Tienda,3,50400.0,0.0
T001017,C00133,2025-05-17,Hogar,App,3,90800.0,0.0
T007298,C00965,2024-08-12,Mercado,Tienda,1,37900.0,0.0
T010716,C01441,2023-06-07,Mercado,App,2,42200.0,0.2
T001105,C00140,2023-07-14,Mercado,Tienda,2,69600.0,0.0
T008741,C01158,2024-01-03,Hogar,App,2,191100.0,0.0
T002776,C00345,2024-01-31,Mercado,Tienda,1,40700.0,0.0
T003515,C00440,2024-07-13,Mercado,Web,3,36500.0,0.0
T005016,C00646,2024-07-09,Tecnología,App,2,918900.0,0.0
T001196,C00154,2024-12-12,Hogar,Tienda,1,80000.0,0.0
T009547,C01274,2024-11-16,Mercado,App,3,55000.0,0.3
T000250,C00029,2024-07-20,Belleza,Tienda,2,52900.0,0.1
T009938,C01334,2025-05-15,Hogar,Tienda,2,71500.0,0.0
T002769,C00344,2024-05-07,Tecnología,Tienda,2,598700.0,0.0
T004731,C00605,2024-12-09,Mercado,Web,2,33300.0,0.0
T001669,C00208,2025-03-02,Hogar,Tienda,3,108800.0,0.0
T005414,C00703,2024-05-27,Mercado,Web,3,49900.0,0.0
T001546,C00193,2023-06-24,Hogar,App,3,76300.0,0.0
T010259,C01377,2023-03-17,Belleza,App,2,83500.0,0.0
T007168,C00948,2025-01-15,Hogar,Tienda,1,105000.0,0.0
T002917,C00364,2024-09-23,Mercado,Tienda,2,70400.0,0.0
T005374,C00696,2025-03-21,Moda,Web,1,196600.0,0.0
T000082,C00008,2025-01-15,Mercado,App,3,36000.0,0.2
T009573,C01277,2024-05-28,Mercado,Tienda,1,26600.0,0.0
T002573,C00321,2024-07-06,Mercado,Web,1,62300.0,0.0
T009255,C01235,2023-07-24,Mercado,Tienda,1,50900.0,0.0
T003601,C00453,2024-06-25,Mercado,Tienda,3,35100.0,0.0
T008889,C01176,2023-09-22,Hogar,App,2,108000.0,0.0
T004594,C00592,2024-05-07,Hogar,Tienda,1,147600.0,0.0
T006720,C00886,2024-10-09,Hogar,App,1,146200.0,0.0
T009027,C01196,2024-09-21,Moda,Tienda,3,124000.0,0.2
T006002,C00776,2025-01-20,Mercado,App,2,52700.0,0.0
T004644,C00598,2025-05-27,Moda,Tienda,-1,86900.0,0.0
T001988,C00250,2024-12-27,Hogar,Web,3,143800.0,0.1
T008960,C01186,2025-02-01,Mercado,Tienda,1,64600.0,0.0
T002952,C00368,2023-08-30,Tecnología,App,2,646200.0,0.2
T005178,C00671,2024-11-07,Moda,Web,2,153900.0,0.3
T008742,C01158,2024-07-09,Tecnología,Tienda,3,644300.0,0.1
T009937,C01334,2024-01-21,Hogar,Tienda,3,75600.0,0.0
T005816,C00754,2024-12-26,Belleza,App,3,95900.0,0.2
T006535,C00860,2023-08-30,Tecnología,Tienda,2,414400.0,0.0
T001704,C00212,2024-04-10,Belleza,App,1,27900.0,0.0
T006486,C00851,2025-04-28,Moda,App,2,100000.0,0.0
T007102,C00940,2024-04-25,Mercado,Web,1,32400.0,0.3
T002004,C00251,2024-08-15,Belleza,Tienda,2,52300.0,0.0
T007763,C01020,2024-06-13,Hogar,Tienda,1,158600.0,0.2
T004050,C00518,2025-04-09,Belleza,Tienda,3,71100.0,0.3
T006705,C00884,2024-04-10,Moda,Tienda,3,231800.0,0.0
T006908,C00914,2024-10-17,Mercado,Web,3,58000.0,0.0
T003829,C00483,2025-04-22,Hogar,Tienda,2,137200.0,0.0
T004634,C00597,2023-12-20,Moda,Tienda,1,134100.0,0.1
T006812,C00901,2024-04-22,Hogar,App,1,135900.0,0.2
T007889,C01039,2024-05-10,Hogar,Tienda,2,85100.0,0.0
T006681,C00881,2023-12-11,Belleza,App,2,28800.0,0.0
T001579,C00198,2025-03-22,Mercado,App,3,57900.0,0.0
T006365,C00835,2024-11-17,Mercado,Tienda,3,35000.0,0.0
T009327,C01248,2023-06-25,Mercado,Tienda,1,30200.0,0.2
T008309,C01101,2024-12-06,Mercado,Web,3,30700.0,0.0
T005554,C00721,2023-04-29,Mercado,Tienda,3,28400.0,0.2
T010392,C01393,2024-08-10,Hogar,Tienda,1,183000.0,0.0
T010117,C01359,2025-02-23,Mercado,App,1,51700.0,0.0
T004552,C00587,2023-10-26,Hogar,App,3,97900.0,0.0
T008527,C01129,2023-07-07,Mercado,Tienda,3,23900.0,0.0
T006085,C00790,2025-04-27,Mercado,Tienda,2,45400.0,0.0
T010570,C01419,2024-05-18,Mercado,Tienda,3,48900.0,0.3
T006207,C00810,2025-01-05,Tecnología,Tienda,2,772900.0,0.0
T005212,C00673,2025-05-27,Tecnología,Tienda,3,597000.0,0.0
T006873,C00910,2023-08-18,Mercado,Web,1,42900.0,0.1
T004513,C00584,2023-10-21,Mercado,App,1,19500.0,0.0
T001563,C00196,2024-10-30,Belleza,Tienda,1,62300.0,0.0
T004472,C00578,2023-11-12,Mercado,Tienda,3,15700.0,0.1
T006143,C00800,2024-07-08,Belleza,Tienda,3,96500.0,0.0
T002943,C00367,2023-12-27,Moda,Tienda,3,194800.0,0.0
T002863,C00358,2025-04-28,Mercado,Web,1,46800.0,0.0
T008795,C01163,2024-08-22,Mercado,App,1,58200.0,0.0
T006765,C00896,2024-06-13,Mercado,Tienda,3,33200.0,0.2
T003273,C00414,2025-06-03,Mercado,Web,2,54700.0,0.2
T007014,C00926,2024-10-01,Belleza,Tienda,2,81000.0,0.2
T000146,C00018,2024-04-11,Mercado,Web,1,12500.0,0.0
T002406,C00303,2025-05-24,Tecnología,Tienda,1,718000.0,0.0
T006798,C00899,2025-03-25,Mercado,Tienda,2,59200.0,0.0
T002646,C00331,2024-03-09,Hogar,App,1,134000.0,0.0
T005769,C00748,2023-11-05,Hogar,Tienda,3,97100.0,0.0
T002034,C00256,2024-10-21,Belleza,App,1,107700.0,0.1
T008910,C01177,2025-06-15,Moda,Web,3,87500.0,0.3
T008564,C01133,2024-12-26,Mercado,Tienda,2,36800.0,0.3
T005557,C00721,2023-02-14,Belleza,App,2,72900.0,0.0
T002949,C00368,2024-05-27,Mercado,Tienda,2,58100.0,0.0
T008404,C01113,2024-01-04,Belleza,Web,3,111800.0,0.0
T006714,C00885,2023-12-05,Belleza,Tienda,2,90400.0,0.0
T003541,C00444,2023-10-22,Tecnología,Web,1,529700.0,0.0
T002255,C00283,2024-08-23,Hogar,Web,3,144600.0,0.3
T006718,C00886,2025-01-13,Mercado,Tienda,1,69800.0,0.0
T007364,C00972,2024-05-04,Tecnología,Web,2,790900.0,0.0
T009297,C01243,2024-03-16,Mercado,Tienda,2,16400.0,0.0
T002141,C00267,2025-03-29,Mercado,App,2,49600.0,0.0
T007151,C00945,2025-03-21,Mercado,Tienda,2,16200.0,0.0
T005581,C00722,2023-08-02,Mercado,App,1,53200.0,0.3
T000276,C00032,2023-09-24,Moda,App,2,105600.0,0.0
T002357,C00295,2024-10-19,Mercado,Web,2,68200.0,0.0
T008549,C01132,2025-01-13,Mercado,App,2,62700.0,0.0
T007787,C01024,2025-03-26,Hogar,Web,1,149700.0,0.2
T010348,C01387,2024-11-22,Mercado,Web,1,32700.0,0.1
T002296,C00286,2024-06-14,Mercado,App,3,40900.0,0.0
T007688,C01014,2025-05-25,Mercado,App,2,60800.0,0.0
T000740,C00095,2024-03-22,Hogar,Tienda,2,186100.0,0.0
T004704,C00603,2025-04-25,Mercado,Tienda,1,47600.0,0.0
T009571,C01277,2024-08-15,Mercado,Tienda,1,33400.0,0.3
T008736,C01158,2024-10-20,Belleza,Tienda,1,85600.0,0.0
T007112,C00941,2024-10-12,Moda,Web,3,198500.0,0.0
T007668,C01011,2024-10-20,Mercado,App,1,57500.0,0.0
T001143,C00145,2024-02-02,Mercado,Tienda,1,30500.0,0.0
T010723,C01441,2025-01-09,Hogar,Tienda,1,53100.0,0.3
T009847,C01323,2025-06-01,Belleza,Tienda,1,90700.0,0.0
T010088,C01355,2024-12-08,Belleza,Web,2,76200.0,0.0
T005613,C00726,2024-09-21,Hogar,Web,1,78200.0,0.0
T004762,C00610,2024-03-12,Hogar,App,1,146000.0,0.0
T006462,C00849,2023-12-30,Tecnología,App,1,591400.0,0.0
T010663,C01435,2025-05-26,Mercado,Tienda,3,52300.0,0.0
T005487,C00713,2024-08-01,Mercado,Tienda,2,21700.0,0.2
T003647,C00461,2024-07-10,Mercado,App,3,25900.0,0.0
T004279,C00550,2023-10-03,Hogar,Tienda,3,77800.0,0.0
T000247,C00029,2024-10-23,Moda,App,2,68800.0,0.0
T010554,C01416,2023-11-23,Hogar,App,1,147200.0,0.1
T008486,C01125,2023-09-09,Hogar,Tienda,2,108800.0,0.0
T005313,C00687,2023-12-05,Mercado,Web,2,31700.0,0.0
T005476,C00711,2024-02-05,Mercado,Tienda,1,61400.0,0.1
T007271,C00961,2025-05-16,Hogar,Web,2,146900.0,0.0
T002859,C00358,2025-06-10,Moda,App,2,124400.0,0.0
T006000,C00776,2024-01-26,Mercado,App,3,75500.0,0.0
T007961,C01053,2024-04-02,Mercado,Tienda,1,17300.0,0.0
T001673,C00208,2023-06-01,Moda,Web,1,182200.0,0.0
T001441,C00182,2024-07-11,Hogar,Tienda,2,126000.0,0.0
T010794,C01451,2024-03-29,Mercado,Tienda,2,70000.0,0.0
T003536,C00443,2025-03-02,Hogar,App,2,159300.0,0.0
T005213,C00673,2024-12-14,Moda,Web,3,62000.0,0.3
T005582,C00722,2023-12-28,Hogar,App,3,187000.0,0.2
T006280,C00820,2024-08-07,Mercado,Tienda,1,53900.0,0.0
T001957,C00246,2025-02-24,Mercado,Tienda,3,35000.0,0.0
T003721,C00471,2024-05-17,Mercado,Tienda,3,53600.0,0.0
T011109,C01497,2024-02-16,Belleza,Tienda,1,56400.0,0.0
T004298,C00552,2024-08-06,Mercado,Web,3,47800.0,0.0
T007239,C00957,2024-09-05,Moda,Web,2,112300.0,0.0
T009342,C01249,2024-11-15,Moda,Tienda,1,127500.0,0.0
T007368,C00972,2023-07-07,Moda,App,2,190400.0,0.0
T009320,C01246,2025-05-02,Hogar,Tienda,3,128400.0,0.0
T001564,C00196,2025-03-23,Belleza,Web,2,104200.0,0.0
T010265,C01378,2025-01-01,Hogar,Tienda,1,90600.0,0.0
T000380,C00047,2024-11-22,Tecnología,Web,3,898700.0,0.0
T006667,C00879,2025-05-23,Tecnología,Web,1,643500.0,0.0
T004619,C00594,2023-06-20,Belleza,App,1,67000.0,0.0
T000012,C00002,2024-09-05,Hogar,Web,3,127100.0,0.0
T007062,C00936,2025-05-24,Hogar,App,3,156800.0,0.0
T006195,C00809,2023-10-27,Mercado,App,2,58600.0,0.0
T002849,C00357,2025-01-24,Belleza,App,1,85800.0,0.0
T000850,C00110,2025-05-15,Mercado,Web,1,46100.0,0.0
T000745,C00095,2024-01-26,Mercado,App,1,43000.0,0.0
T009930,C01333,2024-12-02,Mercado,Tienda,2,58300.0,0.0
T008148,C01081,2025-05-03,Belleza,App,3,68300.0,0.0
T006320,C00825,2024-01-17,Mercado,App,2,38400.0,0.0
T004931,C00637,2024-05-15,Hogar,Tienda,3,171400.0,0.0
T005294,C00685,2025-06-22,Hogar,App,2,156400.0,0.0
T004756,C00609,2024-04-25,Mercado,App,2,32700.0,0.0
T001883,C00237,2024-07-05,Belleza,App,2,64800.0,0.3
T000115,C00014,2024-10-18,Mercado,Tienda,1,29700.0,0.3
T010847,C01459,2024-04-19,Hogar,Web,3,130000.0,0.1
T010615,C01426,2025-02-06,Mercado,Tienda,2,40500.0,0.0
T008823,C01165,2023-07-21,Mercado,Tienda,3,27200.0,0.0
T006484,C00851,2024-09-22,Mercado,Tienda,1,62800.0,0.0
T008302,C01100,2023-10-16,Mercado,App,3,53000.0,0.0
T009545,C01273,2024-10-01,Mercado,Tienda,3,46300.0,0.0
T008790,C01162,2024-05-19,Hogar,Tienda,3,143600.0,0.0
T009790,C01318,2025-04-17,Belleza,App,2,77700.0,0.3
T009466,C01265,2025-01-15,Mercado,Tienda,1,38000.0,0.0
T009588,C01281,2024-02-10,Belleza,Tienda,2,107800.0,0.3
T007592,C01001,2024-03-03,Belleza,Tienda,1,64300.0,0.0
T007432,C00980,2025-04-02,Mercado,App,2,69200.0,0.0
T009097,C01208,2024-02-12,Hogar,Web,1,149600.0,0.0
T002073,C00260,2023-05-04,Mercado,Tienda,1,68500.0,0.0
T006810,C00900,2024-02-17,Mercado,Tienda,2,56200.0,0.0
T010014,C01347,2024-06-28,Mercado,Tienda,1,26700.0,0.1
T004942,C00638,2025-03-28,Mercado,Tienda,2,42800.0,0.0
T004661,C00599,2024-07-24,Mercado,Web,1,33000.0,0.0
T001765,C00222,2024-07-30,Belleza,Tienda,3,49000.0,0.0
T001463,C00184,2024-06-06,Mercado,Web,3,58200.0,0.0
T002372,C00301,2023-09-19,Mercado,App,3,39600.0,0.0
T002345,C00292,2024-12-17,Belleza,Tienda,1,73200.0,0.1
T009026,C01196,2024-06-25,Mercado,Tienda,1,52900.0,0.0
T006380,C00836,2025-04-28,Mercado,App,2,44700.0,0.0
T001247,C00159,2024-02-10,Belleza,Tienda,1,79900.0,0.0
T004884,C00630,2024-01-23,Mercado,App,1,66300.0,0.0
T009486,C01267,2024-06-13,Moda,Web,3,192000.0,0.0
T003480,C00435,2023-04-25,Moda,Tienda,3,177600.0,0.0
T010687,C01438,2024-01-30,Moda,Tienda,1,220400.0,0.0
T001243,C00159,2024-06-27,Mercado,Tienda,2,55900.0,0.0
T000968,C00125,2024-08-14,Moda,App,2,234100.0,0.0
T001712,C00214,2024-11-29,Hogar,Tienda,2,172800.0,0.3
T004056,C00519,2024-03-05,Moda,Tienda,2,130100.0,0.0
T010152,C01363,2025-03-28,Mercado,App,3,77000.0,0.0
T003990,C00508,2024-09-22,Mercado,Tienda,3,58500.0,0.0
T006810,C00900,2024-02-17,Mercado,Tienda,2,56200.0,0.0
T005473,C00710,2024-07-04,Mercado,App,3,45800.0,0.0
T003268,C00414,2025-02-27,Mercado,App,3,36600.0,0.0
T008058,C01066,2024-08-22,Mercado,Tienda,3,62100.0,0.0
T007252,C00959,2023-10-04,Tecnología,Tienda,1,681900.0,0.0
T002263,C00283,2025-06-14,Mercado,App,1,33800.0,0.0
T006698,C00882,2023-10-10,Mercado,App,2,47800.0,0.2
T004091,C00524,2024-04-05,Mercado,Web,3,57600.0,0.0
T009100,C01209,2024-03-15,Moda,Tienda,2,214200.0,0.0
T001547,C00193,2023-07-08,Moda,Web,2,165000.0,0.0
T008859,C01172,2025-01-13,Tecnología,Tienda,1,662500.0,0.0
T004126,C00529,2023-10-12,Moda,Tienda,2,118000.0,0.0
T000744,C00095,2024-05-19,Mercado,Tienda,1,54800.0,0.0
T002665,C00333,2025-03-28,Hogar,Web,3,156500.0,0.3
T005066,C00652,2024-11-24,Mercado,Web,3,39700.0,0.0
T010622,C01427,2024-03-19,Moda,App,2,167300.0,0.0
T006932,C00917,2024-08-09,Mercado,Tienda,1,52400.0,0.0
T006311,C00824,2024-05-29,Mercado,Tienda,3,49500.0,0.0
T010324,C01383,2023-11-03,Belleza,Tienda,3,71300.0,0.0
T000750,C00096,2025-06-10,Hogar,Web,1,124800.0,0.0
T008353,C01108,2023-02-27,Hogar,App,1,134500.0,0.0
T000959,C00123,2025-01-23,Mercado,Tienda,3,45400.0,0.0
T002714,C00338,2025-04-28,Mercado,Web,2,25800.0,0.0
T001592,C00200,2024-06-09,Hogar,App,3,127300.0,0.0
T007124,C00942,2024-05-15,Mercado,App,3,63700.0,0.0
T003250,C00411,2024-12-17,Tecnología,Web,3,756300.0,0.2
T002788,C00346,2023-02-18,Hogar,Web,2,119600.0,0.0
T006712,C00885,2024-03-25,Mercado,Web,1,44100.0,0.0
T004227,C00540,2024-11-08,Belleza,Web,1,101200.0,0.0
T009147,C01216,2025-01-11,Belleza,App,1,73400.0,0.0
T004737,C00606,2024-02-22,Mercado,App,3,50700.0,0.0
T009259,C01235,2024-05-07,Belleza,App,1,94500.0,0.0
T000741,C00095,2024-02-01,Moda,Web,2,133800.0,0.3
T005553,C00721,2024-05-30,Mercado,App,2,63100.0,0.0
T009166,C01218,2024-06-14,Mercado,Tienda,3,52900.0,0.0
T001595,C00200,2024-06-09,Mercado,App,1,42300.0,0.0
T003710,C00470,2025-02-05,Mercado,App,2,26700.0,0.0
T009077,C01205,2024-01-11,Hogar,Tienda,1,43700.0,0.0
T008791,C01163,2025-02-06,Mercado,Tienda,1,43000.0,0.0
T002399,C00303,2023-09-30,Belleza,Web,1,59600.0,0.0
T010290,C01381,2024-04-01,Moda,Tienda,2,238800.0,0.0
T003821,C00482,2024-06-24,Moda,Tienda,1,182300.0,0.0
T010473,C01408,2023-10-23,Hogar,Web,1,93100.0,0.0
T007558,C00996,2025-05-11,Mercado,Tienda,3,58700.0,0.2
T005158,C00668,2024-05-15,Hogar,App,1,89400.0,0.0
T003594,C00452,2024-06-19,Hogar,Tienda,1,140800.0,0.0
T007570,C00999,2024-04-28,Moda,Tienda,2,181400.0,0.0
T005199,C00672,2023-08-10,Mercado,App,3,61000.0,0.0
T006489,C00852,2025-02-28,Mercado,Web,3,31900.0,0.2
T002320,C00288,2024-04-30,Hogar,Tienda,3,95600.0,0.0
T009664,C01294,2024-08-17,Mercado,Tienda,3,58000.0,0.2
T000028,C00002,2025-05-06,Mercado,Tienda,1,41500.0,0.0
T009843,C01321,2024-12-03,Mercado,Tienda,1,54800.0,0.0
T005844,C00756,2024-12-07,Mercado,Tienda,3,37900.0,0.0
T001397,C00174,2024-08-02,Mercado,Tienda,1,69200.0,0.0
T004325,C00554,2024-12-28,Tecnología,Web,1,646700.0,0.3
T005180,C00671,2024-10-11,Mercado,App,2,65900.0,0.0
T006757,C00895,2024-10-05,Belleza,Web,1,54900.0,0.0
T003293,C00417,2023-08-04,Tecnología,Tienda,2,681400.0,0.0
T001925,C00240,2024-04-14,Mercado,Web,1,37900.0,0.0
T009207,C01224,2024-04-08,Hogar,Tienda,1,51600.0,0.1
T003488,C00436,2025-03-17,Hogar,Tienda,2,158900.0,0.0
T001916,C00239,2023-11-07,Mercado,App,1,67300.0,0.1
T002092,C00262,2023-11-17,Belleza,Tienda,3,63200.0,0.0
T007993,C01058,2023-11-30,Hogar,Tienda,1,64300.0,0.0
T000280,C00033,2025-04-30,Mercado,App,3,64000.0,0.0
T007884,C01038,2024-07-11,Belleza,App,2,82900.0,0.0
T005945,C00768,2024-06-25,Hogar,App,3,92500.0,0.3
T007269,C00961,2025-05-18,Moda,Web,2,180700.0,0.1
T008025,C01061,2023-05-04,Tecnología,App,2,564800.0,0.0
T008820,C01164,2025-01-13,Mercado,Web,1,17100.0,0.0
T002673,C00333,2023-10-07,Hogar,Tienda,2,45400.0,0.0
T000920,C00117,2024-12-16,Tecnología,Tienda,3,612500.0,0.0
T001323,C00167,2024-11-27,Hogar,App,3,112800.0,0.0
T007011,C00925,2025-03-20,Mercado,Tienda,2,38300.0,0.0
T002871,C00359,2024-08-15,Hogar,App,3,71900.0,0.0
T003471,C00435,2025-03-08,Moda,Web,3,129000.0,0.2
T005066,C00652,2024-11-24,Mercado,Web,3,39700.0,0.0
T005306,C00686,2024-11-17,Mercado,Tienda,3,15400.0,0.0
T010948,C01474,2025-06-10,Moda,App,3,91800.0,0.0
T008100,C01073,2025-06-05,Tecnología,Web,2,820000.0,0.0
T006678,C00880,2024-05-25,Tecnología,Tienda,3,444600.0,0.1
T003974,C00503,2025-06-08,Hogar,Tienda,2,156100.0,0.0
T003579,C00450,2024-12-26,Mercado,App,2,36200.0,0.0
T004218,C00538,2025-02-16,Hogar,App,3,142900.0,0.0
T003325,C00422,2024-09-15,Moda,App,3,151600.0,0.0
T009464,C01265,2025-02-28,Mercado,Web,1,30900.0,0.0
T000792,C00102,2025-05-29,Tecnología,App,3,590700.0,0.1
T009098,C01208,2024-05-06,Belleza,Tienda,2,18200.0,0.3
T000669,C00083,2024-02-23,Mercado,Web,1,36200.0,0.0
T007232,C00957,2024-06-08,Mercado,Tienda,1,45400.0,0.0
T003147,C00398,2024-03-23,Moda,Tienda,1,230900.0,0.1
T010558,C01417,2024-07-02,Mercado,Tienda,1,32600.0,0.0
T004607,C00594,2023-05-14,Moda,App,3,286100.0,0.0
T005725,C00741,2024-07-12,Moda,Tienda,3,203500.0,0.0
T009785,C01317,2024-05-09,Hogar,Tienda,1,66700.0,0.0
T009605,C01285,2025-04-16,Belleza,App,1,64100.0,0.0
T004651,C00598,2024-08-28,Mercado,App,2,43600.0,0.0
T010463,C01406,2023-09-20,Mercado,App,1,47300.0,0.0
T003334,C00423,2025-01-15,Belleza,Tienda,3,57200.0,0.0
T006172,C00803,2025-05-07,Mercado,Tienda,2,34000.0,0.0
T001512,C00190,2025-05-02,Mercado,App,3,60400.0,0.0
T008391,C01112,2025-04-02,Mercado,Tienda,3,25700.0,0.2
T002751,C00341,2024-07-18,Mercado,Tienda,1,33600.0,0.0
T010899,C01467,2023-09-25,Moda,Tienda,1,211600.0,0.3
T001737,C00217,2024-08-13,Tecnología,Tienda,3,686700.0,0.0
T001123,C00142,2023-11-02,Tecnología,Tienda,3,487800.0,0.0
T006954,C00919,2024-08-06,Moda,Web,1,192900.0,0.0
T006109,C00794,2025-04-05,Hogar,Web,3,158500.0,0.0
T010802,C01453,2024-07-02,Mercado,Web,2,48800.0,0.0
T010262,C01378,2025-03-01,Mercado,Web,2,38100.0,0.0
T005682,C00734,2025-02-28,Belleza,Tienda,1,76900.0,0.0
T003845,C00484,2024-07-16,Mercado,Tienda,2,72900.0,0.0
T005824,C00755,2023-11-13,Mercado,Tienda,1,66000.0,0.3
T001190,C00151,2024-09-23,Mercado,App,2,19300.0,0.0
T000679,C00083,2024-03-16,Hogar,App,3,59600.0,0.0
T008405,C01113,2023-09-21,Moda,Web,2,98800.0,0.0
T001554,C00194,2025-03-19,Belleza,Tienda,2,100400.0,0.0
T007211,C00953,2023-11-18,Mercado,Web,3,40100.0,0.0
T001267,C00161,2025-01-13,Mercado,Tienda,3,64600.0,0.1
T001946,C00244,2024-07-18,Hogar,Web,2,168400.0,0.0
T006716,C00885,2023-07-08,Tecnología,Tienda,2,907900.0,0.0
T003538,C00443,2025-03-11,Mercado,Tienda,3,56100.0,0.0
T000672,C00083,2024-02-28,Hogar,App,2,149000.0,0.0
T007744,C01017,2024-03-25,Mercado,Tienda,1,41500.0,0.0
T005282,C00683,2024-03-31,Mercado,App,1,49800.0,0.0
T001334,C00169,2025-06-04,Hogar,App,2,69200.0,0.0
T003225,C00409,2024-01-23,Tecnología,Tienda,2,684600.0,0.0
T007663,C01010,2023-12-09,Mercado,Tienda,3,65300.0,0.0
T010091,C01356,2024-06-23,Hogar,App,2,108700.0,0.0
T000195,C00022,2023-12-26,Hogar,App,1,163000.0,0.1
T007673,C01011,2024-10-24,Mercado,Tienda,1,32900.0,0.0
T000370,C00046,2025-02-03,Mercado,Web,1,59500.0,0.0
T003246,C00411,2023-03-28,Belleza,Tienda,1,89500.0,0.0
T001936,C00242,2025-04-20,Belleza,Web,2,91300.0,0.0
T002883,C00361,2024-03-17,Belleza,Tienda,1,75000.0,0.0
T000206,C00023,2024-06-03,Mercado,Web,2,31600.0,0.0
T006069,C00788,2025-02-14,Mercado,Tienda,2,44700.0,0.1
T000514,C00065,2025-03-03,Moda,Tienda,2,81700.0,0.0
T008218,C01089,2024-09-15,Mercado,Web,1,25300.0,0.1
T006815,C00901,2024-05-27,Hogar,Web,3,120600.0,0.0
T000055,C00005,2024-06-29,Belleza,App,3,49200.0,0.1
T001806,C00229,2025-05-13,Moda,Web,2,162500.0,0.0
T006191,C00807,2024-08-10,Belleza,Tienda,3,80700.0,0.3
T006836,C00904,2025-03-02,Mercado,Tienda,1,31900.0,0.0
T011129,C01500,2024-09-22,Hogar,Web,1,127900.0,0.0
T008046,C01065,2024-09-04,Tecnología,Tienda,3,735300.0,0.0
T001155,C00145,2024-04-14,Mercado,App,3,15000.0,0.0
T003593,C00452,2025-06-11,Mercado,App,3,50300.0,0.0
T003482,C00435,2024-03-14,Tecnología,App,2,543700.0,0.0
T004540,C00585,2024-02-16,Hogar,Tienda,1,201600.0,0.0
T007798,C01025,2024-11-06,Hogar,App,2,131200.0,0.0
T006257,C00818,2025-04-05,Mercado,Tienda,3,51800.0,0.2
T006316,C00825,2024-01-30,Mercado,App,3,56000.0,0.0
T006074,C00788,2024-10-05,Mercado,App,1,52800.0,0.0
T002854,C00358,2023-06-09,Mercado,Tienda,3,28900.0,0.0
T001937,C00243,2024-09-28,Hogar,App,1,124500.0,0.0
T003832,C00483,2025-05-12,Moda,Tienda,2,95400.0,0.0
T001186,C00150,2023-12-30,Tecnología,Web,3,720700.0,0.0
T007909,C01045,2025-01-14,Moda,Tienda,3,137600.0,0.0
T000905,C00115,2024-05-06,Hogar,Web,3,89600.0,0.0
T002539,C00317,2025-01-27,Moda,Tienda,3,199100.0,0.0
T009388,C01254,2023-10-12,Mercado,App,1,30300.0,0.0
T010133,C01361,2024-01-28,Mercado,Tienda,2,45900.0,0.0
T004997,C00644,2024-08-04,Hogar,Tienda,1,146000.0,0.3
T007778,C01023,2024-02-05,Hogar,Tienda,2,48400.0,0.0
T008220,C01090,2023-11-29,Tecnología,Tienda,2,643700.0,0.0
T000574,C00073,2025-01-02,Hogar,App,2,189100.0,0.0
T010196,C01370,2024-10-16,Belleza,App,3,50300.0,0.0
T002208,C00276,2024-12-08,Tecnología,Tienda,3,425000.0,0.0
T002623,C00326,2024-09-16,Hogar,Tienda,3,60400.0,0.2
T002266,C00283,2024-05-18,Mercado,Web,1,42800.0,0.0
T003626,C00459,2025-06-25,Belleza,Tienda,1,79200.0,0.0
T010500,C01410,2023-10-07,Mercado,Tienda,1,37000.0,0.0
T007835,C01031,2024-06-06,Hogar,Web,3,137600.0,0.0
T009861,C01324,2024-01-17,Tecnología,Tienda,2,455000.0,0.0
T006440,C00845,2024-07-02,Belleza,Tienda,1,55500.0,0.0
T001657,C00207,2024-04-11,Mercado,Tienda,1,57900.0,0.0
T000813,C00104,2024-02-29,Mercado,App,2,55000.0,0.0
T009137,C01214,2024-10-15,Mercado,Tienda,2,59200.0,0.3
T000803,C00102,2024-09-12,Mercado,Tienda,1,59500.0,0.3
T010264,C01378,2024-06-24,Mercado,Tienda,2,63900.0,0.3
T004569,C00589,2024-09-23,Mercado,App,3,53200.0,0.0
T005751,C00745,2025-03-13,Hogar,App,3,177000.0,0.3
T001183,C00149,2024-04-09,Belleza,Web,2,28600.0,0.0
T002436,C00306,2024-10-20,Hogar,App,3,148300.0,0.0
T007310,C00967,2024-04-16,Hogar,Web,1,142700.0,0.0
T003018,C00377,2024-10-12,Hogar,Web,2,176200.0,0.0
T006548,C00862,2024-05-24,Mercado,App,2,43100.0,0.0
T009219,C01226,2024-07-19,Mercado,Tienda,2,24900.0,0.0
T002861,C00358,2025-04-30,Belleza,App,2,86000.0,0.0
T008055,C01066,2024-04-15,Mercado,Tienda,3,62600.0,0.0
T010478,C01408,2025-01-06,Mercado,Tienda,2,47600.0,0.1
T010170,C01365,2024-12-08,Mercado,Tienda,1,37500.0,0.0
T006110,C00794,2024-06-03,Mercado,Web,1,42100.0,0.0
T009712,C01304,2024-10-16,Mercado,Tienda,1,37900.0,0.0
T008799,C01163,2024-03-01,Hogar,Tienda,2,64300.0,0.2
T000232,C00026,2024-11-30,Belleza,App,1,104500.0,0.0
T005815,C00754,2025-02-25,Belleza,Web,1,115600.0,0.0
T003691,C00468,2024-07-01,Belleza,App,3,66700.0,0.1
T003790,C00476,2024-07-25,Hogar,Tienda,1,79800.0,0.0
T004396,C00566,2024-07-02,Mercado,Tienda,1,34500.0,0.0
T002000,C00250,2024-11-15,Moda,Tienda,1,154300.0,0.3
T008189,C01085,2025-05-03,Belleza,App,1,57000.0,0.0
T003722,C00471,2024-03-26,Belleza,Web,2,92200.0,0.3
T004419,C00569,2023-04-16,Mercado,Web,2,60000.0,0.0
T005511,C00714,2024-09-01,Moda,Tienda,3,100300.0,0.0
T005614,C00726,2025-04-17,Moda,App,2,102000.0,0.0
T008365,C01110,2025-05-30,Hogar,Tienda,2,178100.0,0.0
T006449,C00846,2024-09-05,Hogar,Web,1,132400.0,0.0
T009753,C01312,2024-09-05,Mercado,Tienda,2,51600.0,0.0
T010496,C01410,2023-07-16,Belleza,App,3,70500.0,0.0
T009720,C01306,2024-07-01,Mercado,Web,2,43600.0,0.0
T002322,C00288,2023-11-26,Mercado,Tienda,1,38000.0,0.3
T010454,C01405,2025-02-02,Belleza,Tienda,3,58000.0,0.2
T008785,C01161,2025-03-16,Mercado,Tienda,2,62300.0,0.2
T005764,C00747,2025-05-05,Mercado,Tienda,1,48700.0,0.0
T006351,C00832,2024-12-03,Mercado,Web,2,22100.0,0.0
T002694,C00336,2025-03-28,Moda,Tienda,3,91100.0,0.3
T003578,C00450,2023-11-04,Mercado,Web,3,21500.0,0.3
T009993,C01343,2024-02-11,Tecnología,Tienda,2,610300.0,0.0
T001696,C00211,2024-01-22,Mercado,Tienda,2,29100.0,0.0
T007635,C01006,2024-10-06,Mercado,Tienda,1,54500.0,0.0
T010393,C01394,2024-12-07,Hogar,Web,2,143600.0,0.0
T000863,C00112,2024-02-08,Mercado,Tienda,1,38900.0,0.0
T001658,C00207,2024-06-19,Mercado,Tienda,3,40500.0,0.0
T008728,C01158,2025-04-19,Belleza,App,3,57000.0,0.0
T000786,C00101,2024-10-03,Belleza,App,2,45300.0,0.0
T008515,C01127,2024-04-06,Mercado,Web,3,28300.0,0.0
T007541,C00994,2024-11-12,Mercado,App,1,57100.0,0.0
T003586,C00452,2024-10-10,Hogar,Web,1,181600.0,0.0
T010751,C01444,2024-06-15,Tecnología,App,3,761800.0,0.0
T002290,C00285,2024-08-13,Moda,App,2,167600.0,0.0
T010804,C01453,2024-09-23,Mercado,Tienda,3,38500.0,0.0
T003054,C00383,2024-06-18,Hogar,Tienda,2,146000.0,0.0
T010206,C01371,2023-10-26,Moda,Web,3,183100.0,0.0
T004555,C00588,2024-03-28,Mercado,App,1,42900.0,0.0
T009612,C01286,2025-01-15,Mercado,Tienda,2,43000.0,0.1
T006521,C00857,2025-01-26,Belleza,Tienda,2,97500.0,0.0
T005427,C00705,2024-06-26,Belleza,Web,1,89800.0,0.0
T005160,C00669,2025-03-31,Mercado,App,1,36600.0,0.0
T009609,C01286,2024-08-22,Hogar,Web,1,69300.0,0.0
T009384,C01253,2023-11-16,Mercado,App,1,48600.0,0.0
T009995,C01344,2024-08-22,Tecnología,Tienda,1,672500.0,0.0
T010121,C01359,2025-02-09,Mercado,Tienda,3,67900.0,0.0
T007361,C00971,2025-06-15,Mercado,Web,2,25000.0,0.0
T009642,C01290,2024-04-17,Moda,Tienda,3,5000.0,0.0
T000555,C00070,2024-03-20,Mercado,App,3,47500.0,0.1
T005013,C00646,2024-12-30,Mercado,App,3,22000.0,0.3
T008822,C01165,2023-10-28,Mercado,Tienda,3,65900.0,0.0
T002747,C00341,2025-04-17,Hogar,Tienda,3,136900.0,0.0
T004266,C00548,2024-02-05,Mercado,App,3,35100.0,0.0
T007689,C01014,2024-12-19,Moda,App,3,102900.0,0.0
T001197,C00154,2023-12-18,Tecnología,App,1,367700.0,0.0
T005655,C00730,2024-05-27,Mercado,App,2,39100.0,0.0
T003329,C00423,2024-03-01,Belleza,Web,2,94600.0,0.0
T006543,C00862,2024-07-15,Mercado,Tienda,1,30300.0,0.0
T001211,C00155,2024-12-11,Mercado,Web,3,48700.0,0.0
T002178,C00273,2024-12-09,Mercado,App,2,68300.0,0.0
T005880,C00760,2025-03-05,Moda,App,1,156400.0,0.0
T005465,C00709,2025-02-10,Moda,App,2,113900.0,0.3
T003686,C00467,2024-05-12,Hogar,Web,1,114400.0,0.2
T005664,C00731,2024-09-12,Mercado,App,1,38100.0,0.0
T004851,C00628,2023-11-02,Mercado,Tienda,2,53600.0,0.0
T011095,C01495,2025-05-02,Belleza,Tienda,2,77000.0,0.0
T007279,C00962,2025-04-14,Belleza,Web,2,64000.0,0.0
T004465,C00576,2024-11-16,Moda,App,1,48600.0,0.0
T010090,C01356,2024-08-03,Mercado,App,1,45600.0,0.0
T006618,C00873,2024-09-04,Moda,Tienda,3,178600.0,0.0
T009468,C01265,2024-10-27,Mercado,App,1,50400.0,0.0
T001784,C00225,2024-11-20,Belleza,Web,1,49000.0,0.2
T007414,C00978,2023-08-24,Mercado,Tienda,2,41200.0,0.0
T008613,C01138,2024-01-24,Hogar,App,3,96900.0,0.1
T007379,C00974,2023-06-20,Tecnología,App,3,545200.0,0.0
T000131,C00015,2025-06-09,Belleza,Tienda,1,101100.0,0.0
T002055,C00257,2025-06-06,Hogar,Tienda,1,124100.0,0.0
T001689,C00210,2024-12-03,Mercado,App,2,68200.0,0.0
T008673,C01150,2024-01-04,Mercado,Tienda,3,34900.0,0.0
T000173,C00020,2025-06-03,Mercado,Web,2,15000.0,0.0
T007288,C00964,2025-01-11,Mercado,Tienda,3,59700.0,0.3
T010617,C01426,2025-03-19,Tecnología,Tienda,2,576300.0,0.3
T000406,C00051,2024-12-28,Belleza,Tienda,3,65700.0,0.0
T003042,C00381,2025-05-26,Mercado,App,2,56600.0,0.3
T008144,C01079,2024-05-31,Belleza,Tienda,3,38600.0,0.0
T006441,C00845,2024-07-25,Mercado,Tienda,3,56000.0,0.0
T005051,C00651,2024-05-17,Moda,Web,3,84300.0,0.0
T006876,C00911,2025-05-13,Mercado,App,3,30000.0,0.0
T008510,C01127,2023-09-02,Mercado,Tienda,1,31400.0,0.0
T006878,C00911,2024-01-05,Belleza,Tienda,1,51000.0,0.3
T002009,C00252,2025-03-15,Mercado,Web,3,43600.0,0.0
T004748,C00608,2024-10-15,Mercado,Tienda,2,34600.0,0.0
T005624,C00727,2023-06-09,Mercado,App,3,51000.0,0.3
T010269,C01379,2024-06-11,Moda,App,1,106200.0,0.0
T004954,C00640,2024-06-25,Hogar,App,3,176100.0,0.3
T003146,C00398,2024-05-14,Mercado,Tienda,3,42900.0,0.0
T000068,C00006,2023-06-15,Hogar,Web,3,154300.0,0.2
T000145,C00018,2024-04-17,Belleza,Tienda,3,75100.0,0.0
T010189,C01368,2024-07-28,Moda,Tienda,2,138000.0,0.0
T004282,C00551,2025-02-24,Moda,App,2,199400.0,0.0
T003393,C00427,2024-05-05,Mercado,App,3,68600.0,0.0
T009947,C01335,2024-06-24,Mercado,App,3,52600.0,0.2
T003561,C00448,2023-06-09,Mercado,Web,3,51900.0,0.0
T007074,C00938,2025-01-02,Mercado,Web,3,29300.0,0.0
T002675,C00333,2024-10-20,Mercado,Web,3,81600.0,0.0
T009784,C01317,2025-01-14,Mercado,Tienda,2,69000.0,0.0
T001283,C00163,2024-05-19,Moda,App,3,210100.0,0.0
T006037,C00784,2024-06-14,Mercado,Web,2,47700.0,0.0
T004049,C00518,2025-02-19,Mercado,Tienda,3,61600.0,0.3
T009084,C01207,2024-06-13,Hogar,Web,3,139000.0,0.0
T009568,C01276,2025-02-26,Moda,App,1,113800.0,0.1
T009131,C01213,2023-12-13,Mercado,Tienda,3,30300.0,0.2
T009508,C01269,2024-08-11,Mercado,App,1,44500.0,0.0
T008687,C01152,2024-02-05,Mercado,Web,1,42900.0,0.0
T003368,C00427,2024-07-06,Moda,Web,2,82300.0,0.0
T006881,C00911,2025-05-21,Hogar,App,1,142400.0,0.0
T005820,C00754,2024-03-20,Mercado,Tienda,2,52400.0,0.0
T005833,C00755,2024-06-30,Mercado,Tienda,3,37200.0,0.0
T005247,C00677,2023-12-14,Mercado,App,2,44000.0,0.0
T001497,C00189,2023-04-26,Moda,App,1,133000.0,0.0
T006432,C00843,2025-02-14,Hogar,Tienda,1,123900.0,0.0
T001053,C00136,2025-03-27,Hogar,Tienda,1,128900.0,0.0
T005761,C00747,2024-06-24,Mercado,Tienda,3,52000.0,0.1
T010539,C01414,2025-02-25,Moda,Tienda,1,80300.0,0.0
T000973,C00127,2023-09-24,Mercado,App,3,28300.0,0.0
T002592,C00323,2023-12-21,Tecnología,App,2,663200.0,0.1
T002417,C00304,2024-03-09,Tecnología,App,3,,0.0
T006122,C00795,2024-06-24,Hogar,Tienda,1,181700.0,0.0
T000243,C00028,2024-02-14,Tecnología,App,1,632500.0,0.0
T007046,C00933,2024-04-22,Moda,Web,3,98700.0,0.3
T005339,C00690,2024-05-15,Mercado,Web,2,43200.0,0.3
T009033,C01198,2024-10-27,Mercado,App,1,52200.0,0.1
T000841,C00108,2024-04-03,Mercado,Tienda,3,52600.0,0.0
T010830,C01456,2024-04-06,Moda,Web,2,149000.0,0.0
T004455,C00574,2023-11-29,Hogar,Web,2,153500.0,0.0
T005841,C00756,2024-12-26,Moda,Tienda,3,211400.0,0.2
T006809,C00900,2025-01-28,Belleza,App,1,68000.0,0.1
T001569,C00196,2024-04-22,Moda,App,2,183900.0,0.2
T002833,C00354,2023-12-04,Tecnología,Tienda,3,709500.0,0.0
T009017,C01194,2024-08-25,Mercado,Tienda,2,19300.0,0.0
T003937,C00498,2024-02-13,Belleza,App,2,68600.0,0.0
T003145,C00398,2024-04-26,Mercado,Web,1,15100.0,0.0
T003321,C00421,2023-09-26,Mercado,App,3,48500.0,0.3
T002084,C00261,2025-03-10,Mercado,Tienda,-1,68200.0,0.0
T004901,C00633,2023-07-01,Belleza,Web,3,63400.0,0.0
T000585,C00075,2024-03-02,Mercado,Tienda,2,51100.0,0.0
T008952,C01184,2024-11-18,Moda,Tienda,2,133500.0,0.0
T001003,C00130,2025-02-09,Moda,App,1,142500.0,0.0
T009651,C01292,2024-03-27,Mercado,Tienda,1,44700.0,0.0
T006027,C00781,2025-02-05,Mercado,Tienda,1,36800.0,0.2
T001800,C00228,2024-12-22,Mercado,Tienda,3,12000.0,0.0
T004580,C00591,2024-05-14,Mercado,App,3,23700.0,0.2
T005949,C00768,2024-04-30,Moda,App,3,101200.0,0.0
T005409,C00703,2025-03-30,Hogar,Web,2,123600.0,0.0
T008985,C01191,2024-09-26,Tecnología,Web,3,678400.0,0.1
T006222,C00812,2024-04-12,Hogar,App,1,74500.0,0.0
T009851,C01323,2024-11-17,Belleza,App,3,68500.0,0.0
T008568,C01133,2025-02-13,Hogar,App,2,18900.0,0.3
T003399,C00428,2024-03-06,Moda,Tienda,3,169000.0,0.0
T002802,C00348,2024-07-13,Hogar,Tienda,2,133100.0,0.3
T005450,C00707,2025-01-08,Tecnología,App,1,748700.0,0.0
T002976,C00371,2023-02-23,Tecnología,Tienda,2,419000.0,0.0
T001668,C00208,2023-09-09,Tecnología,Web,1,568400.0,0.0
T005125,C00662,2025-03-15,Tecnología,App,1,969200.0,0.0
T009923,C01332,2023-12-17,Tecnología,Tienda,2,725700.0,0.2
T002384,C00302,2025-03-27,Mercado,Tienda,1,53500.0,0.0
T002853,C00357,2024-12-17,Mercado,Tienda,1,42000.0,0.2
T006321,C00825,2024-08-05,Mercado,Tienda,2,36700.0,0.0
T008720,C01157,2024-10-14,Moda,Tienda,2,243200.0,0.0
T002652,C00331,2024-07-18,Mercado,App,2,49000.0,0.0
T009452,C01262,2024-05-29,Mercado,Tienda,1,56400.0,0.0
T004202,C00537,2024-08-19,Mercado,Tienda,1,36000.0,0.0
T010963,C01475,2025-06-12,Mercado,App,2,39000.0,0.0
T000794,C00102,2024-12-20,Mercado,App,1,23600.0,0.0
T000425,C00052,2024-12-02,Moda,Tienda,3,229300.0,0.0
T002079,C00261,2024-03-24,Moda,App,1,148400.0,0.3
T006281,C00820,2024-07-22,Tecnología,Web,2,718700.0,0.0
T000787,C00101,2024-10-01,Moda,Tienda,3,138200.0,0.0
T002918,C00364,2024-07-22,Moda,Tienda,3,164900.0,0.0
T002124,C00265,2024-02-10,Mercado,App,3,48200.0,0.0
T001684,C00210,2025-03-19,Hogar,Tienda,1,211500.0,0.0
T010113,C01359,2025-01-04,Hogar,Tienda,2,82800.0,0.0
T006269,C00819,2025-02-11,Mercado,App,3,41000.0,0.3
T006987,C00923,2024-07-07,Mercado,App,1,38800.0,0.0
T001253,C00160,2025-01-08,Belleza,Web,2,75100.0,0.0
T007208,C00953,2023-10-04,Hogar,App,2,151500.0,0.0
T000254,C00029,2024-06-14,Mercado,Web,2,45600.0,0.0
T005504,C00714,2024-05-30,Hogar,Web,3,154800.0,0.0
T002937,C00366,2024-04-24,Belleza,Web,3,91800.0,0.0
T001986,C00250,2025-04-24,Moda,Web,3,213400.0,0.0
T009811,C01320,2024-09-03,Hogar,Web,3,111000.0,0.0
T002688,C00335,2024-03-20,Hogar,App,2,141000.0,0.0
T010891,C01466,2024-02-06,Mercado,App,2,65200.0,0.0
T005014,C00646,2024-12-12,Mercado,Tienda,2,51900.0,0.2
T001298,C00165,2024-04-21,Mercado,Tienda,2,52900.0,0.0
T010676,C01437,2024-05-24,Mercado,Web,2,47700.0,0.0
T010641,C01432,2025-03-31,Mercado,App,2,78700.0,0.3
T007030,C00930,2023-06-28,Mercado,Tienda,2,56300.0,0.0
T001743,C00219,2024-04-01,Belleza,App,3,60200.0,0.0
T001354,C00169,2024-04-14,Moda,Web,1,188700.0,0.0
T004886,C00631,2025-06-19,Belleza,App,1,12000.0,0.0
T010973,C01477,2023-10-24,Belleza,App,1,81000.0,0.0
T007515,C00991,2025-05-29,Mercado,App,3,37900.0,0.0
T006771,C00896,2024-07-25,Mercado,App,1,50100.0,0.0
T005674,C00733,2025-02-15,Moda,Tienda,1,170300.0,0.0
T003622,C00459,2024-06-20,Belleza,App,1,125000.0,0.0
T000110,C00013,2024-06-16,Moda,Tienda,2,154000.0,0.0
T000272,C00032,2024-03-14,Belleza,App,1,82500.0,0.2
T008030,C01062,2024-09-15,Moda,App,3,178900.0,0.1
T004174,C00533,2024-09-12,Tecnología,App,1,455900.0,0.0
T005997,C00776,2024-07-19,Belleza,Tienda,3,27100.0,0.3
T010034,C01350,2024-04-17,Mercado,Tienda,2,60400.0,0.2
T007530,C00994,2024-05-16,Moda,Tienda,2,178800.0,0.0
T003547,C00445,2024-11-22,Hogar,Web,2,135400.0,0.3
T001157,C00146,2024-10-21,Hogar,Tienda,1,69100.0,0.3
T001124,C00143,2025-03-27,Hogar,Tienda,3,118300.0,0.0
T000583,C00075,2023-08-13,Hogar,Tienda,2,159400.0,0.0
T007808,C01028,2025-01-12,Mercado,App,3,41800.0,0.0
T002113,C00265,2023-09-22,Moda,Tienda,3,150400.0,0.2
T008425,C01116,2024-08-01,Moda,Tienda,3,218600.0,0.0
T000063,C00006,2023-11-13,Hogar,Web,2,162600.0,0.1
T001410,C00175,2023-09-11,Hogar,App,2,104100.0,0.0
T002990,C00371,2023-12-20,Mercado,Web,1,45000.0,0.0
T000149,C00018,2024-05-10,Mercado,App,3,35200.0,0.0
T009949,C01336,2025-04-01,Mercado,Web,2,40600.0,0.0
T008682,C01151,2024-05-07,Moda,Tienda,1,155300.0,0.1
T005201,C00672,2024-07-08,Moda,Tienda,2,189500.0,0.1
T004654,C00598,2024-09-06,Mercado,Tienda,1,56100.0,0.0
T006754,C00895,2024-08-29,Hogar,App,2,111700.0,0.2
T007323,C00967,2024-11-11,Moda,Tienda,3,136700.0,0.0
T008909,C01177,2024-10-29,Tecnología,Tienda,1,736500.0,0.0
T007585,C01001,2023-12-20,Belleza,Tienda,2,60400.0,0.0
T004647,C00598,2025-01-27,Mercado,Tienda,2,48700.0,0.0
T004841,C00625,2025-04-12,Belleza,App,3,41900.0,0.0
T007655,C01008,2024-09-19,Belleza,Tienda,3,35300.0,0.0
T009056,C01200,2025-01-10,Mercado,App,3,25600.0,0.3
T007041,C00932,2025-01-26,Belleza,App,1,86200.0,0.0
T002965,C00369,2025-02-07,Tecnología,Tienda,3,835700.0,0.0
T003053,C00383,2024-06-18,Moda,Web,2,136600.0,0.0
T009396,C01254,2024-01-15,Moda,Tienda,2,114500.0,0.0
T006857,C00907,2024-02-28,Moda,Tienda,1,155500.0,0.0
T001305,C00165,2023-10-30,Moda,Tienda,2,144100.0,0.0
T005857,C00759,2023-12-20,Moda,Web,2,163700.0,0.1
T006680,C00881,2024-07-31,Hogar,Tienda,1,147800.0,0.0
T000176,C00021,2025-03-10,Belleza,Tienda,3,99100.0,0.0
T003676,C00465,2024-09-20,Mercado,Web,2,49400.0,0.2
T010862,C01460,2023-10-31,Belleza,Tienda,2,43300.0,0.0
T007002,C00924,2024-07-12,Mercado,App,3,52400.0,0.0
T004646,C00598,2025-03-01,Moda,Tienda,1,187900.0,0.0
T000591,C00075,2024-03-10,Mercado,Web,3,65100.0,0.0
T009865,C01324,2024-01-08,Tecnología,App,3,656000.0,0.1
T002888,C00361,2023-12-18,Moda,Tienda,3,234400.0,0.0
T000427,C00052,2024-02-26,Moda,Tienda,3,118500.0,0.0
T007519,C00992,2024-08-26,Mercado,App,1,68200.0,0.0
T009671,C01295,2025-05-13,Mercado,Tienda,1,37500.0,0.2
T006843,C00905,2024-10-22,Mercado,App,2,50100.0,0.0
T007701,C01014,2024-06-05,Mercado,App,2,53500.0,0.2
T000455,C00056,2025-02-01,Mercado,Tienda,1,17100.0,0.0
T007853,C01033,2024-05-10,Mercado,App,2,36400.0,0.0
T005971,C00773,2024-12-05,Moda,App,2,153200.0,0.0
T000208,C00024,2024-07-20,Belleza,App,1,71800.0,0.0
T004949,C00639,2024-03-11,Hogar,Tienda,1,159500.0,0.0
T011009,C01481,2023-10-07,Moda,App,2,141600.0,0.0
T005263,C00678,2023-08-10,Mercado,Web,2,38100.0,0.0
T005969,C00773,2024-04-25,Mercado,Web,1,40100.0,0.1
T005874,C00760,2023-05-27,Moda,Web,1,147000.0,0.0
T004662,C00599,2025-06-14,Moda,Tienda,1,169600.0,0.1
T008324,C01103,2024-11-29,Mercado,App,2,63900.0,0.0
T006410,C00841,2024-08-10,Belleza,App,3,97100.0,0.0
T005509,C00714,2024-06-20,Hogar,Tienda,1,135600.0,0.0
T002081,C00261,2025-02-23,Mercado,Web,3,71500.0,0.0
T010019,C01348,2024-12-19,Hogar,App,1,120700.0,0.0
T009911,C01331,2025-06-13,Moda,Web,2,123800.0,0.0
T003380,C00427,2024-04-30,Moda,App,2,191200.0,0.0
T009133,C01213,2025-05-02,Mercado,Tienda,1,39300.0,0.0
T006408,C00840,2024-12-18,Mercado,Tienda,3,47000.0,0.0
T002177,C00273,2023-10-18,Moda,Tienda,1,196600.0,0.3
T007534,C00994,2023-09-30,Mercado,Tienda,3,24200.0,0.0
T002847,C00357,2025-02-10,Moda,Tienda,2,146800.0,0.0
T004893,C00632,2025-03-24,Mercado,Tienda,1,50200.0,0.3
T004596,C00592,2024-05-12,Mercado,Tienda,2,64700.0,0.0
T006344,C00831,2024-08-28,Hogar,App,1,111100.0,0.3
T006264,C00818,2024-11-19,Hogar,Tienda,1,104100.0,0.0
T002305,C00286,2024-06-11,Mercado,Tienda,3,29200.0,0.0
T001786,C00226,2023-08-23,Mercado,App,1,58900.0,0.0
T003364,C00426,2024-05-24,Belleza,Web,1,64900.0,0.0
T008685,C01151,2025-03-05,Moda,Tienda,3,176400.0,0.0
T006231,C00813,2025-01-15,Belleza,Tienda,3,55500.0,0.0
T004385,C00565,2024-12-06,Mercado,App,2,45100.0,0.0
T009916,C01332,2024-01-12,Mercado,Web,2,41600.0,0.1
T001352,C00169,2025-03-07,Tecnología,Web,2,493900.0,0.0
T007587,C01001,2024-03-10,Belleza,Tienda,1,85400.0,0.0
T006289,C00822,2024-01-11,Hogar,Tienda,2,131900.0,0.0
T005566,C00721,2024-02-10,Hogar,Tienda,1,83600.0,0.0
T006223,C00812,2023-09-03,Belleza,App,2,38100.0,0.0
T003503,C00437,2025-06-02,Hogar,App,3,102100.0,0.3
T003012,C00377,2024-06-02,Belleza,Tienda,2,67700.0,0.0
T002300,C00286,2024-05-16,Hogar,Web,2,136100.0,0.2
T006703,C00883,2023-12-24,Belleza,App,1,62000.0,0.1
T000707,C00088,2023-12-30,Mercado,Web,1,67700.0,0.1
T006695,C00882,2024-01-07,Belleza,Tienda,1,44700.0,0.0
T008519,C01128,2025-02-17,Hogar,Web,2,123200.0,0.0
T004096,C00525,2025-03-03,Tecnología,App,2,625000.0,0.0
T003517,C00440,2024-04-21,Belleza,Tienda,2,74000.0,0.0
T005872,C00760,2024-05-21,Mercado,Tienda,2,47100.0,0.0
T002862,C00358,2023-12-18,Belleza,App,1,102700.0,0.0
T007412,C00978,2023-07-25,Mercado,Tienda,2,48900.0,0.0
T003290,C00416,2023-10-15,Hogar,Tienda,3,137800.0,0.0
T007336,C00968,2024-10-17,Mercado,Web,2,37900.0,0.3
T003664,C00464,2024-09-06,Tecnología,App,1,774900.0,0.1
T008110,C01074,2023-09-17,Mercado,Tienda,3,46500.0,0.0
T003352,C00425,2025-05-17,Moda,App,2,96500.0,0.0
T004221,C00538,2024-05-30,Belleza,Web,3,34400.0,0.0
T005194,C00671,2024-09-14,Mercado,App,2,49800.0,0.0
T000981,C00129,2025-03-06,Moda,Web,3,64700.0,0.0
T002999,C00373,2024-08-06,Moda,Tienda,-1,162000.0,0.0
T001413,C00175,2023-09-13,Belleza,Web,1,73800.0,0.0
T009134,C01213,2023-04-30,Tecnología,App,1,783200.0,0.3
T003247,C00411,2025-01-16,Mercado,Tienda,3,43600.0,0.0
T003206,C00406,2024-03-24,Mercado,Tienda,3,61900.0,0.0
T009421,C01256,2024-07-18,Moda,App,2,203000.0,0.0
T002689,C00335,2024-03-20,Moda,Tienda,2,167500.0,0.0
T006140,C00799,2025-06-28,Hogar,App,1,121600.0,0.0
T007628,C01005,2024-06-01,Hogar,Tienda,1,127800.0,0.0
T010844,C01458,2024-08-16,Mercado,Tienda,1,54600.0,0.0
T002006,C00252,2024-10-24,Mercado,App,3,63000.0,0.0
T007328,C00968,2025-02-21,Hogar,Tienda,1,130800.0,0.0
T007749,C01017,2025-03-12,Moda,App,2,94700.0,0.2
T004034,C00517,2024-05-29,Moda,App,1,147100.0,0.0
T007912,C01046,2024-03-10,Moda,App,3,218400.0,0.1
T000685,C00084,2023-09-11,Moda,Tienda,1,126900.0,0.0
T005408,C00703,2025-06-24,Mercado,Tienda,2,47900.0,0.1
T009751,C01312,2024-10-22,Belleza,App,2,65800.0,0.0
T002280,C00285,2024-06-15,Tecnología,Web,1,669900.0,0.3
T009471,C01265,2024-08-23,Moda,Web,2,218400.0,0.3
T011012,C01481,2023-06-18,Mercado,Tienda,1,39800.0,0.2
T003027,C00379,2025-04-14,Mercado,Tienda,3,57900.0,0.0
T008739,C01158,2025-01-15,Hogar,Tienda,2,94200.0,0.0
T000031,C00003,2023-10-30,Mercado,Tienda,3,50300.0,0.0
T004069,C00521,2024-07-30,Hogar,Tienda,3,65900.0,0.2
T011052,C01488,2025-02-23,Belleza,App,1,89300.0,0.0
T004207,C00538,2024-09-13,Hogar,Web,3,65700.0,0.0
T000009,C00001,2025-06-12,Hogar,Tienda,2,85700.0,0.0
T008979,C01190,2023-11-30,Hogar,App,1,139700.0,0.0
T003244,C00410,2025-04-12,Moda,Tienda,2,118200.0,0.0
T003846,C00484,2024-09-22,Mercado,Tienda,1,51700.0,0.0
T001928,C00241,2025-05-12,Mercado,Tienda,2,45100.0,0.0
T010929,C01471,2024-09-16,Belleza,Tienda,1,57400.0,0.0
T000392,C00049,2024-04-20,Moda,Tienda,1,157000.0,0.0
T007362,C00972,2024-09-03,Moda,App,2,164100.0,0.0
T008108,C01074,2025-03-31,Hogar,Tienda,3,86700.0,0.0
T009763,C01312,2025-01-14,Belleza,App,1,29600.0,0.0
T008794,C01163,2024-08-28,Mercado,App,3,30000.0,0.0
T007656,C01009,2024-09-06,Hogar,App,3,153900.0,0.1
T000241,C00028,2024-06-20,Hogar,App,3,142400.0,0.1
T006340,C00831,2025-02-02,Mercado,Tienda,3,50600.0,0.0
T002504,C00313,2024-09-25,Mercado,App,2,35600.0,0.0
T008684,C01151,2024-03-27,Moda,Tienda,1,209600.0,0.1
T011016,C01482,2024-12-07,Mercado,App,2,51700.0,0.0
T004341,C00557,2024-09-04,Mercado,App,1,72500.0,0.0
T002706,C00337,2025-06-15,Mercado,Tienda,2,57700.0,0.0
T010713,C01441,2024-12-31,Mercado,Tienda,3,47500.0,0.0
T001202,C00154,2023-10-14,Belleza,Tienda,3,54500.0,0.0
T006816,C00901,2024-11-09,Mercado,App,1,43000.0,0.0
T005044,C00649,2023-09-04,Mercado,Web,1,58000.0,0.1
T007443,C00982,2024-01-28,Moda,App,3,138700.0,0.2
T003756,C00474,2024-09-08,Hogar,Web,1,81200.0,0.3
T000682,C00084,2023-03-05,Moda,App,3,115700.0,0.3
T004796,C00617,2024-03-19,Hogar,App,3,149500.0,0.0
T009479,C01265,2025-06-28,Belleza,Tienda,2,70600.0,0.0
T002186,C00274,2024-03-28,Mercado,Tienda,1,51800.0,0.0
T002019,C00254,2024-09-18,Mercado,Tienda,3,47200.0,0.0
T009868,C01324,2025-04-22,Moda,Tienda,2,142700.0,0.0
T004718,C00603,2024-10-29,Moda,Tienda,3,118000.0,0.0
T001679,C00209,2025-01-31,Belleza,Tienda,3,55100.0,0.0
T007057,C00935,2025-03-26,Moda,Tienda,1,174100.0,0.1
T010577,C01420,2023-11-11,Hogar,Web,2,148400.0,0.0
T010573,C01419,2024-06-03,Mercado,App,2,64800.0,0.0
T009814,C01320,2024-11-28,Mercado,App,3,41300.0,0.0
T003044,C00382,2023-11-08,Mercado,Tienda,2,46900.0,0.0
T007092,C00938,2024-07-11,Mercado,Tienda,3,51500.0,0.1
T001541,C00193,2024-06-14,Tecnología,App,2,866400.0,0.0
T005218,C00674,2024-10-28,Mercado,Web,2,31500.0,0.0
T001294,C00164,2024-08-13,Mercado,App,2,47400.0,0.0
T011064,C01490,2024-11-05,Mercado,Tienda,2,41700.0,0.1
T006214,C00810,2024-08-15,Hogar,App,3,82500.0,0.2
T010179,C01367,2023-08-09,Hogar,Tienda,3,147500.0,0.2
T010435,C01401,2024-11-23,Hogar,Web,3,175400.0,0.0
T005330,C00689,2024-08-06,Mercado,App,2,48000.0,0.0
T007816,C01028,2024-06-04,Moda,Tienda,3,136800.0,0.0
T001212,C00155,2025-03-24,Tecnología,Tienda,3,861500.0,0.0
T008014,C01060,2025-05-20,Mercado,Tienda,1,44700.0,0.0
T009589,C01281,2025-04-16,Moda,Tienda,2,152500.0,0.0
T006292,C00822,2023-12-31,Mercado,Tienda,2,27000.0,0.0
T006284,C00820,2024-09-19,Tecnología,App,2,913600.0,0.0
T003632,C00460,2024-03-08,Tecnología,Tienda,3,856900.0,0.0
T010683,C01438,2024-06-24,Hogar,Web,1,91000.0,0.0
T007910,C01045,2024-01-29,Hogar,App,3,189600.0,0.0
T009415,C01255,2023-11-25,Hogar,Tienda,1,113100.0,0.2
T001161,C00146,2024-08-23,Moda,App,3,123800.0,0.3
T002713,C00338,2024-09-21,Mercado,Web,2,21300.0,0.1
T008869,C01174,2025-01-30,Moda,Web,3,113600.0,0.0
T000571,C00073,2025-01-17,Belleza,Web,2,41700.0,0.0
T009593,C01282,2023-11-17,Mercado,Tienda,1,45000.0,0.3
T007148,C00945,2025-04-13,Tecnología,App,1,587900.0,0.0
T006343,C00831,2025-01-24,Hogar,App,1,151200.0,0.0
T010562,C01418,2024-12-02,Belleza,App,1,84100.0,0.2
T002205,C00276,2024-11-02,Mercado,Web,1,39900.0,0.3
T003808,C00480,2024-01-01,Hogar,Web,1,85800.0,0.1
T003303,C00418,2023-03-06,Hogar,App,3,88400.0,0.0
T010725,C01441,2025-01-17,Mercado,App,3,35900.0,0.3
T007072,C00938,2024-01-04,Hogar,Tienda,2,138900.0,0.0
T004999,C00644,2023-08-28,Mercado,Tienda,2,45700.0,0.0
T001423,C00177,2025-03-01,Hogar,Tienda,3,116900.0,0.2
T008013,C01060,2023-06-21,Hogar,App,3,114500.0,0.0
T000038,C00003,2024-07-11,Moda,Tienda,1,174600.0,0.0
T008710,C01154,2025-01-10,Belleza,App,2,88800.0,0.0
T005641,C00728,2024-08-02,Mercado,Tienda,3,53500.0,0.0
T007054,C00934,2024-04-09,Hogar,App,1,126500.0,0.0
T003695,C00468,2024-04-25,Tecnología,Web,3,846800.0,0.0
T009417,C01256,2024-10-07,Tecnología,App,2,749100.0,0.0
T002340,C00291,2024-12-14,Moda,App,2,50800.0,0.2
T010498,C01410,2023-08-08,Hogar,App,3,146900.0,0.0
T005264,C00678,2024-09-15,Mercado,App,1,63000.0,0.0
T007219,C00955,2023-08-05,Mercado,App,1,63500.0,0.0
T007885,C01038,2024-06-10,Mercado,App,1,61700.0,0.0
T004938,C00638,2024-09-01,Tecnología,Tienda,2,73300.0,0.0
T004618,C00594,2023-11-18,Mercado,Tienda,3,26500.0,0.1
T002115,C00265,2025-04-23,Moda,Web,1,187500.0,0.0
T007447,C00983,2024-02-21,Belleza,Tienda,3,70500.0,0.0
T000647,C00082,2025-03-18,Mercado,Web,1,46800.0,0.0
T001372,C00172,2023-07-21,Moda,Tienda,2,135100.0,0.1
T003340,C00424,2023-12-18,Hogar,Tienda,2,111600.0,0.1
T009472,C01265,2025-02-01,Belleza,Web,1,49700.0,0.0
T002392,C00302,2025-03-24,Hogar,App,1,157800.0,0.0
T006889,C00912,2024-06-24,Moda,Tienda,2,186600.0,0.0
T000901,C00115,2025-02-12,Moda,Tienda,2,159500.0,0.2
T000239,C00028,2023-12-29,Mercado,Tienda,3,18800.0,0.0
T001517,C00190,2025-05-30,Mercado,Tienda,3,61000.0,0.0
T000004,C00001,2024-04-17,Mercado,Tienda,2,45500.0,0.0
T002377,C00301,2024-07-14,Belleza,App,2,34900.0,0.0
T003191,C00404,2024-08-13,Mercado,App,1,67800.0,0.0
T002405,C00303,2024-01-22,Mercado,App,2,43800.0,0.0
T007235,C00957,2023-10-25,Mercado,Web,1,12700.0,0.0
T004991,C00643,2023-07-14,Mercado,Tienda,3,37800.0,0.2
T006749,C00894,2023-08-01,Moda,Web,3,127800.0,0.2
T009078,C01205,2025-02-07,Moda,Web,1,167300.0,0.0
T005444,C00707,2024-05-17,Belleza,App,1,10900.0,0.0
T008746,C01159,2024-10-05,Mercado,Tienda,3,46000.0,0.1
T005084,C00655,2023-09-11,Hogar,Tienda,1,117300.0,0.0
T010911,C01470,2025-06-22,Hogar,Web,2,157400.0,0.1
T010792,C01449,2024-08-14,Moda,Tienda,2,180500.0,0.3
T004377,C00563,2025-05-13,Mercado,Tienda,1,53400.0,0.0
T003590,C00452,2024-07-21,Hogar,Web,1,124800.0,0.1
T007154,C00946,2024-06-15,Belleza,Tienda,-1,79600.0,0.0
T007319,C00967,2024-08-02,Hogar,App,2,74600.0,0.1
T009779,C01315,2024-03-11,Hogar,Tienda,1,116300.0,0.0
T009488,C01267,2023-08-11,Mercado,Tienda,3,50100.0,0.0
T007992,C01057,2024-02-18,Mercado,Web,1,44700.0,0.0
T010759,C01446,2023-04-07,Belleza,App,1,72500.0,0.0
T006925,C00916,2025-04-13,Mercado,App,2,47700.0,0.0
T002396,C00303,2024-04-08,Belleza,Tienda,3,74400.0,0.0
T007038,C00931,2024-12-07,Mercado,App,3,49000.0,0.0
T003358,C00426,2024-12-27,Hogar,Tienda,3,116800.0,0.3
T010841,C01458,2024-03-03,Mercado,Web,2,38400.0,0.1
T010331,C01384,2024-09-06,Hogar,App,1,144200.0,0.0
T001433,C00180,2024-09-25,Mercado,App,2,39600.0,0.0
T011070,C01491,2024-07-31,Mercado,App,2,53900.0,0.0
T003609,C00455,2025-05-07,Belleza,Tienda,1,55700.0,0.0
T002403,C00303,2024-02-15,Mercado,Tienda,1,58300.0,0.0
T007430,C00980,2025-05-03,Mercado,Tienda,3,26300.0,0.0
T007202,C00952,2025-02-16,Mercado,Web,1,42100.0,0.0
T009822,C01320,2024-11-03,Mercado,Tienda,1,24600.0,0.3
T000960,C00123,2024-09-10,Belleza,App,3,24500.0,0.0
T007833,C01031,2023-11-13,Mercado,Web,1,47500.0,0.2
T004030,C00515,2023-10-29,Moda,Tienda,1,50700.0,0.0
T001036,C00135,2024-08-08,Tecnología,Tienda,3,855700.0,0.0
T008202,C01086,2025-01-06,Mercado,App,1,43400.0,0.0
T003249,C00411,2024-03-28,Moda,Tienda,3,121200.0,0.0
T004474,C00578,2024-05-02,Hogar,Tienda,3,87900.0,0.2
T000274,C00032,2023-12-26,Mercado,App,2,28400.0,0.1
T000895,C00114,2024-08-07,Mercado,Tienda,3,41400.0,0.0
T010791,C01449,2024-07-29,Hogar,Web,1,155300.0,0.0
T009870,C01324,2023-11-13,Moda,Tienda,2,,0.3
T007826,C01030,2023-01-31,Hogar,Tienda,1,94900.0,0.2
T004715,C00603,2024-03-28,Mercado,Tienda,3,35500.0,0.1
T009615,C01286,2024-09-02,Tecnología,Tienda,3,163900.0,0.0
T008467,C01122,2024-09-04,Tecnología,App,3,564500.0,0.0
T002432,C00305,2025-06-23,Moda,Web,3,181500.0,0.0
T001381,C00172,2024-03-05,Mercado,App,2,65000.0,0.0
T000428,C00052,2025-02-14,Moda,App,1,128200.0,0.0
T004744,C00607,2023-09-10,Belleza,Tienda,1,91200.0,0.0
T010519,C01413,2023-11-03,Belleza,Tienda,2,43700.0,0.0
T007804,C01027,2024-01-17,Hogar,Web,3,158000.0,0.0
T010614,C01426,2024-09-12,Mercado,App,2,63000.0,0.0
T006175,C00804,2025-02-21,Mercado,Tienda,2,33200.0,0.0
T005951,C00768,2024-06-12,Mercado,Tienda,1,59200.0,0.0
T003326,C00422,2024-10-18,Mercado,Tienda,2,24800.0,0.0
T002242,C00281,2025-03-03,Mercado,Tienda,2,37600.0,0.0
T001390,C00172,2024-11-07,Hogar,Tienda,1,105100.0,0.0
T000912,C00116,2025-04-20,Moda,Tienda,3,176700.0,0.0
T004629,C00596,2024-09-28,Tecnología,Web,2,841400.0,0.0
T003993,C00509,2025-04-18,Hogar,Tienda,3,156700.0,0.0
T008280,C01099,2024-02-04,Hogar,Tienda,3,117800.0,0.2
T003120,C00394,2025-01-17,Moda,Tienda,2,140200.0,0.0
T008410,C01114,2025-04-09,Hogar,Web,3,51700.0,0.0
T002736,C00340,2024-10-16,Moda,Web,3,147300.0,0.0
T005172,C00670,2024-04-28,Belleza,Tienda,2,62900.0,0.0
T006575,C00867,2024-11-23,Mercado,App,2,51800.0,0.2
T008531,C01129,2023-08-16,Hogar,Tienda,1,77800.0,0.0
T007606,C01001,2023-12-10,Mercado,App,-1,27500.0,0.0
T011032,C01484,2024-01-15,Mercado,Tienda,3,34000.0,0.0
T004372,C00562,2024-04-13,Hogar,Tienda,3,157000.0,0.0
T003134,C00396,2024-02-17,Hogar,Web,3,143900.0,0.3
T002766,C00343,2024-12-03,Hogar,Web,2,164300.0,0.0
T003073,C00387,2025-01-08,Belleza,App,2,59000.0,0.0
T002839,C00356,2024-03-24,Moda,App,1,103400.0,0.0
T010882,C01464,2024-03-21,Belleza,Tienda,1,63000.0,0.0
T007167,C00948,2024-12-25,Moda,Tienda,2,196200.0,0.0
T000593,C00075,2024-04-10,Mercado,App,3,29200.0,0.0
T008841,C01168,2024-07-21,Hogar,Web,3,104400.0,0.1
T009636,C01289,2025-04-29,Mercado,Tienda,1,37300.0,0.1
T010086,C01355,2023-09-11,Mercado,App,2,37000.0,0.0
T010675,C01436,2023-07-31,Mercado,Web,1,37000.0,0.0
T009645,C01291,2025-01-14,Mercado,App,3,40300.0,0.0
T010328,C01384,2024-06-07,Mercado,Tienda,1,50000.0,0.0
T003125,C00395,2023-04-08,Mercado,App,2,26100.0,0.0
T001590,C00200,2024-06-09,Mercado,App,3,39200.0,0.0
T002649,C00331,2024-07-22,Moda,Tienda,2,87900.0,0.1
T006971,C00920,2024-10-31,Belleza,App,-1,100400.0,0.3
T007899,C01042,2025-06-16,Mercado,Tienda,2,18700.0,0.0
T002907,C00363,2024-09-23,Moda,Tienda,2,189100.0,0.0
T000364,C00045,2025-03-04,Hogar,App,3,116900.0,0.0
T009495,C01267,2024-01-15,Belleza,App,2,46600.0,0.0
T001777,C00224,2023-12-29,Hogar,Web,3,123300.0,0.0
T001907,C00238,2024-07-17,Mercado,App,1,49500.0,0.1
T003200,C00405,2024-06-13,Mercado,App,2,30200.0,0.2
T005237,C00676,2024-12-17,Hogar,App,1,139900.0,0.0
T007780,C01023,2024-12-29,Mercado,Tienda,1,47600.0,0.0
T008852,C01170,2025-06-07,Mercado,Tienda,2,53000.0,0.0
T006606,C00871,2024-01-19,Mercado,App,1,29900.0,0.0
T009696,C01299,2024-06-18,Hogar,Tienda,2,126100.0,0.0
T001639,C00205,2025-02-05,Tecnología,Web,3,662600.0,0.2
T010193,C01369,2025-01-31,Mercado,Tienda,1,26300.0,0.0
T003719,C00470,2023-12-20,Mercado,App,1,39300.0,0.3
T007636,C01006,2024-09-24,Belleza,Tienda,2,48700.0,0.0
T004316,C00553,2024-09-15,Mercado,Tienda,1,58200.0,0.0
T004058,C00520,2024-02-13,Hogar,Tienda,2,162700.0,0.0
T000021,C00002,2024-06-13,Belleza,Tienda,1,23700.0,0.0
T004484,C00580,2025-04-13,Belleza,Web,2,48900.0,0.0
T002492,C00312,2023-07-30,Belleza,Web,1,22000.0,0.0
T009091,C01207,2023-11-18,Mercado,Tienda,3,26000.0,0.0
T001981,C00249,2024-08-26,Mercado,App,1,30700.0,0.0
T009769,C01314,2024-09-26,Moda,Tienda,1,109300.0,0.0
T006275,C00820,2024-11-12,Tecnología,Web,1,885000.0,0.0
T010284,C01381,2024-08-08,Belleza,Tienda,3,55300.0,0.0
T008118,C01076,2024-05-26,Mercado,App,1,24600.0,0.0
T002185,C00274,2024-05-06,Mercado,Tienda,1,43400.0,0.0
T002484,C00311,2024-06-17,Mercado,Web,3,39300.0,0.2
T009831,C01321,2024-02-12,Tecnología,App,3,131100.0,0.0
T007675,C01012,2024-06-06,Moda,Tienda,2,123400.0,0.0
T006182,C00805,2024-10-29,Mercado,Tienda,2,45200.0,0.0
T000890,C00114,2024-07-02,Mercado,Web,3,41700.0,0.0
T004868,C00630,2024-07-25,Tecnología,Tienda,3,996700.0,0.0
T006374,C00836,2024-08-23,Mercado,Web,2,48300.0,0.0
T002553,C00317,2025-02-21,Belleza,Tienda,3,51500.0,0.0
T000089,C00009,2024-12-11,Mercado,Tienda,3,41100.0,0.2
T000832,C00108,2023-12-06,Mercado,Tienda,1,46000.0,0.2
T006673,C00879,2024-04-22,Hogar,App,1,84900.0,0.3
T001614,C00203,2024-10-16,Mercado,Tienda,3,35600.0,0.2
T003402,C00428,2023-11-03,Mercado,Tienda,2,28300.0,0.0
T006180,C00804,2024-04-03,Moda,Tienda,3,214800.0,0.0
T004481,C00579,2024-02-25,Moda,Tienda,2,152200.0,0.0
T006398,C00838,2024-12-13,Moda,App,2,152900.0,0.0
T008779,C01160,2024-04-07,Mercado,Tienda,1,61500.0,0.0
T006570,C00867,2024-07-05,Belleza,App,3,95000.0,0.0
T008708,C01154,2024-05-23,Belleza,App,2,58200.0,0.0
T002505,C00313,2023-11-02,Belleza,Web,2,94600.0,0.0
T008663,C01148,2024-05-30,Moda,Tienda,1,71200.0,0.0
T008546,C01131,2024-06-12,Mercado,App,1,47000.0,0.3
T001867,C00235,2025-06-10,Mercado,Tienda,1,67200.0,0.0
T008801,C01163,2024-02-19,Moda,App,3,122800.0,0.0
T004546,C00587,2024-04-27,Belleza,Web,2,68000.0,0.0
T000755,C00096,2025-02-21,Belleza,App,3,33000.0,0.0
T005602,C00725,2024-09-20,Hogar,Web,3,145900.0,0.0
T010215,C01372,2023-10-23,Belleza,App,1,68800.0,0.1
T008831,C01166,2025-02-05,Hogar,Web,2,95700.0,0.0
T001620,C00204,2024-08-14,Mercado,App,2,63000.0,0.2
T000827,C00107,2024-10-31,Hogar,Tienda,2,69500.0,0.0
T001561,C00195,2024-04-22,Belleza,Web,2,70600.0,0.0
T001400,C00174,2024-10-18,Mercado,Web,2,34500.0,0.0
T003386,C00427,2024-12-03,Tecnología,App,2,338400.0,0.0
T000614,C00078,2024-02-06,Belleza,Tienda,3,77900.0,0.0
T006062,C00787,2023-11-01,Belleza,App,2,48800.0,0.0
T009539,C01273,2024-06-18,Mercado,App,1,38200.0,0.0
T006619,C00873,2025-04-28,Mercado,Tienda,3,55800.0,0.0
T008127,C01077,2024-08-25,Moda,Tienda,3,210400.0,0.0
T007107,C00941,2024-10-13,Hogar,Tienda,1,114600.0,0.0
T008449,C01119,2024-06-06,Mercado,App,3,21400.0,0.0
T006163,C00801,2024-03-02,Moda,App,1,142200.0,0.0
T009262,C01235,2025-01-12,Hogar,Tienda,3,92100.0,0.1
T007206,C00952,2024-06-03,Mercado,Web,2,52600.0,0.0
T002462,C00308,2025-06-14,Mercado,Tienda,3,60500.0,0.1
T006951,C00918,2025-03-13,Mercado,App,1,21000.0,0.0
T004924,C00637,2024-05-15,Mercado,Tienda,3,49800.0,0.0
T007566,C00998,2024-10-05,Mercado,App,2,49600.0,0.0
T000487,C00061,2025-05-25,Hogar,Tienda,3,116900.0,0.0
T009801,C01319,2024-03-22,Moda,Tienda,2,143300.0,0.0
T006422,C00842,2024-09-12,Hogar,Tienda,1,181900.0,0.0
T005675,C00733,2025-06-26,Moda,App,3,188200.0,0.0
T005161,C00669,2024-04-10,Mercado,Web,3,61700.0,0.2
T006035,C00784,2025-01-14,Mercado,Tienda,1,47600.0,0.0
T008499,C01126,2024-06-07,Mercado,Tienda,3,50600.0,0.2
T007061,C00936,2024-09-17,Belleza,Tienda,3,52900.0,0.0
T006107,C00794,2025-06-28,Belleza,Tienda,1,73700.0,0.0
T002070,C00260,2023-10-02,Moda,Tienda,2,288300.0,0.0
T000666,C00083,2024-03-12,Belleza,App,2,72900.0,0.0
T001007,C00131,2024-02-28,Moda,Tienda,1,181100.0,0.1
T007312,C00967,2023-08-05,Moda,Tienda,3,117500.0,0.0
T000546,C00068,2024-08-20,Mercado,App,2,42800.0,0.0
T000423,C00052,2023-11-19,Moda,Tienda,2,144800.0,0.0
T009639,C01290,2025-01-22,Tecnología,App,1,567100.0,0.0
T009561,C01275,2024-07-25,Mercado,App,3,57400.0,0.0
T010453,C01405,2024-08-17,Moda,Tienda,2,175600.0,0.0
T002077,C00260,2023-11-27,Mercado,Web,3,37900.0,0.1
T003839,C00484,2025-06-21,Mercado,Tienda,3,41500.0,0.0
T010665,C01435,2025-01-09,Mercado,Tienda,1,65500.0,0.0
T007342,C00969,2025-04-15,Belleza,Tienda,1,41400.0,0.0
T010214,C01372,2025-04-03,Hogar,Tienda,1,136900.0,0.0
T001039,C00135,2025-03-08,Mercado,App,1,38200.0,0.0
T003092,C00390,2024-01-15,Mercado,Tienda,2,19900.0,0.0
T008839,C01167,2024-09-17,Hogar,Web,3,102600.0,0.0
T001728,C00216,2024-10-25,Mercado,App,3,50500.0,0.0
T001141,C00145,2024-03-24,Belleza,Tienda,2,40800.0,0.0
T004888,C00631,2025-04-16,Belleza,App,2,80300.0,0.0
T007975,C01055,2025-03-31,Mercado,App,1,33300.0,0.0
T006755,C00895,2024-12-09,Hogar,Tienda,1,193500.0,0.0
T008996,C01193,2023-08-12,Belleza,Tienda,1,79500.0,0.0
T002518,C00315,2024-02-23,Belleza,App,1,76700.0,0.3
T005242,C00676,2025-04-09,Belleza,Tienda,3,47500.0,0.0
T005164,C00670,2024-05-30,Tecnología,App,1,743300.0,0.0
T010083,C01355,2024-12-13,Hogar,Tienda,3,116100.0,0.2
T009309,C01243,2024-12-21,Moda,Web,2,180400.0,0.0
T001921,C00240,2024-11-20,Hogar,Tienda,1,99500.0,0.0
T005197,C00672,2024-09-20,Hogar,Tienda,3,124800.0,0.0
T006525,C00858,2024-08-26,Mercado,Tienda,2,63900.0,0.0
T008091,C01071,2024-06-19,Mercado,App,3,53100.0,0.0
T001716,C00214,2025-05-17,Hogar,App,2,94100.0,0.0
T005737,C00743,2025-05-08,Mercado,Tienda,-1,45300.0,0.0
T006099,C00792,2025-03-08,Moda,App,1,224800.0,0.0
T005915,C00764,2024-02-12,Mercado,Web,1,34000.0,0.1
T008463,C01121,2025-03-22,Mercado,Tienda,3,47100.0,0.0
T002571,C00320,2023-12-25,Tecnología,Tienda,3,493900.0,0.2
T010981,C01478,2025-06-16,Tecnología,App,2,444200.0,0.0
T004073,C00521,2024-09-10,Mercado,Web,3,62200.0,0.0
T007925,C01048,2024-12-13,Hogar,Web,1,101900.0,0.3
T000586,C00075,2023-07-04,Belleza,Web,3,63200.0,0.0
T006184,C00805,2024-10-04,Mercado,App,1,70600.0,0.0
T001788,C00226,2024-12-07,Mercado,Tienda,3,59500.0,0.2
T000956,C00122,2024-12-24,Mercado,Tienda,3,42600.0,0.0
T010571,C01419,2025-02-05,Mercado,Web,3,51900.0,0.0
T003805,C00479,2024-09-16,Moda,Tienda,3,214700.0,0.0
T002758,C00342,2024-06-14,Moda,App,2,179300.0,0.0
T010367,C01390,2025-01-15,Mercado,App,1,38700.0,0.0
T006345,C00831,2024-12-07,Hogar,App,3,93900.0,0.1
T007576,C01000,2024-08-26,Hogar,App,2,116000.0,0.0
T010357,C01389,2024-11-27,Mercado,Tienda,3,9200.0,0.0
T009670,C01295,2024-08-03,Mercado,Tienda,2,32200.0,0.0
T002015,C00252,2023-11-12,Mercado,Web,2,37500.0,0.3
T004112,C00527,2024-10-24,Mercado,Tienda,1,36100.0,0.0
T005986,C00775,2024-02-17,Hogar,Tienda,2,62000.0,0.0
T000376,C00047,2024-12-26,Moda,App,1,166700.0,0.0
T004640,C00597,2024-01-06,Hogar,App,1,90000.0,0.0
T010492,C01410,2023-11-08,Moda,Tienda,1,71900.0,0.0
T006717,C00886,2025-02-03,Mercado,App,3,35300.0,0.0
T004427,C00570,2024-08-31,Mercado,Web,1,32900.0,0.0
T010272,C01379,2024-06-11,Mercado,Tienda,3,17800.0,0.0
T008727,C01158,2024-02-02,Moda,Web,2,153900.0,0.0
T010506,C01411,2023-03-13,Mercado,App,1,41700.0,0.0
T010488,C01409,2023-12-23,Mercado,Tienda,3,36800.0,0.0
T005061,C00652,2025-02-11,Mercado,Tienda,1,46500.0,0.0
T010603,C01425,2024-01-07,Tecnología,Tienda,3,755900.0,0.0
T004283,C00551,2025-03-16,Hogar,Web,2,153600.0,0.0
T003062,C00385,2024-09-06,Hogar,Tienda,2,152100.0,0.0
T009460,C01264,2024-12-26,Tecnología,Tienda,3,693900.0,0.1
T008224,C01090,2025-04-14,Tecnología,Web,2,792700.0,0.0
T004368,C00560,2024-11-12,Tecnología,Tienda,2,733500.0,0.1
T004818,C00621,2024-08-02,Tecnología,App,2,694100.0,0.0
T005400,C00701,2025-02-12,Tecnología,App,1,170800.0,0.0
T002998,C00373,2024-10-11,Moda,Web,1,192000.0,0.0
T001034,C00135,2025-01-27,Belleza,Tienda,2,68400.0,0.0
T002536,C00317,2024-05-19,Mercado,Tienda,2,63200.0,0.0
T005147,C00667,2025-06-03,Mercado,App,2,59100.0,0.0
T005148,C00667,2025-05-09,Mercado,Web,3,54500.0,0.0
T003041,C00381,2023-09-05,Mercado,Web,2,41600.0,0.0
T007006,C00925,2024-08-15,Belleza,Tienda,3,67100.0,0.0
T008191,C01085,2023-11-10,Mercado,Tienda,2,55500.0,0.3
T009668,C01294,2024-07-28,Mercado,Tienda,2,74100.0,0.0
T009525,C01272,2024-07-03,Mercado,Tienda,2,58400.0,0.1
T004113,C00527,2024-08-21,Hogar,Tienda,2,110600.0,0.0
T001609,C00203,2024-10-04,Mercado,Tienda,2,50600.0,0.2
T005088,C00656,2025-05-04,Hogar,Tienda,2,150100.0,0.0
T005535,C00718,2024-08-29,Hogar,Web,3,121300.0,0.0
T010771,C01447,2024-01-15,Hogar,Tienda,2,208400.0,0.0
T010569,C01419,2024-09-15,Moda,Web,1,92300.0,0.0
T004628,C00596,2025-01-29,Belleza,Web,3,75400.0,0.0
T004371,C00562,2024-08-03,Hogar,Tienda,1,107400.0,0.0
T010176,C01367,2023-08-29,Tecnología,Web,3,459300.0,0.0
T000295,C00035,2025-04-22,Hogar,App,2,95000.0,0.0
T001838,C00234,2025-03-26,Hogar,App,3,147700.0,0.0
T010970,C01476,2024-05-25,Mercado,Tienda,3,30200.0,0.0
T009957,C01338,2023-04-04,Mercado,Tienda,3,53000.0,0.0
T011084,C01494,2025-03-06,Belleza,Tienda,3,48400.0,0.0
T008301,C01100,2023-08-16,Mercado,Tienda,1,33800.0,0.0
T004537,C00585,2024-09-22,Moda,Web,1,94200.0,0.0
T005692,C00736,2024-10-28,Mercado,Web,2,66500.0,0.1
T007100,C00940,2024-04-18,Mercado,App,1,28500.0,0.0
T003906,C00494,2024-02-21,Belleza,App,3,56200.0,0.0
T009265,C01236,2024-02-07,Mercado,Web,3,33800.0,0.0
T002374,C00301,2024-04-17,Mercado,Web,1,36000.0,0.0
T005453,C00708,2024-09-10,Mercado,Tienda,2,45500.0,0.0
T007565,C00998,2023-10-25,Hogar,App,3,134600.0,0.0
T010672,C01435,2024-03-23,Mercado,Tienda,1,40500.0,0.0
T004693,C00601,2025-02-04,Moda,Tienda,1,107200.0,0.0
T001963,C00246,2024-11-18,Belleza,App,3,59800.0,0.3
T003747,C00473,2024-08-25,Moda,App,2,125200.0,0.0
T006060,C00787,2024-05-14,Mercado,Tienda,1,22900.0,0.0
T000799,C00102,2024-06-14,Moda,Web,2,154100.0,0.0
T001526,C00191,2024-09-24,Mercado,Web,3,68800.0,0.0
T002831,C00354,2024-03-14,Mercado,Tienda,3,46800.0,0.0
T009804,C01319,2024-04-14,Hogar,Tienda,1,139100.0,0.0
T001257,C00160,2025-04-22,Mercado,Tienda,1,56100.0,0.0
T003982,C00505,2024-03-22,Mercado,Tienda,1,38200.0,0.0
T003715,C00470,2024-12-14,Mercado,Tienda,3,38800.0,0.1
T003371,C00427,2024-08-27,Belleza,App,3,69000.0,0.3
T002299,C00286,2023-07-02,Mercado,Tienda,3,47000.0,0.0
T006813,C00901,2024-09-15,Mercado,App,3,31000.0,0.0
T011042,C01486,2025-06-20,Mercado,Tienda,3,21100.0,0.0
T007693,C01014,2024-06-26,Belleza,Tienda,2,89900.0,0.0
T002612,C00325,2025-03-29,Tecnología,Tienda,2,535500.0,0.1
T001411,C00175,2024-06-15,Hogar,Web,3,88700.0,0.1
T003057,C00384,2025-02-23,Mercado,Tienda,2,33700.0,0.0
T007771,C01021,2024-01-15,Hogar,Tienda,1,113200.0,0.0
T003458,C00434,2024-05-31,Moda,Tienda,1,222600.0,0.0
T002250,C00283,2024-01-22,Mercado,Web,2,48500.0,0.0
T008094,C01072,2024-10-28,Moda,Tienda,1,81200.0,0.0
T001282,C00163,2023-07-02,Mercado,Web,3,66400.0,0.0
T010279,C01380,2024-06-04,Tecnología,Tienda,1,645100.0,0.3
T008284,C01099,2024-07-02,Mercado,Tienda,3,42300.0,0.0
T003979,C00504,2024-12-28,Mercado,Tienda,2,47400.0,0.3
T007574,C00999,2024-06-01,Moda,App,2,163800.0,0.0
T001790,C00226,2024-07-14,Mercado,Tienda,3,41500.0,0.0
T008498,C01126,2023-10-29,Mercado,Tienda,1,18400.0,0.0
T011098,C01495,2024-05-21,Moda,Tienda,3,210300.0,0.0
T009004,C01193,2023-12-07,Moda,Tienda,1,106100.0,0.0
T002916,C00364,2024-08-31,Hogar,Web,2,136800.0,0.0
T003931,C00497,2024-05-12,Mercado,App,3,79700.0,0.0
T010909,C01469,2024-01-01,Hogar,App,3,107400.0,0.0
T008810,C01164,2025-03-23,Hogar,App,2,117000.0,0.0
T010078,C01355,2023-11-26,Belleza,Tienda,2,46000.0,0.0
T010790,C01449,2024-08-06,Moda,App,3,62600.0,0.2
T009193,C01222,2024-11-14,Mercado,App,1,35400.0,0.0
T008533,C01130,2024-08-05,Moda,Tienda,2,148500.0,0.0
T004665,C00599,2024-12-25,Mercado,Tienda,2,46200.0,0.0
T009128,C01212,2024-08-10,Mercado,Tienda,3,33100.0,0.1
T005424,C00704,2025-04-18,Tecnología,Tienda,1,868400.0,0.3
T002016,C00253,2024-03-21,Mercado,Tienda,3,33200.0,0.0
T007610,C01003,2025-03-20,Moda,Tienda,2,94100.0,0.0
T002742,C00340,2025-05-16,Tecnología,Tienda,1,558900.0,0.1
T010643,C01433,2023-09-25,Hogar,Web,1,94600.0,0.0
T001553,C00194,2025-06-22,Hogar,Web,3,88900.0,0.0
T009055,C01199,2024-11-09,Moda,Tienda,3,196700.0,0.2
T004171,C00532,2024-09-09,Belleza,App,1,107600.0,0.0
T002511,C00315,2024-04-21,Mercado,Tienda,1,42000.0,0.0
T000182,C00021,2023-11-29,Moda,Tienda,1,195800.0,0.0
T006998,C00924,2024-03-20,Mercado,Web,3,40600.0,0.2
T011036,C01485,2024-10-12,Belleza,Web,1,51600.0,0.0
T005920,C00766,2024-01-29,Belleza,Tienda,2,92000.0,0.0
T005723,C00741,2024-07-12,Belleza,Tienda,1,48900.0,0.0
T007449,C00983,2025-06-11,Hogar,App,3,104600.0,0.0
T001485,C00187,2024-09-06,Mercado,Web,1,39300.0,0.0
T000058,C00006,2024-02-28,Hogar,App,2,56200.0,0.0
T000626,C00080,2023-06-01,Hogar,Web,3,71400.0,0.0
T010568,C01419,2025-02-13,Belleza,App,1,86400.0,0.0
T001495,C00188,2024-09-18,Belleza,App,1,65800.0,0.0
T009765,C01312,2025-02-10,Mercado,Tienda,2,35700.0,0.0
T006879,C00911,2024-08-13,Mercado,App,3,34700.0,0.0
T005784,C00749,2025-01-06,Mercado,Tienda,3,57800.0,0.0
T002234,C00281,2025-02-04,Mercado,Web,3,69100.0,0.0
T004597,C00592,2024-05-09,Tecnología,App,2,679600.0,0.1
T008394,C01113,2024-08-23,Hogar,App,2,58900.0,0.0
T009908,C01330,2024-12-21,Hogar,Web,2,120800.0,0.2
T002001,C00251,2024-09-15,Moda,Tienda,1,155800.0,0.0
T000080,C00008,2023-06-21,Mercado,App,3,32100.0,0.0
T005754,C00746,2024-11-24,Belleza,App,2,79700.0,0.0
T008863,C01173,2025-06-03,Hogar,Tienda,3,172600.0,0.0
T000203,C00023,2025-02-05,Moda,Tienda,1,167800.0,0.0
T008050,C01065,2024-09-22,Belleza,Tienda,3,84200.0,0.0
T001210,C00155,2025-04-16,Mercado,Tienda,3,28500.0,0.1
T008713,C01155,2024-08-20,Belleza,App,2,69700.0,0.2
T004152,C00530,2024-02-13,Mercado,App,2,23300.0,0.2
T005446,C00707,2025-01-27,Hogar,App,3,142400.0,0.0
T007774,C01021,2025-06-09,Mercado,Tienda,1,50400.0,0.0
T000714,C00091,2024-03-15,Moda,App,3,108100.0,0.0
T000886,C00114,2024-11-13,Mercado,App,1,36000.0,0.0
T007147,C00945,2023-10-12,Belleza,App,1,60800.0,0.3
T004975,C00641,2024-10-01,Mercado,App,2,30800.0,0.0
T000681,C00084,2023-09-18,Mercado,Tienda,1,35800.0,0.0
T008105,C01074,2024-01-20,Hogar,App,3,127700.0,0.0
T005699,C00738,2024-08-07,Moda,Web,3,49600.0,0.0
T002454,C00306,2024-01-22,Hogar,Web,3,145200.0,0.0
T004714,C00603,2024-08-15,Moda,Tienda,1,202700.0,0.0
T001683,C00210,2024-04-10,Mercado,Tienda,1,48500.0,0.0
T006368,C00835,2025-04-13,Hogar,Web,3,133500.0,0.2
T010147,C01363,2024-09-08,Hogar,Tienda,3,165800.0,0.0
T007333,C00968,2024-11-14,Moda,App,3,138100.0,0.0
T008505,C01126,2024-02-19,Moda,Tienda,2,162900.0,0.2
T009209,C01225,2024-05-16,Belleza,Tienda,3,81700.0,0.3
T007567,C00998,2024-09-28,Mercado,App,3,45300.0,0.0
T010207,C01371,2024-05-25,Tecnología,Tienda,3,631400.0,0.0
T005122,C00661,2023-06-17,Hogar,Tienda,1,106000.0,0.0
T006967,C00919,2025-02-24,Mercado,App,1,43400.0,0.3
T001880,C00236,2024-09-01,Hogar,App,1,167400.0,0.0
T008914,C01178,2024-03-11,Hogar,Tienda,3,89100.0,0.0
T010838,C01457,2024-12-01,Mercado,Tienda,2,47000.0,0.3
T008459,C01121,2024-05-17,Tecnología,Tienda,3,791800.0,0.0
T002137,C00266,2024-10-16,Mercado,App,2,16500.0,0.0
T003314,C00419,2024-12-27,Tecnología,Tienda,2,759500.0,0.0
T001380,C00172,2023-04-30,Tecnología,Web,2,462000.0,0.0
T006240,C00814,2024-08-01,Hogar,Tienda,1,132700.0,0.1
T003169,C00402,2023-06-29,Moda,Tienda,2,146100.0,0.2
T009356,C01251,2024-04-08,Moda,Tienda,3,176000.0,0.3
T004354,C00559,2023-08-17,Mercado,App,1,46300.0,0.0
T010267,C01379,2024-06-11,Mercado,Tienda,1,54000.0,0.0
T007099,C00940,2024-07-04,Mercado,Tienda,3,47100.0,0.0
T008644,C01143,2025-04-19,Mercado,App,2,54800.0,0.3
T010344,C01385,2025-01-31,Mercado,Tienda,2,50700.0,0.3
T007378,C00973,2025-03-08,Belleza,Tienda,1,106000.0,0.0
T009604,C01285,2025-02-02,Mercado,App,1,46000.0,0.0
T011018,C01482,2024-08-28,Mercado,Tienda,3,22200.0,0.0
T006679,C00881,2024-02-15,Moda,Tienda,3,151400.0,0.0
T006584,C00867,2025-02-11,Moda,Tienda,1,60600.0,0.3
T010504,C01410,2024-04-20,Mercado,Tienda,3,26900.0,0.0
T003844,C00484,2024-10-04,Moda,Tienda,1,178000.0,0.0
T010686,C01438,2024-07-19,Hogar,App,3,96900.0,0.1
T006867,C00909,2024-08-07,Mercado,App,2,38700.0,0.0
T007670,C01011,2024-09-08,Tecnología,Tienda,3,728000.0,0.0
T008221,C01090,2024-08-30,Mercado,Tienda,3,52300.0,0.2
T005063,C00652,2025-05-19,Mercado,App,3,20800.0,0.0
T006146,C00800,2024-04-04,Belleza,Tienda,3,6800.0,0.0
T005823,C00755,2025-04-23,Mercado,Tienda,2,34200.0,0.1
T007249,C00959,2023-12-19,Mercado,Tienda,1,38600.0,0.1
T000291,C00035,2025-06-18,Belleza,App,2,74100.0,0.0
T002962,C00369,2024-08-04,Moda,App,2,139900.0,0.0
T009860,C01324,2023-04-02,Moda,App,2,80000.0,0.0
T003954,C00500,2023-10-21,Moda,App,1,65100.0,0.0
T000994,C00130,2025-01-06,Moda,Tienda,2,,0.2
T010065,C01354,2023-05-07,Mercado,App,1,40500.0,0.3
T009887,C01326,2025-03-27,Hogar,Tienda,2,115300.0,0.0
T003510,C00439,2024-02-13,Moda,Web,1,155700.0,0.0
T000393,C00049,2025-03-13,Belleza,Tienda,1,58200.0,0.0
T003926,C00497,2024-04-13,Mercado,Web,1,32000.0,0.1
T005834,C00755,2024-12-18,Moda,Tienda,1,216600.0,0.1
T010610,C01426,2024-12-15,Moda,Web,1,48700.0,0.0
T008856,C01172,2024-08-29,Mercado,Web,3,61900.0,0.0
T002172,C00273,2024-06-22,Mercado,App,2,48700.0,0.0
T007268,C00961,2025-02-27,Mercado,Tienda,3,48500.0,0.0
T000088,C00009,2023-10-10,Hogar,Web,1,151200.0,0.0
T003104,C00391,2024-03-31,Tecnología,Tienda,3,840000.0,0.0
T004179,C00534,2025-03-17,Mercado,Tienda,3,57100.0,0.0
T009754,C01312,2025-05-26,Belleza,Tienda,3,80400.0,0.0
T010980,C01478,2024-05-04,Tecnología,Tienda,2,696000.0,0.0
T009505,C01268,2024-09-30,Moda,Web,3,51400.0,0.2
T000262,C00030,2024-01-01,Belleza,Tienda,1,52600.0,0.2
T000607,C00077,2025-02-28,Moda,App,3,133300.0,0.0
T009531,C01272,2024-07-08,Moda,App,1,202100.0,0.0
T009828,C01321,2025-05-31,Mercado,Tienda,1,56600.0,0.0
T005462,C00709,2025-02-26,Hogar,App,1,91300.0,0.3
T005135,C00664,2025-04-28,Hogar,Tienda,1,75600.0,0.0
T002129,C00265,2024-11-14,Belleza,Tienda,1,124700.0,0.3
T007953,C01051,2024-05-05,Belleza,Web,3,8900.0,0.0
T008752,C01159,2025-04-08,Mercado,Tienda,1,24300.0,0.0
T006023,C00781,2024-06-29,Belleza,Tienda,3,48700.0,0.0
T000948,C00121,2024-11-15,Tecnología,Tienda,3,922300.0,0.0
T008502,C01126,2023-12-05,Belleza,Web,2,49300.0,0.1
T009882,C01326,2024-09-22,Hogar,Tienda,3,87600.0,0.0
T002964,C00369,2025-04-10,Moda,App,3,162000.0,0.0
T010950,C01474,2023-11-22,Hogar,App,2,140900.0,0.0
T001396,C00173,2025-04-13,Moda,Tienda,1,148400.0,0.0
T006419,C00842,2023-11-11,Belleza,Tienda,3,80600.0,0.0
T010729,C01442,2024-06-10,Belleza,App,2,79900.0,0.0
T002664,C00333,2025-02-28,Mercado,Tienda,1,57200.0,0.0
T003795,C00477,2023-08-24,Tecnología,Tienda,1,760500.0,0.0
T006496,C00854,2023-11-09,Mercado,App,3,62300.0,0.0
T007667,C01011,2024-01-17,Moda,Tienda,3,256600.0,0.0
T000775,C00100,2024-05-26,Mercado,Web,2,51800.0,0.2
T008298,C01099,2024-05-30,Mercado,Tienda,2,71600.0,0.0
T001146,C00145,2024-04-11,Belleza,App,3,74300.0,0.0
T009709,C01303,2024-08-26,Moda,Tienda,3,149600.0,0.0
T006159,C00801,2024-11-13,Hogar,App,3,67300.0,0.0
T004743,C00607,2025-06-29,Belleza,Tienda,2,71600.0,0.0
T010122,C01359,2024-04-18,Mercado,App,3,35800.0,0.3
T003962,C00501,2024-11-28,Hogar,App,1,135400.0,0.0
T004072,C00521,2023-09-21,Moda,Tienda,3,141700.0,0.1
T008169,C01084,2024-05-17,Mercado,Web,2,62700.0,0.0
T009066,C01203,2024-09-25,Mercado,Tienda,1,45200.0,0.0
T009917,C01332,2023-06-29,Hogar,Tienda,2,152200.0,0.0
T003070,C00386,2024-10-27,Hogar,App,3,114700.0,0.0
T007578,C01000,2024-09-24,Hogar,Web,1,132400.0,0.0
T010118,C01359,2024-07-12,Moda,Tienda,2,182000.0,0.0
T001719,C00214,2023-02-10,Mercado,App,1,54100.0,0.0
T000560,C00071,2024-07-16,Hogar,Tienda,1,84500.0,0.0
T000211,C00024,2025-02-01,Hogar,App,3,78400.0,0.0
T007035,C00930,2024-01-01,Tecnología,Web,3,1149600.0,0.0
T005565,C00721,2023-01-31,Mercado,App,2,56800.0,0.0
T007799,C01025,2023-12-24,Moda,App,3,106500.0,0.2
T007671,C01011,2024-08-30,Hogar,App,1,157000.0,0.0
T000257,C00029,2024-10-29,Mercado,App,1,56200.0,0.0
T003085,C00389,2024-11-04,Mercado,App,1,21200.0,0.0
T004695,C00601,2024-07-31,Mercado,App,1,36500.0,0.0
T009718,C01305,2024-04-01,Mercado,App,1,27100.0,0.0
T003575,C00450,2023-05-13,Moda,Web,1,105300.0,0.0
T006734,C00891,2023-06-25,Moda,Tienda,3,175600.0,0.0
T003849,C00484,2024-01-21,Tecnología,Tienda,2,416800.0,0.0
T008146,C01080,2024-10-08,Tecnología,Web,1,286700.0,0.0
T004434,C00570,2024-08-13,Belleza,App,1,88300.0,0.0
T009579,C01278,2025-01-29,Belleza,App,2,97500.0,0.0
T004539,C00585,2025-03-14,Hogar,Web,1,78400.0,0.3
T003750,C00473,2024-03-13,Belleza,App,1,51500.0,0.0
T000858,C00111,2025-06-25,Mercado,App,3,30700.0,0.0
T010386,C01393,2024-09-23,Mercado,App,1,13100.0,0.1
T008672,C01150,2024-03-28,Mercado,Web,3,37500.0,0.0
T003651,C00462,2024-06-30,Mercado,Tienda,2,15900.0,0.0
T006090,C00791,2024-05-08,Mercado,Tienda,3,39100.0,0.0
T005738,C00743,2024-10-29,Mercado,App,3,31500.0,0.0
T006840,C00905,2024-09-29,Hogar,Tienda,3,133200.0,0.0
T008378,C01112,2025-06-29,Moda,Tienda,1,69600.0,0.0
T004363,C00559,2024-03-09,Hogar,Web,2,103400.0,0.0
T001403,C00174,2024-05-22,Mercado,App,3,33200.0,0.0
T006885,C00911,2024-12-01,Tecnología,App,1,531400.0,0.0
T008256,C01097,2023-12-09,Mercado,Tienda,2,63000.0,0.3
T000183,C00021,2024-06-20,Hogar,Tienda,1,136300.0,0.0
T008946,C01182,2025-03-02,Mercado,Tienda,1,39100.0,0.3
T001951,C00245,2024-07-27,Tecnología,App,-1,814400.0,0.0
T003305,C00418,2024-06-30,Mercado,Tienda,2,54500.0,0.0
T003400,C00428,2024-06-30,Moda,App,3,248600.0,0.0
T003443,C00434,2023-12-05,Tecnología,Tienda,1,692400.0,0.0
T006656,C00877,2024-12-04,Hogar,Tienda,3,118600.0,0.0
T005365,C00694,2024-07-16,Mercado,App,1,52100.0,0.0
T001571,C00196,2025-04-12,Mercado,Tienda,3,59300.0,0.0
T008496,C01126,2024-12-19,Mercado,Web,3,32600.0,0.0
T006270,C00819,2024-07-09,Tecnología,Tienda,3,413800.0,0.0
T009700,C01301,2025-05-13,Mercado,Tienda,3,57300.0,0.0
T009778,C01315,2024-03-10,Tecnología,Tienda,2,682600.0,0.3
T005728,C00742,2024-08-19,Hogar,Tienda,3,142800.0,0.0
T005443,C00707,2024-12-02,Mercado,App,1,39100.0,0.0
T005091,C00656,2025-06-12,Mercado,Web,2,28900.0,0.0
T005494,C00714,2023-12-22,Mercado,Tienda,2,23600.0,0.2
T004722,C00604,2024-04-03,Mercado,Tienda,3,24100.0,0.0
T000462,C00057,2024-12-01,Mercado,Tienda,1,45400.0,0.0
T007243,C00959,2023-09-28,Hogar,Web,2,153400.0,0.0
T005642,C00728,2023-12-22,Mercado,Tienda,3,28900.0,0.3
T003109,C00392,2024-07-11,Hogar,Tienda,3,112300.0,0.0
T002584,C00322,2025-02-24,Mercado,App,3,34800.0,0.0
T009393,C01254,2025-01-24,Mercado,App,3,70800.0,0.0
T009187,C01222,2023-12-21,Mercado,Tienda,2,25600.0,0.2
T007645,C01007,2025-02-26,Mercado,Tienda,1,48300.0,0.0
T002106,C00264,2024-03-07,Belleza,Web,3,72800.0,0.0
T005381,C00697,2023-10-24,Moda,Tienda,1,150400.0,0.0
T008666,C01148,2025-06-21,Belleza,App,2,93900.0,0.0
T004038,C00518,2025-05-11,Mercado,App,1,36500.0,0.3
T009038,C01198,2025-02-13,Mercado,Web,2,53900.0,0.0
T001065,C00137,2025-04-24,Mercado,Tienda,1,41700.0,0.0
T008247,C01094,2024-07-31,Mercado,App,3,33800.0,0.0
T010406,C01396,2024-05-13,Belleza,Web,3,95200.0,0.0
T008312,C01101,2023-10-21,Moda,Tienda,2,124900.0,0.3
T000822,C00106,2024-04-15,Mercado,Tienda,1,69900.0,0.3
T002944,C00367,2024-07-11,Hogar,Tienda,3,147900.0,0.0
T004760,C00610,2024-02-15,Mercado,Tienda,2,48400.0,0.0
T001337,C00169,2024-12-26,Belleza,Tienda,2,46300.0,0.0
T005678,C00734,2025-06-09,Mercado,Web,2,19700.0,0.0
T005888,C00760,2025-06-19,Moda,App,2,105900.0,0.1
T004236,C00542,2023-09-10,Hogar,Tienda,1,149400.0,0.0
T005403,C00702,2023-08-26,Moda,Web,1,109200.0,0.0
T006372,C00836,2025-04-27,Hogar,Tienda,2,118700.0,0.0
T010878,C01463,2024-05-22,Mercado,Tienda,3,35100.0,0.0
T005989,C00775,2025-01-02,Mercado,Tienda,1,36000.0,0.0
T003342,C00424,2024-02-20,Mercado,Web,3,56300.0,0.0
T008572,C01134,2024-02-13,Hogar,Tienda,3,157800.0,0.2
T010560,C01417,2024-09-20,Mercado,Web,2,50900.0,0.0
T006933,C00917,2025-06-19,Moda,Tienda,1,222200.0,0.2
T001219,C00156,2024-10-09,Mercado,Tienda,1,45500.0,0.0
T002729,C00339,2024-02-26,Moda,Web,2,120900.0,0.0
T007295,C00965,2023-10-14,Tecnología,Web,3,612700.0,0.1
T010110,C01359,2024-01-24,Belleza,App,3,119800.0,0.2
T006577,C00867,2025-01-10,Hogar,Tienda,3,137600.0,0.0
T001537,C00192,2024-10-17,Belleza,Tienda,2,44400.0,0.1
T008647,C01143,2024-09-20,Hogar,Tienda,3,69000.0,0.0
T003835,C00483,2025-02-15,Hogar,Tienda,3,18900.0,0.3
T001958,C00246,2025-05-04,Belleza,App,3,79300.0,0.0
T004708,C00603,2024-06-02,Hogar,Web,3,89000.0,0.3
T006450,C00846,2023-12-24,Mercado,Web,1,59100.0,0.0
T008004,C01059,2025-05-29,Moda,App,3,178900.0,0.0
T010029,C01349,2024-12-20,Mercado,Web,3,35200.0,0.0
T010542,C01414,2024-10-05,Belleza,Tienda,2,90100.0,0.0
T005718,C00740,2023-07-20,Belleza,Web,2,101600.0,0.2
T007879,C01037,2025-03-04,Hogar,App,2,61100.0,0.0
T008132,C01078,2023-11-20,Hogar,Tienda,3,80900.0,0.0
T002127,C00265,2024-01-15,Mercado,Tienda,2,44800.0,0.0
T011055,C01489,2024-03-16,Belleza,Tienda,2,77100.0,0.2
T010476,C01408,2024-01-04,Mercado,Tienda,2,48400.0,0.0
T002852,C00357,2025-04-17,Moda,Tienda,-1,224200.0,0.0
T003819,C00481,2024-02-28,Tecnología,Tienda,1,1170000.0,0.0
T009632,C01288,2025-01-22,Mercado,Tienda,1,57200.0,0.0
T002130,C00265,2025-06-13,Belleza,App,3,54100.0,0.3
T002756,C00341,2024-10-20,Hogar,Tienda,2,120500.0,0.0
T003142,C00397,2024-10-22,Hogar,App,3,62400.0,0.0
T001844,C00234,2024-07-05,Mercado,App,3,38400.0,0.0
T000910,C00116,2024-11-28,Hogar,App,3,116900.0,0.0
T004149,C00530,2025-04-22,Hogar,App,2,133900.0,0.0
T009002,C01193,2024-11-23,Moda,Tienda,1,140700.0,0.0
T005616,C00726,2024-04-05,Belleza,App,1,66900.0,0.0
T006890,C00912,2023-09-09,Hogar,Tienda,1,143400.0,0.0
T001798,C00228,2024-06-11,Belleza,App,2,81600.0,0.0
T008266,C01097,2025-06-22,Tecnología,Web,2,733400.0,0.0
T003685,C00467,2025-05-20,Hogar,Tienda,3,103500.0,0.0
T005835,C00755,2024-08-09,Mercado,Tienda,2,29200.0,0.3
T005873,C00760,2025-02-01,Belleza,App,1,81800.0,0.0
T007226,C00956,2024-02-18,Moda,Web,3,143200.0,0.0
T009420,C01256,2024-09-19,Mercado,Tienda,1,66700.0,0.1
T010281,C01380,2024-05-31,Belleza,Web,2,40900.0,0.0
T004700,C00602,2025-02-28,Tecnología,Tienda,3,708200.0,0.3
T007918,C01046,2025-05-27,Mercado,App,1,41200.0,0.1
T002328,C00289,2024-11-03,Hogar,Tienda,1,113000.0,0.1
T007863,C01034,2024-07-29,Belleza,Web,2,93100.0,0.0
T010827,C01456,2024-03-09,Mercado,App,3,43700.0,0.0
T000876,C00114,2024-08-30,Mercado,Tienda,2,53400.0,0.0
T004330,C00555,2024-09-15,Hogar,App,1,99600.0,0.0
T004478,C00579,2024-11-23,Mercado,Tienda,3,34700.0,0.0
T003823,C00482,2024-02-27,Mercado,App,1,39800.0,0.0
T004159,C00531,2023-05-17,Mercado,Tienda,2,64700.0,0.0
T001756,C00220,2024-02-19,Mercado,Tienda,1,64500.0,0.0
T002347,C00292,2024-02-26,Belleza,Tienda,2,87700.0,0.0
T000306,C00038,2024-06-19,Mercado,Web,1,27300.0,0.0
T003760,C00474,2024-03-13,Mercado,Web,2,31400.0,0.0
T000069,C00006,2023-10-29,Moda,Web,1,135000.0,0.0
T000473,C00059,2024-11-25,Mercado,Tienda,2,55300.0,0.0
T009703,C01302,2024-09-14,Mercado,Tienda,1,41400.0,0.0
T003026,C00379,2025-02-19,Belleza,App,2,76700.0,0.3
T005890,C00761,2025-04-29,Mercado,Web,1,58100.0,0.0
T010251,C01377,2023-06-16,Belleza,App,3,44100.0,0.0
T004928,C00637,2024-05-15,Moda,Tienda,3,165900.0,0.0
T007503,C00990,2025-06-26,Mercado,App,1,52200.0,0.2
T003278,C00414,2025-01-30,Moda,App,2,165700.0,0.0
T005222,C00675,2024-06-30,Belleza,Tienda,3,79000.0,0.2
T000436,C00053,2025-03-21,Mercado,App,1,34300.0,0.1
T002383,C00302,2024-06-09,Hogar,Tienda,1,96100.0,0.0
T010974,C01477,2025-02-06,Mercado,App,3,35600.0,0.0
T000062,C00006,2025-02-12,Belleza,Tienda,1,94200.0,0.0
T002259,C00283,2024-11-03,Belleza,Tienda,3,82900.0,0.0
T001172,C00148,2025-03-02,Mercado,Web,3,34200.0,0.0
T004092,C00524,2024-07-21,Mercado,Web,1,68000.0,0.0
T008154,C01081,2025-03-09,Mercado,Tienda,1,43200.0,0.0
T010742,C01442,2024-10-17,Mercado,Web,2,59000.0,0.0
T006095,C00792,2025-05-07,Mercado,Tienda,1,78100.0,0.0
T001584,C00198,2024-05-09,Moda,Tienda,3,145900.0,0.0
T000568,C00073,2024-05-23,Tecnología,Web,2,670400.0,0.0
T001059,C00136,2024-06-26,Mercado,App,2,27800.0,0.0
T006598,C00870,2024-03-03,Hogar,Web,2,106600.0,0.0
T003652,C00462,2024-05-26,Moda,Tienda,3,158500.0,0.0
T003810,C00480,2023-05-10,Mercado,App,1,55800.0,0.0
T000362,C00045,2024-10-17,Tecnología,Tienda,2,717200.0,0.0
T001222,C00156,2025-06-21,Hogar,App,1,97000.0,0.0
T006589,C00868,2025-03-27,Tecnología,Web,3,1063000.0,0.0
T003813,C00480,2024-05-04,Belleza,Tienda,1,90500.0,0.0
T004911,C00636,2024-05-11,Belleza,Web,3,65000.0,0.1
T006010,C00779,2025-02-12,Belleza,Tienda,2,86600.0,0.0
T010785,C01448,2025-06-09,Mercado,Tienda,3,60800.0,0.0
T010043,C01350,2024-03-04,Mercado,Tienda,3,51900.0,0.0
T008180,C01085,2025-04-26,Mercado,Tienda,3,58500.0,0.0
T002710,C00338,2024-10-04,Moda,Tienda,2,175000.0,0.0
T002482,C00310,2025-06-23,Mercado,Web,2,77300.0,0.0
T002390,C00302,2025-01-19,Hogar,Web,3,168000.0,0.0
T006743,C00893,2025-04-04,Belleza,Web,3,17100.0,0.0
T004261,C00547,2023-08-08,Mercado,Tienda,1,51600.0,0.0
T008924,C01179,2025-03-07,Hogar,App,2,167800.0,0.0
T000627,C00080,2024-12-09,Mercado,Web,3,38400.0,0.0
T000729,C00093,2025-03-16,Belleza,Web,1,109700.0,0.2
T000288,C00035,2024-10-31,Belleza,Web,2,75800.0,0.0
T003605,C00454,2025-03-20,Mercado,Tienda,1,54000.0,0.0
T010823,C01456,2024-12-18,Tecnología,App,1,487600.0,0.0
T001959,C00246,2024-08-06,Tecnología,App,2,856100.0,0.0
T002121,C00265,2025-05-18,Mercado,Web,3,45500.0,0.3
T001807,C00229,2025-02-28,Tecnología,Tienda,1,793600.0,0.0
T004186,C00535,2024-02-05,Hogar,App,2,149200.0,0.0
T011105,C01496,2025-05-23,Moda,Web,2,157500.0,0.0
T005131,C00664,2024-10-07,Mercado,Tienda,1,60700.0,0.0
T002128,C00265,2023-12-07,Hogar,Tienda,3,147400.0,0.0
T001527,C00191,2024-05-09,Hogar,Web,2,171400.0,0.0
T004615,C00594,2024-06-25,Belleza,Tienda,1,80400.0,0.0
T010781,C01448,2024-11-21,Mercado,App,2,48400.0,0.3
T005211,C00673,2024-05-02,Moda,App,3,124300.0,0.3
T000215,C00025,2023-11-21,Belleza,Web,2,81800.0,0.3
T000397,C00049,2024-03-01,Hogar,App,3,76500.0,0.1
T008466,C01121,2024-01-12,Mercado,Web,2,32600.0,0.0
T010865,C01461,2025-01-22,Mercado,App,3,19500.0,0.0
T001686,C00210,2024-05-27,Moda,App,2,152200.0,0.0
T001649,C00207,2024-05-03,Tecnología,Tienda,2,449600.0,0.0
T010150,C01363,2025-01-26,Mercado,Web,2,31800.0,0.0
T009045,C01199,2025-06-03,Belleza,Web,3,55700.0,0.0
T000763,C00097,2024-06-08,Mercado,Web,3,54100.0,0.0
T010143,C01363,2023-10-28,Moda,Tienda,2,141900.0,0.0
T008024,C01061,2023-03-05,Tecnología,Tienda,3,773500.0,0.2
T004983,C00642,2025-03-24,Tecnología,App,3,1115500.0,0.0
T009894,C01327,2024-02-27,Mercado,Web,2,47400.0,0.0
T007923,C01047,2023-11-07,Moda,App,3,148200.0,0.3
T010694,C01439,2024-06-07,Mercado,Tienda,1,70700.0,0.0
T000349,C00044,2024-09-19,Tecnología,App,3,676600.0,0.0
T004272,C00549,2024-03-05,Moda,Tienda,1,177200.0,0.0
T004988,C00643,2024-10-13,Mercado,Web,2,29000.0,0.0
T008390,C01112,2025-02-09,Moda,App,2,121600.0,0.0
T010520,C01413,2023-09-17,Moda,Tienda,1,,0.0
T007832,C01031,2024-02-21,Mercado,App,1,63300.0,0.0
T000255,C00029,2024-03-29,Mercado,Web,2,57500.0,0.0
T005524,C00716,2024-03-19,Belleza,App,1,61000.0,0.0
T004504,C00582,2024-02-01,Mercado,App,2,39500.0,0.0
T007874,C01037,2025-04-05,Belleza,App,1,29300.0,0.3
T006688,C00882,2023-09-18,Moda,App,3,126800.0,0.3
T008415,C01114,2024-04-09,Belleza,Web,2,90800.0,0.0
T003108,C00392,2024-04-18,Hogar,App,2,100100.0,0.0
T007589,C01001,2024-03-30,Mercado,Tienda,1,44000.0,0.0
T003870,C00487,2024-05-01,Hogar,Tienda,2,146800.0,0.0
T004612,C00594,2024-05-01,Belleza,Tienda,3,83200.0,0.0
T005953,C00769,2024-12-17,Tecnología,Tienda,2,427200.0,0.1
T002542,C00317,2025-05-14,Hogar,Tienda,2,167900.0,0.0
T002920,C00365,2025-06-04,Belleza,Tienda,3,63600.0,0.0
T005658,C00730,2024-07-18,Moda,Tienda,2,158100.0,0.0
T005001,C00644,2025-06-21,Hogar,App,3,86400.0,0.0
T002732,C00340,2023-09-10,Mercado,Tienda,1,68300.0,0.0
T000071,C00006,2023-10-03,Mercado,Tienda,1,28400.0,0.0
T005766,C00748,2025-06-17,Tecnología,Tienda,2,1030900.0,0.0
T006458,C00848,2024-05-14,Hogar,App,2,39200.0,0.0
T009752,C01312,2024-10-16,Mercado,App,1,60900.0,0.0
T004122,C00528,2024-05-04,Hogar,Tienda,3,66000.0,0.0
T001273,C00162,2024-12-16,Moda,Tienda,1,200400.0,0.0
T004382,C00564,2024-11-26,Mercado,Web,3,38900.0,0.0
T000325,C00041,2024-06-17,Belleza,Tienda,3,70200.0,0.1
T003015,C00377,2025-03-14,Belleza,App,3,57200.0,0.0
T007008,C00925,2025-03-20,Mercado,Tienda,2,18200.0,0.2
T000572,C00073,2024-07-25,Tecnología,App,2,397000.0,0.0
T010244,C01375,2024-03-28,Tecnología,Tienda,2,490400.0,0.0
T006910,C00914,2024-05-27,Mercado,Web,2,32200.0,0.0
T000624,C00080,2025-06-25,Mercado,Web,1,45000.0,0.1
T005373,C00696,2024-11-05,Hogar,Web,1,166800.0,0.2
T004067,C00521,2025-02-06,Moda,Web,1,173700.0,0.0
T000683,C00084,2024-04-01,Belleza,App,2,72400.0,0.0
T009686,C01298,2024-08-21,Hogar,Tienda,3,81600.0,0.0
T010630,C01430,2023-09-06,Tecnología,Tienda,1,612600.0,0.0
T009839,C01321,2025-04-11,Mercado,Tienda,2,43000.0,0.0
T005395,C00700,2024-07-17,Belleza,Web,3,50300.0,0.0
T006148,C00801,2025-05-25,Tecnología,Tienda,3,740900.0,0.0
T009075,C01204,2025-06-02,Mercado,Tienda,1,51100.0,0.0
T006824,C00902,2024-03-22,Mercado,App,3,40300.0,0.0
T000684,C00084,2024-06-06,Tecnología,Web,1,1221200.0,0.0
T003155,C00399,2024-07-11,Tecnología,Web,3,742100.0,0.0
T005378,C00697,2024-05-30,Mercado,Tienda,3,52300.0,0.1
T009201,C01223,2023-09-11,Mercado,Web,2,44400.0,0.0
T001931,C00241,2024-12-14,Moda,Tienda,2,176000.0,0.0
T003099,C00390,2024-09-22,Belleza,Tienda,3,89400.0,0.0
T001023,C00133,2025-01-31,Moda,App,3,133100.0,0.0
T002334,C00289,2025-01-22,Mercado,App,2,49200.0,0.0
T005030,C00647,2024-06-09,Mercado,App,3,26700.0,0.1
T007445,C00983,2025-02-04,Mercado,Tienda,3,56000.0,0.0
T010589,C01421,2024-01-25,Moda,App,3,163200.0,0.0
T007783,C01024,2024-08-13,Belleza,App,2,72100.0,0.0
T008116,C01076,2023-05-27,Belleza,Tienda,2,15200.0,0.0
T004024,C00514,2025-01-21,Moda,Web,2,128800.0,0.0
T002752,C00341,2024-10-30,Belleza,Tienda,1,69500.0,0.0
T001420,C00176,2024-07-15,Hogar,Tienda,2,120000.0,0.0
T004766,C00611,2023-04-05,Moda,App,1,124500.0,0.0
T009369,C01253,2024-08-15,Belleza,Tienda,3,76100.0,0.2
T005240,C00676,2025-04-02,Moda,Tienda,2,111400.0,0.0
T006036,C00784,2024-06-28,Mercado,Tienda,2,39400.0,0.0
T003589,C00452,2024-02-09,Hogar,Tienda,3,70100.0,0.0
T000521,C00065,2025-02-08,Hogar,Web,3,63500.0,0.0
T003537,C00443,2025-02-14,Moda,Tienda,2,104900.0,0.0
T000504,C00063,2024-09-06,Hogar,Tienda,1,171000.0,0.0
T006564,C00866,2024-02-25,Mercado,Tienda,3,37100.0,0.1
T005386,C00698,2024-05-01,Moda,Tienda,3,237900.0,0.0
T009827,C01321,2024-08-27,Mercado,Web,1,55600.0,0.0
T010155,C01363,2023-06-25,Hogar,App,3,95500.0,0.0
T002235,C00281,2025-06-16,Moda,App,3,231600.0,0.0
T000838,C00108,2023-10-30,Moda,App,2,122800.0,0.0
T009578,C01278,2024-11-17,Hogar,Tienda,1,103000.0,0.1
T006986,C00922,2023-10-16,Belleza,App,3,115600.0,0.2
T001476,C00186,2023-06-11,Mercado,App,2,35500.0,0.0
T002560,C00318,2023-11-08,Mercado,Web,1,36300.0,0.0
T000144,C00017,2024-07-03,Tecnología,App,3,768200.0,0.0
T003204,C00406,2023-09-13,Hogar,Tienda,2,90800.0,0.0
T003600,C00453,2024-06-13,Mercado,App,3,8300.0,0.0
T006384,C00837,2025-04-23,Mercado,App,2,36600.0,0.0
T004054,C00519,2023-07-12,Mercado,App,2,32700.0,0.0
T004335,C00556,2023-12-18,Moda,Tienda,2,120300.0,0.2
T007954,C01052,2024-07-04,Moda,App,3,169100.0,0.0
T001021,C00133,2025-03-20,Mercado,Tienda,3,54000.0,0.0
T006203,C00809,2024-08-20,Moda,Tienda,1,183900.0,0.2
T004360,C00559,2023-12-20,Moda,Tienda,2,201200.0,0.1
T003493,C00436,2023-11-08,Mercado,Tienda,1,36200.0,0.2
T010975,C01477,2024-04-22,Mercado,App,2,25400.0,0.0
T002848,C00357,2024-04-23,Moda,App,3,203100.0,0.0
T008033,C01063,2025-01-20,Mercado,Tienda,2,18300.0,0.0
T007932,C01048,2023-05-13,Belleza,Tienda,3,53900.0,0.0
T008992,C01193,2023-09-14,Moda,Web,2,90900.0,0.0
T002435,C00305,2023-10-15,Hogar,Tienda,1,169300.0,0.1
T004739,C00606,2024-02-21,Hogar,App,1,129700.0,0.0
T009154,C01217,2025-04-25,Mercado,App,2,25500.0,0.2
T003324,C00421,2024-08-07,Mercado,Tienda,1,65700.0,0.0
T003373,C00427,2025-01-26,Tecnología,Web,1,934300.0,0.0
T010318,C01383,2023-10-06,Belleza,Tienda,3,92600.0,0.0
T001145,C00145,2024-04-05,Mercado,Tienda,3,67000.0,0.0
T003641,C00461,2024-06-29,Belleza,App,2,92200.0,0.1
T009150,C01216,2025-06-24,Mercado,Tienda,2,49600.0,0.0
T003037,C00381,2024-10-03,Belleza,Tienda,1,92000.0,0.0
T000843,C00108,2024-08-23,Hogar,Tienda,1,145100.0,0.0
T008490,C01125,2024-12-04,Hogar,App,3,152900.0,0.0
T003023,C00378,2024-12-17,Moda,App,2,150700.0,0.0
T002026,C00255,2024-10-30,Mercado,App,3,5000.0,0.3
T004682,C00600,2025-03-22,Tecnología,App,3,1147600.0,0.0
T009623,C01288,2023-10-21,Hogar,App,2,138600.0,0.0
T002412,C00304,2025-06-28,Hogar,App,2,119800.0,0.0
T002615,C00325,2024-09-04,Mercado,Tienda,1,25600.0,0.0
T003778,C00475,2025-01-02,Mercado,Web,2,51600.0,0.0
T005357,C00693,2024-08-04,Mercado,App,2,21400.0,0.3
T006135,C00798,2025-04-29,Hogar,App,2,173400.0,0.0
T000673,C00083,2024-02-19,Mercado,Tienda,3,37800.0,0.0
T002464,C00308,2025-02-18,Mercado,Web,3,47900.0,0.0
T009179,C01220,2024-05-09,Mercado,Web,2,63100.0,0.0
T004137,C00529,2024-11-09,Belleza,Web,3,32800.0,0.2
T005153,C00668,2024-12-21,Mercado,App,1,42400.0,0.0
T010432,C01399,2024-07-27,Moda,Web,3,95500.0,0.0
T000130,C00015,2025-02-18,Hogar,Web,1,5000.0,0.0
T004166,C00532,2025-03-30,Mercado,Tienda,2,27700.0,0.0
T010188,C01368,2024-07-21,Mercado,Tienda,2,35800.0,0.0
T004110,C00526,2024-10-16,Hogar,Tienda,1,142800.0,0.0
T009307,C01243,2023-03-03,Hogar,Tienda,2,103800.0,0.0
T000375,C00047,2024-09-29,Mercado,App,2,48100.0,0.0
T009057,C01200,2023-03-08,Mercado,Tienda,3,62200.0,0.2
T007715,C01015,2024-04-16,Mercado,Web,1,40200.0,0.0
T007052,C00934,2023-11-30,Hogar,Web,3,64700.0,0.0
T005156,C00668,2024-05-20,Hogar,Web,1,121100.0,0.0
T005805,C00750,2024-05-07,Hogar,App,2,115400.0,0.2
T005252,C00677,2024-08-04,Hogar,Web,3,102000.0,0.0
T010607,C01425,2023-04-23,Moda,Web,3,209500.0,0.3
T001529,C00191,2025-04-22,Mercado,Tienda,2,58600.0,0.0
T009625,C01288,2024-06-13,Belleza,Web,3,119000.0,0.0
T010297,C01381,2024-03-28,Moda,App,2,138300.0,0.2
T001522,C00190,2025-06-03,Tecnología,App,1,518500.0,0.0
T007116,C00941,2025-03-13,Moda,Tienda,3,142200.0,0.0
T007994,C01058,2023-10-20,Mercado,App,3,36800.0,0.0
T002910,C00363,2024-12-25,Belleza,Tienda,2,32300.0,0.0
T008716,C01156,2024-04-26,Hogar,Tienda,2,54800.0,0.0
T005798,C00750,2024-07-13,Mercado,Tienda,2,45800.0,0.0
T004974,C00641,2024-09-17,Mercado,App,1,47600.0,0.0
T006728,C00888,2024-03-26,Hogar,App,1,107100.0,0.0
T006637,C00876,2024-11-18,Mercado,Web,3,39200.0,0.0
T008155,C01081,2025-05-18,Hogar,Tienda,3,115800.0,0.0
T000049,C00004,2024-09-09,Mercado,Web,1,48300.0,0.0
T005813,C00753,2023-11-12,Moda,Tienda,1,262300.0,0.3
T005387,C00698,2024-07-09,Hogar,Tienda,2,102800.0,0.3
T008957,C01186,2025-01-06,Belleza,App,3,75800.0,0.0
T005942,C00768,2024-06-26,Mercado,App,2,69900.0,0.0
T002563,C00319,2024-04-17,Mercado,Web,3,75400.0,0.3
T010807,C01454,2024-03-24,Mercado,Tienda,2,61000.0,0.0
T009011,C01194,2023-05-21,Mercado,Tienda,3,44000.0,0.0
T010115,C01359,2024-10-30,Moda,Tienda,1,183600.0,0.1
T009848,C01323,2024-12-10,Belleza,Tienda,2,104400.0,0.0
T005590,C00723,2023-12-06,Mercado,Web,3,48500.0,0.2
T006923,C00916,2024-09-08,Belleza,App,1,45200.0,0.3
T006199,C00809,2024-05-04,Mercado,Tienda,2,51900.0,0.2
T001761,C00221,2023-12-23,Moda,Web,1,91300.0,0.1
T002409,C00304,2024-08-08,Moda,Web,1,167000.0,0.0
T010684,C01438,2024-07-15,Hogar,Tienda,2,122300.0,0.0
T008802,C01163,2024-03-22,Mercado,App,1,53700.0,0.0
T009332,C01248,2023-09-01,Belleza,Tienda,3,63200.0,0.1
T002451,C00306,2025-06-09,Mercado,App,2,56900.0,0.1
T001567,C00196,2024-06-10,Moda,Tienda,2,261000.0,0.0
T000662,C00083,2024-02-25,Mercado,Web,3,49200.0,0.0
T005976,C00773,2024-05-11,Belleza,Tienda,1,63400.0,0.0
T000824,C00107,2025-04-14,Hogar,Tienda,1,119800.0,0.0
T008338,C01105,2024-07-18,Moda,Tienda,2,31700.0,0.0
T008340,C01106,2023-03-04,Mercado,App,3,40300.0,0.0
T003006,C00376,2025-02-06,Mercado,App,3,54600.0,0.0
T004740,C00606,2024-02-24,Mercado,Tienda,2,18300.0,0.2
T000424,C00052,2023-10-27,Belleza,App,2,84900.0,0.0
T005461,C00709,2025-04-30,Hogar,Tienda,2,108500.0,0.0
T006516,C00856,2024-07-27,Hogar,Web,2,93900.0,0.0
T002074,C00260,2023-04-20,Hogar,Tienda,1,178300.0,0.0
T002119,C00265,2023-12-25,Mercado,Web,3,38900.0,0.0
T008719,C01157,2025-02-19,Tecnología,Tienda,1,659500.0,0.0
T010299,C01382,2024-05-14,Tecnología,Tienda,1,830300.0,0.0
T009350,C01250,2024-01-18,Hogar,App,2,141400.0,0.0
T009070,C01203,2025-01-29,Belleza,Tienda,1,120700.0,0.0
T003559,C00448,2023-07-31,Hogar,Tienda,3,128100.0,0.1
T009673,C01295,2024-07-01,Moda,App,2,177000.0,0.0
T009536,C01273,2024-10-03,Moda,Tienda,1,94200.0,0.0
T010602,C01425,2025-04-15,Hogar,App,2,120600.0,0.0
T006980,C00921,2024-01-25,Hogar,Tienda,3,73800.0,0.0
T000286,C00033,2025-04-02,Moda,Web,3,155000.0,0.0
T010282,C01381,2024-04-14,Mercado,Tienda,1,47800.0,0.0
T005749,C00745,2025-04-17,Hogar,Web,1,123400.0,0.0
T003814,C00481,2024-08-30,Moda,App,1,147900.0,0.0
T000404,C00051,2025-02-08,Mercado,Tienda,1,28100.0,0.0
T007944,C01050,2024-08-09,Belleza,App,2,66300.0,0.1
T007281,C00963,2024-08-06,Moda,Tienda,1,192600.0,0.0
T000653,C00082,2025-05-07,Hogar,Web,3,154600.0,0.0
T004178,C00533,2024-03-13,Hogar,Tienda,2,123600.0,0.0
T003439,C00433,2023-11-20,Belleza,Tienda,3,99800.0,0.0
T006150,C00801,2024-12-08,Mercado,Tienda,2,50900.0,0.0
T004785,C00613,2024-10-24,Mercado,Tienda,3,38700.0,0.0
T005210,C00673,2025-06-29,Tecnología,Tienda,2,814100.0,0.0
T010762,C01446,2025-03-31,Mercado,Tienda,1,36900.0,0.0
T005046,C00650,2024-06-26,Moda,Tienda,3,143300.0,0.0
T005947,C00768,2024-06-18,Moda,Tienda,1,159100.0,0.0
T003948,C00499,2023-12-23,Mercado,App,2,67000.0,0.1
T000762,C00097,2024-08-11,Mercado,Web,1,55600.0,0.0
T003629,C00460,2024-02-28,Hogar,App,3,187100.0,0.0
T003936,C00497,2024-03-28,Belleza,App,2,69800.0,0.1
T008645,C01143,2025-03-22,Moda,App,3,138700.0,0.0
T004969,C00640,2025-03-28,Mercado,App,3,47400.0,0.0
T003576,C00450,2024-04-18,Belleza,Tienda,2,53800.0,0.3
T010182,C01367,2024-04-26,Hogar,App,3,167800.0,0.0
T008438,C01119,2024-05-20,Tecnología,Tienda,1,828700.0,0.0
T001366,C00170,2024-06-29,Mercado,Tienda,3,56100.0,0.0
T001685,C00210,2025-06-10,Belleza,Web,3,84700.0,0.0
T001759,C00220,2025-03-29,Mercado,Tienda,1,49100.0,0.0
T003266,C00414,2024-11-05,Moda,Tienda,1,159300.0,0.0
T002265,C00283,2024-09-01,Mercado,Web,1,37200.0,0.0
T006796,C00898,2025-02-17,Mercado,Web,2,42900.0,0.1
T006552,C00863,2024-03-30,Hogar,Tienda,3,156100.0,0.0
T008855,C01172,2025-05-26,Mercado,Tienda,2,48300.0,0.0
T010112,C01359,2024-04-10,Mercado,App,2,30700.0,0.0
T009280,C01240,2023-10-09,Mercado,Web,3,25200.0,0.0
T001576,C00197,2024-02-19,Mercado,App,1,48200.0,0.0
T008562,C01133,2025-01-30,Belleza,Tienda,1,44800.0,0.0
T000522,C00065,2024-04-28,Mercado,Tienda,3,50100.0,0.0
T011122,C01499,2025-02-26,Tecnología,Web,1,175400.0,0.3
T000125,C00015,2025-01-18,Mercado,App,3,45300.0,0.2
T005923,C00766,2024-05-19,Mercado,Tienda,3,44100.0,0.2
T008597,C01137,2024-01-23,Mercado,Tienda,3,39000.0,0.0
T008184,C01085,2025-03-13,Moda,App,2,200600.0,0.0
T002028,C00255,2024-12-03,Mercado,Tienda,2,65600.0,0.2
T001203,C00154,2025-01-23,Belleza,Tienda,2,70900.0,0.0
T005200,C00672,2023-03-24,Belleza,App,3,48700.0,0.0
T008170,C01084,2024-05-17,Mercado,Tienda,1,52100.0,0.0
T000118,C00014,2024-11-21,Mercado,App,1,51400.0,0.0
T000697,C00085,2025-01-13,Hogar,Tienda,1,154400.0,0.0
T003879,C00488,2024-08-31,Tecnología,Web,2,526000.0,0.0
T005205,C00673,2024-10-05,Hogar,App,1,139300.0,0.0
T002919,C00365,2024-07-17,Tecnología,Web,2,477700.0,0.0
T001805,C00229,2024-04-09,Tecnología,App,3,522500.0,0.0
T011090,C01494,2025-06-28,Mercado,Tienda,1,44300.0,0.0
T002313,C00286,2023-07-16,Tecnología,Tienda,1,580000.0,0.0
T010250,C01376,2024-02-27,Hogar,App,2,180700.0,0.0
T008401,C01113,2024-09-02,Mercado,Web,2,68100.0,0.0
T009767,C01313,2024-09-20,Mercado,Tienda,1,55600.0,0.0
T005606,C00725,2024-12-08,Mercado,Tienda,3,52200.0,0.0
T001742,C00219,2023-10-01,Tecnología,App,2,522200.0,0.0
T003687,C00468,2023-12-10,Hogar,Web,3,151500.0,0.2
T004228,C00540,2024-07-15,Hogar,Tienda,1,122200.0,0.0
T005730,C00742,2024-07-18,Tecnología,App,3,409100.0,0.2
T010896,C01467,2023-09-08,Tecnología,Tienda,2,767400.0,0.2
T002650,C00331,2024-09-12,Mercado,Tienda,2,29800.0,0.0
T010843,C01458,2024-03-31,Hogar,App,1,133000.0,0.0
T004374,C00562,2024-08-26,Hogar,Tienda,3,142400.0,0.0
T007403,C00976,2024-10-08,Tecnología,Tienda,2,624100.0,0.0
T006921,C00916,2024-07-25,Moda,Tienda,2,257200.0,0.1
T002274,C00284,2023-12-11,Belleza,Tienda,3,78300.0,0.3
T000341,C00043,2023-01-11,Mercado,Tienda,2,34900.0,0.0
T000856,C00111,2025-06-18,Mercado,Tienda,1,63700.0,0.3
T003881,C00488,2024-08-04,Mercado,Tienda,3,41400.0,0.0
T001486,C00187,2024-07-22,Moda,Tienda,2,107200.0,0.0
T010028,C01349,2024-04-03,Hogar,Tienda,2,151700.0,0.0
T010030,C01349,2024-06-07,Belleza,Web,3,68800.0,0.0
T005207,C00673,2025-04-16,Moda,Tienda,1,164800.0,0.0
T002246,C00282,2024-07-13,Moda,App,3,213300.0,0.2
T008385,C01112,2024-07-18,Hogar,Tienda,2,133700.0,0.2
T008938,C01182,2024-02-02,Belleza,Tienda,2,98300.0,0.1
T002461,C00307,2024-08-29,Hogar,Tienda,3,174900.0,0.2
T005974,C00773,2024-05-20,Hogar,Tienda,3,,0.0
T005721,C00741,2024-07-12,Tecnología,App,1,419200.0,0.0
T009950,C01336,2024-06-15,Belleza,Tienda,2,107700.0,0.3
T009458,C01263,2024-11-01,Mercado,Web,1,53400.0,0.0
T004680,C00600,2024-06-15,Mercado,App,3,59600.0,0.2
T006880,C00911,2025-01-10,Belleza,Tienda,3,47100.0,0.0
T004237,C00542,2024-12-06,Hogar,App,1,68200.0,0.0
T000005,C00001,2025-06-24,Hogar,Web,2,55200.0,0.0
T002408,C00304,2024-04-11,Belleza,Web,3,103600.0,0.0
T002114,C00265,2024-08-17,Belleza,Tienda,3,95000.0,0.0
T006401,C00839,2023-09-16,Mercado,App,1,68700.0,0.2
T000296,C00036,2025-01-28,Mercado,App,1,46600.0,0.0
T007056,C00935,2024-08-13,Tecnología,Tienda,3,435600.0,0.0
T001566,C00196,2025-05-20,Mercado,App,1,49400.0,0.0
T006126,C00797,2024-03-19,Moda,Tienda,1,199700.0,0.0
T003287,C00416,2024-01-30,Tecnología,Tienda,3,881400.0,0.1
T010786,C01448,2025-02-13,Moda,App,2,111000.0,0.0
T009124,C01212,2024-01-30,Mercado,App,1,54100.0,0.0
T010756,C01446,2025-02-08,Mercado,Tienda,1,41200.0,0.0
T008634,C01142,2024-10-24,Mercado,App,1,26700.0,0.0
T009601,C01284,2023-12-23,Moda,Tienda,3,189600.0,0.0
T004511,C00584,2024-09-11,Tecnología,App,1,710500.0,0.1
T010080,C01355,2024-03-21,Mercado,App,3,31600.0,0.0
T003516,C00440,2023-10-08,Mercado,Tienda,1,35500.0,0.3
T001943,C00244,2025-05-20,Hogar,Web,3,182600.0,0.0
T002059,C00259,2024-09-03,Tecnología,Tienda,1,709900.0,0.0
T000448,C00056,2025-04-11,Tecnología,Web,2,827100.0,0.0
T002102,C00263,2024-07-06,Moda,Tienda,1,158400.0,0.1
T010657,C01433,2025-01-14,Hogar,Tienda,1,48000.0,0.0
T003445,C00434,2024-07-01,Mercado,Tienda,1,41300.0,0.3
T008877,C01175,2024-06-14,Hogar,Tienda,2,79500.0,0.0
T009112,C01210,2024-06-02,Moda,Tienda,3,148200.0,0.0
T006402,C00839,2025-02-02,Hogar,Web,2,106100.0,0.3
T001913,C00239,2023-05-14,Hogar,Tienda,1,162900.0,0.0
T006392,C00838,2024-11-06,Belleza,Tienda,1,70900.0,0.1
T008281,C01099,2024-11-17,Hogar,App,3,88700.0,0.0
T005605,C00725,2024-02-05,Mercado,Tienda,2,24300.0,0.0
T010636,C01431,2024-03-04,Moda,Tienda,1,225400.0,0.0
T000525,C00065,2023-10-16,Mercado,App,2,60900.0,0.0
T007674,C01012,2024-05-11,Hogar,App,1,104000.0,0.0
T001149,C00145,2024-03-19,Belleza,Web,2,49600.0,0.0
T005585,C00722,2025-01-25,Hogar,App,3,170500.0,0.2
T009576,C01278,2025-03-29,Hogar,Tienda,2,143200.0,0.0
T001697,C00211,2024-09-01,Mercado,Tienda,2,48900.0,0.0
T000538,C00067,2024-06-04,Mercado,Tienda,3,40800.0,0.0
T000742,C00095,2024-03-18,Tecnología,Web,2,517800.0,0.3
T010407,C01396,2024-02-04,Moda,App,2,156400.0,0.0
T003252,C00411,2024-07-01,Hogar,Web,3,86900.0,0.1
T003660,C00463,2025-02-24,Mercado,App,2,55500.0,0.0
T010582,C01420,2023-03-21,Tecnología,App,1,489900.0,0.3
T000170,C00020,2024-07-23,Hogar,Tienda,2,82100.0,0.0
T007629,C01005,2024-01-17,Belleza,Tienda,1,84700.0,0.3
T003341,C00424,2025-03-15,Hogar,Tienda,3,97500.0,0.0
T003891,C00490,2024-01-03,Moda,Tienda,3,191300.0,0.0
T003424,C00431,2023-09-16,Moda,App,3,49700.0,0.0
T005219,C00674,2024-10-18,Mercado,Tienda,3,25900.0,0.0
T008137,C01078,2024-01-19,Hogar,Tienda,2,79200.0,0.0
T008584,C01136,2024-12-12,Mercado,Web,1,51300.0,0.3
T001446,C00182,2024-07-13,Hogar,App,1,157600.0,0.0
T007201,C00952,2024-10-08,Hogar,Tienda,2,172800.0,0.0
T004504,C00582,2024-02-01,Mercado,App,2,39500.0,0.0
T009889,C01327,2024-03-29,Moda,Tienda,1,149500.0,0.0
T002928,C00366,2025-01-29,Moda,Web,1,154800.0,0.0
T005621,C00727,2024-04-10,Tecnología,App,1,787300.0,0.0
T009758,C01312,2024-08-21,Mercado,Tienda,3,34900.0,0.0
T010818,C01455,2024-07-11,Moda,Tienda,1,149800.0,0.0
T000845,C00109,2024-12-25,Moda,App,2,173400.0,0.1
T006643,C00876,2024-02-18,Mercado,App,3,52200.0,0.0
T009627,C01288,2024-09-22,Moda,Web,2,122700.0,0.0
T006117,C00795,2024-07-26,Mercado,Tienda,1,52700.0,0.0
T007955,C01052,2024-06-30,Belleza,App,3,49300.0,0.1
T010639,C01431,2023-06-26,Tecnología,Tienda,2,825300.0,0.0
T007712,C01015,2024-01-11,Hogar,Tienda,3,72600.0,0.0
T002905,C00363,2025-03-19,Hogar,Tienda,3,241500.0,0.0
T003272,C00414,2024-09-05,Hogar,Tienda,2,184900.0,0.0
T008787,C01162,2025-01-24,Tecnología,App,3,490700.0,0.0
T007192,C00951,2024-05-08,Mercado,Tienda,1,44500.0,0.1
T002394,C00303,2024-02-20,Hogar,App,2,90700.0,0.0
T006701,C00883,2025-05-12,Hogar,Web,1,139400.0,0.0
T010654,C01433,2025-02-15,Mercado,Tienda,2,54700.0,0.0
T008333,C01104,2025-06-05,Hogar,Tienda,2,143200.0,0.0
T008269,C01097,2025-06-26,Belleza,App,1,35800.0,0.0
T003299,C00417,2024-03-21,Mercado,Tienda,2,29600.0,0.0
T006075,C00788,2024-09-27,Mercado,App,3,52500.0,0.0
T006790,C00898,2023-10-28,Mercado,Tienda,1,38300.0,0.0
T008783,C01161,2024-06-22,Mercado,Tienda,3,51200.0,0.2
T008887,C01176,2024-02-17,Mercado,Tienda,1,48500.0,0.0
T004173,C00533,2024-01-24,Hogar,Web,3,184000.0,0.3
T005884,C00760,2023-07-13,Belleza,Web,2,87800.0,0.0
T004327,C00555,2024-06-05,Mercado,Web,3,39500.0,0.0
T000374,C00047,2025-04-04,Mercado,Tienda,1,34400.0,0.0
T002686,C00335,2024-03-20,Hogar,Tienda,3,164200.0,0.0
T008442,C01119,2025-01-28,Hogar,Tienda,3,133800.0,0.0
T004182,C00534,2024-11-14,Mercado,Tienda,3,71600.0,0.2
T005206,C00673,2024-06-29,Mercado,Tienda,3,39800.0,0.0
T005984,C00775,2024-07-16,Belleza,Tienda,2,67000.0,0.0
T001280,C00163,2023-07-08,Belleza,Tienda,2,74100.0,0.0
T005297,C00685,2025-06-09,Hogar,Tienda,3,159400.0,0.0
T004674,C00599,2023-08-21,Hogar,Tienda,3,109200.0,0.1
T009665,C01294,2024-04-06,Mercado,App,3,65000.0,0.0
T000664,C00083,2024-03-16,Hogar,Tienda,2,100000.0,0.0
T005077,C00654,2024-10-01,Mercado,Tienda,2,47200.0,0.0
T000559,C00070,2024-11-24,Mercado,App,3,13000.0,0.0
T005858,C00759,2024-03-06,Hogar,Web,1,83600.0,0.0
T003522,C00441,2024-08-28,Moda,App,2,154600.0,0.0
T007284,C00963,2024-07-24,Moda,Tienda,2,196100.0,0.0
T003132,C00395,2025-04-14,Moda,Tienda,2,145800.0,0.0
T000289,C00035,2024-10-04,Mercado,Web,1,47800.0,0.0
T006362,C00834,2024-05-06,Moda,Web,2,134400.0,0.1
T002960,C00369,2024-08-06,Mercado,Web,1,40400.0,0.0
T005771,C00748,2025-04-05,Mercado,Tienda,1,40100.0,0.0
T003702,C00469,2024-06-03,Mercado,App,1,16300.0,0.0
T002656,C00332,2025-02-07,Hogar,Tienda,2,148700.0,0.0
T011069,C01491,2024-04-28,Mercado,Web,1,57400.0,0.0
T000695,C00085,2025-02-27,Mercado,Web,2,29500.0,0.0
T009862,C01324,2024-03-23,Belleza,App,3,66000.0,0.0
T006476,C00850,2024-11-01,Mercado,Tienda,1,32000.0,0.2
T008278,C01099,2024-04-01,Tecnología,Tienda,1,669500.0,0.1
T010699,C01440,2024-07-14,Hogar,Web,1,103200.0,0.0
T010910,C01470,2024-12-17,Hogar,Tienda,3,124900.0,0.3
T009980,C01341,2023-12-19,Moda,App,1,188400.0,0.0
T005382,C00697,2024-11-19,Belleza,Web,3,72000.0,0.0
T003890,C00490,2024-09-11,Mercado,Tienda,2,33100.0,0.0
T008520,C01128,2023-08-05,Belleza,App,2,24000.0,0.0
T002467,C00308,2025-02-05,Hogar,Tienda,2,178700.0,0.0
T008501,C01126,2024-06-05,Mercado,Tienda,2,64100.0,0.2
T006084,C00789,2024-08-22,Belleza,App,1,89200.0,0.0
T009114,C01211,2025-01-19,Mercado,Tienda,1,29800.0,0.1
T010764,C01447,2025-04-30,Hogar,Tienda,3,107300.0,0.0
T007402,C00976,2023-07-02,Mercado,Web,1,24600.0,0.0
T002522,C00316,2024-12-08,Moda,Web,3,100400.0,0.1
T000699,C00085,2024-06-13,Hogar,Web,1,51700.0,0.3
T000616,C00079,2024-07-25,Hogar,App,3,144900.0,0.0
T005855,C00758,2023-08-20,Mercado,App,3,43900.0,0.0
T006317,C00825,2024-01-07,Mercado,Tienda,1,35700.0,0.0
T000124,C00015,2025-03-02,Tecnología,App,3,1010100.0,0.0
T009299,C01243,2023-05-20,Belleza,Tienda,2,54300.0,0.0
T004720,C00604,2023-12-11,Tecnología,Web,3,1063300.0,0.0
T000978,C00129,2025-04-05,Hogar,Tienda,3,174000.0,0.0
T002424,C00305,2025-06-06,Mercado,Web,2,48800.0,0.0
T000605,C00077,2024-03-10,Mercado,Tienda,1,28100.0,0.0
T004078,C00522,2024-09-11,Mercado,Web,3,49500.0,0.0
T007356,C00970,2024-11-21,Belleza,App,2,49700.0,0.0
T005967,C00772,2024-04-12,Mercado,Tienda,2,46900.0,0.0
T000292,C00035,2024-01-04,Mercado,Tienda,2,49600.0,0.2
T007115,C00941,2025-01-16,Belleza,Tienda,1,65400.0,0.0
T010485,C01409,2024-06-08,Tecnología,Tienda,1,628200.0,0.0
T005620,C00727,2023-05-18,Moda,Tienda,1,130600.0,0.0
T004987,C00643,2023-06-15,Mercado,Tienda,2,39300.0,0.0
T011066,C01491,2024-04-26,Hogar,App,1,77600.0,0.0
T005379,C00697,2024-09-28,Mercado,App,3,,0.0
T007399,C00976,2023-07-13,Hogar,Web,1,129400.0,0.0
T003277,C00414,2025-06-20,Tecnología,Web,1,429300.0,0.0
T009699,C01300,2025-06-12,Belleza,App,3,92400.0,0.0
T009431,C01258,2025-03-22,Tecnología,Web,3,728800.0,0.0
T001454,C00183,2024-04-13,Mercado,Tienda,1,40800.0,0.0
T007817,C01028,2024-05-10,Mercado,Tienda,2,63200.0,0.0
T000708,C00089,2023-12-25,Moda,Web,3,159300.0,0.2
T005716,C00740,2024-04-15,Moda,Tienda,1,201400.0,0.0
T003476,C00435,2024-03-11,Mercado,Web,1,67700.0,0.0
T003850,C00484,2025-04-11,Hogar,Tienda,3,117200.0,0.0
T005973,C00773,2024-08-22,Mercado,App,2,23000.0,0.0
T010867,C01461,2024-07-26,Mercado,Web,2,13100.0,0.0
T009719,C01305,2024-01-19,Belleza,Tienda,2,75900.0,0.1
T010769,C01447,2025-06-05,Hogar,Tienda,3,92600.0,0.0
T001215,C00155,2024-04-29,Hogar,App,2,113200.0,0.0
T007181,C00950,2024-07-10,Hogar,Tienda,3,130600.0,0.0
T001557,C00194,2024-06-18,Mercado,Tienda,3,47200.0,0.1
T006055,C00786,2024-12-16,Mercado,App,2,40100.0,0.1
T010289,C01381,2024-10-18,Tecnología,Tienda,3,401500.0,0.0
T010799,C01452,2025-01-01,Moda,Tienda,3,196400.0,0.0
T003181,C00402,2024-07-21,Belleza,Web,2,81100.0,0.0
T009552,C01275,2025-02-12,Moda,Tienda,2,234900.0,0.0
T004709,C00603,2024-12-30,Mercado,App,1,60300.0,0.0
T008640,C01143,2024-12-14,Belleza,App,1,58700.0,0.2
T006579,C00867,2024-02-15,Hogar,Tienda,1,124300.0,0.0
T005993,C00775,2024-11-22,Moda,Tienda,1,227800.0,0.0
T006943,C00917,2024-07-28,Belleza,App,1,78400.0,0.0
T010801,C01453,2024-06-25,Moda,Web,2,106700.0,0.0
T009111,C01210,2024-06-02,Mercado,App,3,32000.0,0.0
T005049,C00651,2025-01-07,Moda,Tienda,3,191900.0,0.1
T002662,C00333,2024-05-11,Moda,Tienda,1,149400.0,0.0
T007495,C00988,2025-04-10,Hogar,Tienda,2,99600.0,0.0
T001858,C00234,2025-02-13,Mercado,App,3,37600.0,0.0
T001976,C00248,2024-04-09,Mercado,Web,2,42000.0,0.0
T006005,C00777,2023-12-01,Hogar,Tienda,3,122000.0,0.2
T005101,C00659,2024-08-11,Mercado,App,3,56900.0,0.0
T001508,C00190,2024-11-30,Tecnología,App,2,671700.0,0.0
T000785,C00101,2024-02-17,Mercado,App,1,61200.0,0.2
T000917,C00117,2025-01-19,Mercado,Web,1,49200.0,0.0
T004668,C00599,2024-07-01,Moda,Tienda,1,112000.0,0.0
T000862,C00112,2024-07-13,Mercado,Web,2,26300.0,0.0
T005279,C00683,2024-05-31,Hogar,App,1,66400.0,0.0
T009076,C01205,2025-03-22,Mercado,Web,2,28200.0,0.0
T011043,C01486,2024-04-23,Belleza,App,1,96500.0,0.0
T004742,C00607,2023-10-09,Tecnología,Tienda,2,763300.0,0.0
T006515,C00855,2025-01-27,Moda,Tienda,3,80400.0,0.0
T010305,C01383,2024-06-22,Belleza,App,1,73300.0,0.0
T002605,C00325,2023-09-18,Moda,Web,2,172500.0,0.0
T008314,C01102,2025-04-22,Tecnología,Tienda,3,509300.0,0.0
T004197,C00536,2023-09-17,Hogar,App,1,126800.0,0.3
T005931,C00767,2024-12-26,Mercado,Tienda,2,40300.0,0.1
T003237,C00410,2024-11-07,Moda,Web,3,121200.0,0.3
T001692,C00211,2024-02-13,Tecnología,Tienda,2,602100.0,0.0
T006927,C00917,2025-03-05,Moda,App,1,152300.0,0.0
T002020,C00254,2025-01-31,Tecnología,App,2,585500.0,0.0
T009090,C01207,2024-12-21,Mercado,Web,2,53800.0,0.0
T001970,C00247,2023-06-21,Mercado,Tienda,3,55500.0,0.0
T009387,C01254,2024-11-27,Mercado,Tienda,3,12100.0,0.3
T003455,C00434,2024-04-04,Moda,App,2,227900.0,0.0
T003900,C00493,2023-09-20,Hogar,App,3,69200.0,0.0
T008521,C01128,2025-05-20,Mercado,Tienda,2,52400.0,0.0
T010937,C01472,2024-08-05,Mercado,App,3,34400.0,0.0
T000311,C00039,2024-10-27,Mercado,Tienda,3,57700.0,0.0
T005024,C00646,2024-05-09,Hogar,Tienda,1,148400.0,0.1
T005038,C00649,2024-02-12,Mercado,App,2,64400.0,0.0
T002330,C00289,2024-11-05,Mercado,App,2,43000.0,0.0
T006339,C00831,2025-01-22,Moda,Tienda,1,128400.0,0.0
T005281,C00683,2024-07-03,Mercado,Tienda,2,30800.0,0.0
T006974,C00920,2024-11-21,Tecnología,Tienda,2,523200.0,0.2
T006689,C00882,2023-09-02,Mercado,App,3,54500.0,0.0
T008625,C01141,2024-01-03,Mercado,Tienda,1,38400.0,0.2
T000774,C00100,2025-06-12,Mercado,App,3,37700.0,0.1
T008980,C01190,2023-07-15,Hogar,Web,2,139400.0,0.0
T010440,C01402,2025-04-25,Mercado,Tienda,1,63200.0,0.0
T010100,C01358,2024-08-04,Mercado,App,1,45000.0,0.0
T003712,C00470,2023-10-25,Mercado,App,2,45500.0,0.0
T000894,C00114,2024-06-23,Tecnología,Web,1,623800.0,0.0
T004356,C00559,2024-01-05,Mercado,App,1,34500.0,0.0
T008755,C01159,2024-09-04,Hogar,Tienda,3,164500.0,0.1
T003992,C00509,2024-11-26,Mercado,Web,3,34800.0,0.0
T010642,C01432,2024-09-07,Moda,Tienda,1,124900.0,0.0
T008227,C01091,2024-12-26,Mercado,Tienda,2,37500.0,0.1
T009881,C01326,2025-02-23,Belleza,Web,2,70100.0,0.0
T001116,C00140,2024-04-14,Moda,Web,3,114200.0,0.0
T009281,C01240,2024-02-08,Mercado,Tienda,3,70400.0,0.0
T010606,C01425,2023-02-13,Mercado,App,3,29800.0,0.0
T007922,C01047,2024-03-09,Belleza,App,1,36100.0,0.2
T007756,C01019,2023-11-09,Mercado,Tienda,3,43700.0,0.0
T001509,C00190,2025-02-19,Hogar,App,3,97700.0,0.0
T008139,C01079,2025-04-12,Mercado,Tienda,2,50100.0,0.1
T004101,C00525,2025-02-16,Mercado,Tienda,3,48300.0,0.0
T002052,C00257,2025-01-12,Hogar,Tienda,3,110200.0,0.0
T002598,C00323,2024-02-24,Mercado,App,3,69400.0,0.1
T000266,C00030,2024-10-13,Moda,Web,2,235100.0,0.0
T005881,C00760,2024-08-15,Hogar,App,3,136800.0,0.0
T003417,C00430,2024-02-18,Hogar,Tienda,2,128000.0,0.0
T011111,C01497,2023-10-28,Tecnología,Tienda,3,597700.0,0.3
T001470,C00185,2024-02-13,Mercado,Tienda,3,40900.0,0.0
T007097,C00939,2025-02-03,Tecnología,App,3,705100.0,0.0
T007547,C00994,2023-11-10,Mercado,Tienda,1,38500.0,0.3
T007580,C01000,2024-05-24,Hogar,Tienda,2,153300.0,0.0
T009969,C01339,2024-10-13,Mercado,Tienda,3,24800.0,0.1
T009506,C01268,2024-12-05,Mercado,Web,3,40100.0,0.1
T007246,C00959,2023-09-09,Moda,Tienda,3,144700.0,0.0
T001254,C00160,2024-11-22,Moda,Web,3,200000.0,0.0
T007416,C00978,2024-04-07,Hogar,Web,2,145100.0,0.0
T003942,C00498,2023-07-11,Belleza,App,2,103900.0,0.0
T001930,C00241,2023-11-26,Mercado,App,1,46900.0,0.0
T007974,C01055,2024-07-26,Mercado,App,3,44900.0,0.0
T000186,C00021,2025-05-22,Belleza,App,3,62000.0,0.0
T003858,C00485,2023-04-07,Mercado,Web,3,20200.0,0.0
T000313,C00039,2025-06-02,Mercado,Tienda,1,49300.0,0.2
T010906,C01468,2024-05-17,Mercado,App,2,50000.0,0.0
T010347,C01387,2024-12-01,Mercado,App,2,43000.0,0.0
T009339,C01249,2025-04-03,Mercado,Tienda,3,48600.0,0.0
T010428,C01399,2024-11-08,Belleza,App,1,37900.0,0.0
T007022,C00928,2024-11-19,Moda,App,2,84400.0,0.2
T001833,C00233,2024-08-25,Belleza,Web,1,96700.0,0.1
T001117,C00140,2023-12-26,Moda,Tienda,2,157400.0,0.0
T005701,C00738,2023-12-18,Belleza,Tienda,2,93200.0,0.3
T010613,C01426,2025-03-12,Belleza,Tienda,2,66300.0,0.0
T005707,C00738,2024-04-27,Moda,Tienda,1,53900.0,0.0
T009530,C01272,2024-06-08,Belleza,Web,1,58400.0,0.3
T009316,C01245,2025-01-25,Tecnología,Tienda,1,582300.0,0.0
T006499,C00854,2024-10-09,Mercado,Tienda,2,33800.0,0.0
T010352,C01387,2023-11-14,Tecnología,Tienda,3,649100.0,0.1
T005533,C00718,2025-01-31,Mercado,Tienda,3,57700.0,0.0
T001200,C00154,2024-10-30,Moda,Web,2,107700.0,0.0
T000180,C00021,2023-09-02,Moda,App,3,240900.0,0.0
T006702,C00883,2024-04-11,Belleza,Tienda,1,55100.0,0.1
T007351,C00970,2025-02-19,Mercado,App,1,49100.0,0.0
T003898,C00492,2024-09-05,Mercado,Tienda,3,37100.0,0.3
T000019,C00002,2024-02-15,Moda,Tienda,2,221400.0,0.0
T007039,C00931,2025-02-08,Moda,App,1,144300.0,0.0
T009159,C01218,2024-07-30,Mercado,Tienda,1,57800.0,0.0
T000580,C00074,2024-09-27,Moda,Tienda,3,54700.0,0.0
T006538,C00861,2024-12-11,Moda,App,2,90500.0,0.1
T008158,C01082,2023-02-28,Moda,Web,3,100100.0,0.0
T006169,C00802,2023-10-08,Moda,Tienda,2,125800.0,0.0
T004749,C00608,2025-02-17,Mercado,Web,2,37400.0,0.0
T004588,C00592,2024-05-07,Mercado,Tienda,2,65800.0,0.0
T008662,C01148,2024-10-08,Hogar,Tienda,1,61400.0,0.0
T002740,C00340,2025-04-30,Belleza,Tienda,2,51200.0,0.2
T003708,C00470,2024-08-27,Belleza,Tienda,1,75000.0,0.2
T008969,C01188,2025-02-03,Mercado,App,2,55000.0,0.0
T008286,C01099,2025-03-30,Tecnología,Tienda,3,952300.0,0.0
T006817,C00901,2024-01-20,Hogar,Tienda,2,110200.0,0.0
T005042,C00649,2025-04-18,Mercado,Tienda,2,34600.0,0.0
T002569,C00319,2024-10-29,Tecnología,Tienda,1,398800.0,0.0
T005204,C00673,2024-11-21,Mercado,Tienda,1,46100.0,0.3
T008045,C01065,2025-06-09,Moda,Web,2,156300.0,0.3
T003176,C00402,2024-04-05,Hogar,Tienda,3,90600.0,0.0
T011087,C01494,2024-10-28,Tecnología,Tienda,1,578600.0,0.1
T000368,C00046,2024-09-04,Mercado,App,2,47300.0,0.0
T008972,C01188,2024-11-14,Tecnología,Tienda,1,629200.0,0.0
T001878,C00236,2025-06-23,Mercado,Web,3,47900.0,0.0
T007477,C00987,2024-11-06,Mercado,App,3,43800.0,0.2
T000483,C00060,2024-04-26,Mercado,App,2,59100.0,0.0
T000159,C00019,2025-01-13,Belleza,Tienda,1,108100.0,0.0
T009482,C01266,2024-08-27,Hogar,App,2,115900.0,0.0
T003905,C00494,2023-04-16,Moda,App,3,157700.0,0.0
T010137,C01362,2024-12-10,Hogar,Web,2,186300.0,0.0
T008109,C01074,2024-03-29,Mercado,Tienda,2,33800.0,0.0
T007604,C01001,2023-12-23,Tecnología,App,1,938000.0,0.0
T007475,C00987,2024-10-03,Tecnología,Tienda,3,400200.0,0.0
T005174,C00670,2024-05-25,Mercado,Tienda,3,38800.0,0.0
T009602,C01285,2025-04-26,Moda,Web,2,163900.0,0.3
T001020,C00133,2025-01-23,Hogar,App,1,119500.0,0.0
T002069,C00260,2023-09-01,Moda,Web,2,207200.0,0.2
T008376,C01112,2024-09-05,Mercado,Tienda,1,47900.0,0.0
T010922,C01471,2024-08-20,Mercado,Tienda,3,55800.0,0.1
T010814,C01455,2024-11-27,Tecnología,Tienda,2,414300.0,0.0
T009156,C01218,2024-12-28,Mercado,Tienda,3,44100.0,0.0
T000622,C00080,2024-05-25,Mercado,Web,3,45000.0,0.0
T002441,C00306,2024-08-08,Mercado,Web,1,47500.0,0.0
T003615,C00456,2024-06-13,Hogar,Tienda,1,74800.0,0.0
T001035,C00135,2024-06-02,Moda,Web,3,162200.0,0.2
T004117,C00527,2025-05-13,Mercado,App,1,27400.0,0.0
T004105,C00526,2024-02-29,Hogar,App,3,88000.0,0.0
T001694,C00211,2024-06-19,Hogar,Tienda,2,129900.0,0.0
T009649,C01291,2025-05-02,Tecnología,App,2,286400.0,0.0
T010063,C01353,2023-07-07,Belleza,Tienda,3,59700.0,0.0
T005898,C00762,2023-07-14,Mercado,Tienda,1,21200.0,0.3
T001651,C00207,2024-08-20,Mercado,Tienda,3,53900.0,0.0
T007050,C00934,2024-07-13,Mercado,Web,3,31900.0,0.0
T001560,C00195,2024-02-08,Moda,Tienda,1,135600.0,0.0
T000277,C00033,2024-11-01,Hogar,Web,1,132700.0,0.0
T001815,C00230,2024-08-28,Moda,App,2,180600.0,0.0
T007666,C01011,2024-10-08,Mercado,Tienda,1,29000.0,0.0
T000103,C00012,2024-03-11,Mercado,Tienda,-1,46600.0,0.0
T008156,C01082,2023-12-04,Belleza,Tienda,2,79000.0,0.2
T010894,C01466,2024-10-22,Mercado,Tienda,2,52900.0,0.0
T003415,C00429,2023-12-28,Mercado,Tienda,1,57500.0,0.0
T000563,C00072,2025-01-11,Mercado,Tienda,2,39500.0,0.0
T007090,C00938,2024-06-29,Hogar,Web,2,126200.0,0.0
T002094,C00262,2024-04-08,Mercado,Web,3,35200.0,0.0
T008433,C01118,2024-06-07,Tecnología,App,3,768700.0,0.0
T000426,C00052,2024-02-01,Mercado,App,3,41800.0,0.0
T001291,C00163,2024-01-07,Belleza,Tienda,3,87200.0,0.1
T008443,C01119,2024-03-27,Mercado,App,1,29700.0,0.3
T002764,C00343,2024-04-21,Tecnología,App,1,585900.0,0.1
T009825,C01321,2025-03-16,Mercado,Tienda,1,46100.0,0.3
T001710,C00213,2024-01-01,Mercado,Tienda,3,42500.0,0.0
T002429,C00305,2024-01-05,Mercado,App,2,50600.0,0.0
T000520,C00065,2024-07-20,Mercado,App,3,47000.0,0.0
T010945,C01473,2023-10-27,Tecnología,App,3,565800.0,0.0
T004925,C00637,2024-05-08,Tecnología,Web,1,601200.0,0.0
T005170,C00670,2024-04-24,Hogar,Tienda,2,139500.0,0.0
T001675,C00208,2023-10-16,Mercado,Tienda,1,56700.0,0.1
T000334,C00042,2023-02-04,Mercado,Tienda,2,54300.0,0.0
T007478,C00987,2025-03-08,Mercado,Tienda,3,25800.0,0.0
T000384,C00047,2025-01-29,Hogar,Web,3,140500.0,0.0
T004027,C00514,2023-10-22,Mercado,App,1,44700.0,0.3
T007380,C00974,2024-12-01,Hogar,App,2,188000.0,0.3
T001227,C00158,2024-07-29,Belleza,Tienda,1,76400.0,0.0
T003337,C00423,2024-02-03,Hogar,App,1,97400.0,0.0
T000736,C00094,2025-06-13,Mercado,Tienda,1,61000.0,0.0
T004806,C00618,2025-05-10,Mercado,Web,3,54700.0,0.0
T011060,C01490,2025-01-18,Mercado,Web,2,60100.0,0.0
T004120,C00528,2025-02-26,Moda,Tienda,3,171900.0,0.0
T002597,C00323,2024-08-09,Mercado,App,1,35700.0,0.0
T005788,C00749,2025-05-23,Mercado,Web,2,27500.0,0.0
T002946,C00367,2023-07-21,Mercado,Tienda,1,35100.0,0.0
T000129,C00015,2024-10-20,Belleza,Web,1,61600.0,0.0
T010004,C01345,2024-07-25,Moda,Tienda,3,136400.0,0.0
T008948,C01182,2024-02-28,Mercado,App,3,41700.0,0.2
T000305,C00038,2024-06-29,Mercado,Tienda,3,48900.0,0.0
T010239,C01375,2023-10-12,Belleza,Web,2,105100.0,0.2
T001232,C00158,2024-08-26,Belleza,Web,3,99100.0,0.0
T006283,C00820,2024-10-13,Moda,App,1,110900.0,0.0
T002777,C00346,2023-10-31,Mercado,Web,2,46600.0,0.0
T010192,C01369,2024-06-07,Belleza,App,3,64100.0,0.0
T007424,C00980,2024-11-29,Mercado,App,3,54100.0,0.0
T004772,C00612,2024-09-18,Mercado,Tienda,3,15800.0,0.0
T011061,C01490,2024-05-19,Mercado,Tienda,2,37200.0,0.0
T005946,C00768,2024-06-16,Hogar,App,1,87000.0,0.0
T000734,C00094,2023-10-19,Mercado,Tienda,2,47000.0,0.0
T008494,C01126,2025-06-06,Mercado,Tienda,2,54900.0,0.0
T010718,C01441,2025-02-15,Moda,Web,1,148700.0,0.0
T004403,C00567,2025-04-16,Moda,Tienda,1,171600.0,0.1
T010918,C01470,2023-09-15,Tecnología,Web,1,396600.0,0.0
T002445,C00306,2023-07-27,Mercado,Tienda,1,30600.0,0.0
T000892,C00114,2024-12-01,Moda,Tienda,2,194800.0,0.0
T007300,C00965,2024-12-28,Mercado,Tienda,3,57600.0,0.1
T001012,C00131,2024-01-15,Hogar,App,2,135900.0,0.0
T004982,C00642,2025-03-07,Moda,Web,1,222600.0,0.0
T006753,C00895,2025-02-10,Mercado,Tienda,3,49400.0,0.0
T001619,C00204,2024-09-20,Hogar,Web,1,73100.0,0.0
T006423,C00842,2024-07-25,Mercado,Tienda,3,36900.0,0.0
T009380,C01253,2024-04-12,Mercado,Web,2,30000.0,0.0
T005193,C00671,2025-05-28,Mercado,Web,2,36400.0,0.0
T008880,C01175,2024-01-08,Mercado,Tienda,3,48400.0,0.0
T006707,C00885,2024-05-29,Mercado,App,3,52300.0,0.0
T008750,C01159,2025-06-22,Mercado,Tienda,2,65000.0,0.0
T002731,C00340,2023-06-29,Mercado,App,3,38300.0,0.0
T003467,C00435,2023-05-10,Hogar,Tienda,1,160300.0,0.0
T005851,C00757,2024-05-14,Moda,Tienda,2,158900.0,0.1
T007470,C00987,2025-06-04,Hogar,Tienda,3,132900.0,0.0
T004683,C00600,2025-05-08,Belleza,Tienda,2,60300.0,0.1
T009171,C01219,2024-05-06,Hogar,App,2,76800.0,0.3
T010600,C01425,2023-04-21,Hogar,App,2,123900.0,0.0
T005893,C00761,2024-09-01,Mercado,Tienda,3,53800.0,0.0
T010421,C01397,2024-06-26,Tecnología,Tienda,2,931700.0,0.0
T001302,C00165,2023-04-10,Tecnología,App,1,279000.0,0.0
T001701,C00212,2024-04-30,Moda,Tienda,1,154500.0,0.0
T004822,C00621,2024-08-30,Tecnología,App,1,433700.0,0.0
T009991,C01343,2024-08-09,Mercado,Tienda,1,35700.0,0.2
T000259,C00030,2023-08-26,Moda,Tienda,1,139200.0,0.0
T007967,C01054,2025-01-19,Moda,Tienda,2,201600.0,0.0
T000564,C00072,2025-05-02,Moda,Tienda,3,130300.0,0.0
T001315,C00165,2024-02-13,Mercado,Tienda,2,42500.0,0.0
T004410,C00568,2024-02-08,Hogar,Tienda,1,76100.0,0.3
T008689,C01152,2023-11-18,Belleza,Tienda,2,83400.0,0.2
T007949,C01051,2025-01-21,Tecnología,App,1,454200.0,0.0
T005112,C00660,2025-04-07,Mercado,Tienda,1,28800.0,0.0
T008614,C01138,2024-10-22,Belleza,Tienda,2,64300.0,0.0
T004926,C00637,2024-05-05,Hogar,App,2,111500.0,0.0
T002768,C00344,2024-08-21,Mercado,App,2,54600.0,0.0
T002039,C00257,2025-06-25,Mercado,App,3,38900.0,0.2
T001945,C00244,2024-08-13,Moda,Tienda,1,127400.0,0.2
T000205,C00023,2024-10-19,Belleza,Tienda,2,89100.0,0.0
T009574,C01277,2024-10-20,Mercado,Web,2,56900.0,0.1
T000839,C00108,2024-06-26,Mercado,Web,1,42100.0,0.0
T006314,C00825,2024-02-15,Mercado,Tienda,2,38900.0,0.0
T010185,C01368,2024-09-20,Mercado,Tienda,3,47700.0,0.0
T009003,C01193,2023-09-16,Mercado,App,1,30600.0,0.0
T001611,C00203,2024-07-17,Belleza,Tienda,3,73100.0,0.0
T004532,C00585,2023-12-15,Hogar,App,2,142600.0,0.0
T007888,C01039,2023-11-12,Moda,Tienda,3,124700.0,0.0
T002806,C00350,2025-03-25,Hogar,Tienda,1,103300.0,0.0
T000898,C00115,2025-06-14,Moda,Web,2,157700.0,0.0
T001395,C00173,2024-10-22,Hogar,App,1,136000.0,0.1
T003783,C00476,2024-07-25,Tecnología,Web,3,864300.0,0.1
T006361,C00834,2025-06-16,Belleza,Tienda,1,66000.0,0.0
T008995,C01193,2023-08-28,Belleza,App,2,26900.0,0.0
T007995,C01058,2024-08-14,Belleza,App,2,90300.0,0.2
T004600,C00593,2024-02-29,Moda,Tienda,2,139900.0,0.0
T003738,C00472,2025-06-07,Belleza,Tienda,3,78500.0,0.0
T004206,C00537,2024-11-06,Mercado,Web,2,40500.0,0.0
T005865,C00759,2024-04-04,Mercado,App,1,66300.0,0.0
T010062,C01353,2023-12-19,Belleza,Web,3,53500.0,0.0
T009960,C01338,2023-06-13,Hogar,App,3,179800.0,0.1
T002091,C00261,2024-01-02,Mercado,Tienda,3,42000.0,0.0
T006444,C00846,2024-08-10,Mercado,App,3,38800.0,0.0
T002143,C00267,2024-03-02,Hogar,Tienda,1,153600.0,0.0
T008077,C01069,2023-09-13,Moda,Tienda,3,153400.0,0.0
T002275,C00284,2024-06-24,Mercado,Tienda,1,58500.0,0.0
T010667,C01435,2024-08-27,Mercado,Tienda,2,36400.0,0.0
T003946,C00499,2024-01-26,Hogar,Tienda,2,147100.0,0.0
T002941,C00367,2024-06-30,Moda,Tienda,1,183200.0,0.0
T004677,C00600,2024-11-07,Moda,Tienda,2,60800.0,0.1
T005480,C00711,2024-01-02,Mercado,App,3,59500.0,0.1
T005657,C00730,2024-08-13,Mercado,Tienda,1,46500.0,0.0
T000358,C00044,2024-08-28,Moda,Tienda,1,195300.0,0.0
T003115,C00392,2023-10-11,Mercado,Tienda,2,24100.0,0.1
T005144,C00666,2025-05-28,Hogar,App,3,91800.0,0.0
T006370,C00835,2025-01-03,Mercado,App,3,64000.0,0.0
T007682,C01014,2025-03-21,Mercado,Tienda,1,57300.0,0.0
T000474,C00059,2023-12-28,Moda,Web,1,130000.0,0.0
T002530,C00317,2024-02-27,Hogar,Tienda,1,95700.0,0.0
T008545,C01131,2024-03-21,Hogar,Web,1,121300.0,0.3
T006081,C00789,2024-08-22,Mercado,App,2,32600.0,0.0
T004872,C00630,2024-10-31,Belleza,Tienda,3,106200.0,0.0
T005928,C00767,2025-06-16,Moda,Tienda,2,151000.0,0.0
T000878,C00114,2024-11-12,Moda,Tienda,3,170500.0,0.1
T007372,C00973,2025-01-24,Mercado,Web,2,29900.0,0.0
T001491,C00187,2024-11-29,Mercado,Tienda,1,53700.0,0.2
T003610,C00455,2023-09-22,Tecnología,App,3,678000.0,0.3
T010238,C01375,2025-06-24,Moda,Tienda,1,151400.0,0.0
T003003,C00375,2023-10-22,Belleza,Tienda,3,31100.0,0.0
T001960,C00246,2025-01-28,Moda,Tienda,1,163200.0,0.0
T007861,C01034,2025-03-02,Belleza,Tienda,3,51600.0,0.0
T004083,C00523,2025-01-19,Mercado,App,3,42100.0,0.0
T011010,C01481,2024-09-19,Hogar,Web,3,88400.0,0.0
T000187,C00021,2024-12-13,Mercado,Web,1,48700.0,0.0
T005724,C00741,2024-07-12,Mercado,App,2,34200.0,0.0
T004014,C00511,2024-07-07,Belleza,Tienda,3,61200.0,0.0
T005584,C00722,2025-05-08,Belleza,Web,3,56200.0,0.0
T009940,C01334,2025-04-24,Tecnología,Web,2,673900.0,0.0
T006057,C00786,2024-02-15,Mercado,Tienda,3,60100.0,0.3
T004304,C00552,2024-07-22,Tecnología,Web,1,799100.0,0.0
T005065,C00652,2024-08-26,Mercado,Web,3,56300.0,0.0
T000908,C00116,2024-08-02,Mercado,Tienda,3,74600.0,0.1
T003241,C00410,2024-06-19,Mercado,Tienda,2,88600.0,0.0
T005482,C00711,2024-07-27,Tecnología,App,2,649600.0,0.0
T008898,C01177,2024-04-07,Belleza,Web,1,76900.0,0.0
T003437,C00433,2023-08-09,Mercado,Tienda,1,31200.0,0.1
T009357,C01251,2023-08-29,Mercado,App,1,50200.0,0.0
T008729,C01158,2024-02-29,Belleza,Tienda,1,56100.0,0.0
T008949,C01183,2024-05-01,Mercado,Web,3,20500.0,0.0
T002561,C00318,2025-06-20,Mercado,Tienda,3,51700.0,0.0
T010003,C01345,2024-08-04,Moda,Tienda,2,88300.0,0.3
T004414,C00568,2024-03-22,Mercado,Tienda,3,43700.0,0.0
T002078,C00260,2024-04-12,Tecnología,Tienda,2,508000.0,0.0
T003166,C00401,2024-08-21,Moda,Tienda,1,158300.0,0.2
T010536,C01414,2024-06-11,Moda,App,3,137600.0,0.0
T002349,C00293,2025-06-03,Moda,App,1,147800.0,0.0
T009190,C01222,2023-05-15,Moda,Tienda,2,96500.0,0.2
T003830,C00483,2024-07-26,Hogar,Tienda,3,183000.0,0.0
T001110,C00140,2023-10-07,Tecnología,Web,1,592400.0,0.1
T010057,C01353,2025-05-27,Moda,App,2,139400.0,0.0
T010927,C01471,2024-10-17,Mercado,Tienda,3,26800.0,0.0
T003848,C00484,2024-06-01,Hogar,App,3,148300.0,0.0
T008815,C01164,2024-01-10,Hogar,App,2,143600.0,0.0
T002921,C00365,2025-01-24,Mercado,App,1,54000.0,0.0
T008370,C01111,2024-04-08,Moda,Tienda,2,95700.0,0.3
T005544,C00720,2025-03-01,Hogar,App,3,34800.0,0.0
T001483,C00187,2025-05-15,Hogar,Tienda,1,92600.0,0.1
T002604,C00325,2024-04-24,Tecnología,Web,2,336500.0,0.0
T010901,C01467,2024-01-05,Tecnología,App,2,785300.0,0.3
T009722,C01306,2024-09-18,Mercado,Web,2,46000.0,0.0
T006471,C00850,2024-10-19,Hogar,App,3,57100.0,0.0
T007043,C00932,2023-07-16,Moda,Tienda,1,169400.0,0.3
T005982,C00774,2024-11-01,Mercado,App,2,49800.0,0.0
T001808,C00229,2024-04-01,Moda,App,2,173500.0,0.0
T006677,C00880,2024-11-02,Mercado,Tienda,3,36900.0,0.3
T004981,C00642,2024-08-13,Mercado,Web,1,22600.0,0.0
T009750,C01312,2025-02-11,Mercado,Tienda,3,30600.0,0.0
T006687,C00882,2023-09-03,Moda,Web,3,153900.0,0.0
T008275,C01098,2025-04-06,Belleza,Tienda,1,83200.0,0.2
T006676,C00880,2024-07-28,Belleza,Tienda,3,48400.0,0.0
T006431,C00843,2024-10-17,Hogar,Tienda,3,85900.0,0.2
T006481,C00850,2025-02-24,Belleza,Web,2,19400.0,0.3
T009122,C01212,2025-03-26,Mercado,Tienda,2,44500.0,0.0
T011110,C01497,2025-03-31,Hogar,Tienda,3,104200.0,0.3
T008037,C01064,2023-07-15,Mercado,App,1,44300.0,0.0
T001753,C00219,2024-05-28,Hogar,Tienda,2,129400.0,0.3
T003938,C00498,2024-01-03,Mercado,App,3,46100.0,0.3
T003734,C00472,2025-01-10,Mercado,App,2,54300.0,0.0
T005733,C00742,2025-03-28,Mercado,App,1,7100.0,0.1
T001240,C00158,2024-10-07,Tecnología,Tienda,3,722300.0,0.0
T002134,C00265,2023-10-16,Moda,App,3,113700.0,0.0
T002414,C00304,2024-04-25,Mercado,App,2,28200.0,0.0
T011027,C01484,2024-03-27,Mercado,App,3,26100.0,0.0
T004021,C00513,2025-01-25,Tecnología,Tienda,1,515600.0,0.0
T000815,C00104,2024-02-05,Belleza,Tienda,3,,0.0
T005843,C00756,2024-11-06,Mercado,Tienda,1,27700.0,0.0
T005891,C00761,2024-05-29,Mercado,App,2,27800.0,0.0
T003098,C00390,2025-04-20,Hogar,App,2,154300.0,0.0
T006697,C00882,2023-10-02,Moda,App,3,119000.0,0.0
T002972,C00370,2024-10-20,Hogar,App,-1,105200.0,0.2
T004460,C00575,2024-09-03,Mercado,Tienda,1,38900.0,0.0
T005045,C00650,2024-10-27,Hogar,Tienda,3,115200.0,0.0
T002314,C00287,2025-01-10,Mercado,Tienda,3,48300.0,0.1
T001868,C00235,2025-01-11,Tecnología,Tienda,2,823900.0,0.0
T002684,C00335,2024-03-20,Hogar,Tienda,2,101400.0,0.1
T003820,C00482,2024-05-30,Mercado,App,2,60400.0,0.1
T007232,C00957,2024-06-08,Mercado,Tienda,1,45400.0,0.0
T000949,C00121,2025-03-16,Moda,Tienda,1,158400.0,0.0
T006721,C00886,2025-04-14,Mercado,Tienda,3,38300.0,0.0
T005142,C00665,2023-11-01,Belleza,App,2,77700.0,0.3
T010796,C01451,2024-06-25,Hogar,Web,3,86600.0,0.0
T004694,C00601,2025-01-10,Hogar,Web,1,114800.0,0.3
T008760,C01159,2025-03-22,Moda,App,2,86100.0,0.0
T000962,C00124,2024-12-25,Belleza,App,1,64200.0,0.0
T007848,C01033,2024-11-16,Moda,Web,1,100900.0,0.0
T005640,C00728,2024-06-04,Tecnología,Tienda,3,714100.0,0.0
T002538,C00317,2023-07-16,Mercado,App,3,84300.0,0.3
T006961,C00919,2024-12-22,Mercado,App,2,33800.0,0.0
T000126,C00015,2024-09-17,Moda,Tienda,1,101000.0,0.0
T006437,C00844,2024-08-23,Mercado,Tienda,2,31600.0,0.0
T001578,C00198,2024-10-28,Belleza,App,3,22200.0,0.0
T011079,C01493,2023-11-11,Moda,App,3,145400.0,0.0
T007451,C00984,2025-02-17,Hogar,Tienda,1,200200.0,0.0
T003952,C00500,2024-06-18,Mercado,App,2,30100.0,0.0
T001154,C00145,2024-03-14,Mercado,Tienda,3,72900.0,0.2
T004963,C00640,2024-07-31,Mercado,App,2,16500.0,0.0
T010329,C01384,2025-06-15,Moda,Web,1,178100.0,0.2
T007224,C00956,2024-08-05,Hogar,Tienda,1,193300.0,0.1
T002194,C00275,2023-06-07,Hogar,Web,1,129900.0,0.0
T009406,C01254,2025-04-19,Mercado,Tienda,1,62200.0,0.0
T007127,C00942,2024-06-07,Moda,Tienda,3,145700.0,0.0
T000820,C00106,2024-12-18,Hogar,Web,2,95100.0,0.1
T002870,C00358,2024-07-28,Mercado,App,1,40800.0,0.0
T008900,C01177,2023-06-24,Hogar,App,1,152200.0,0.0
T007020,C00927,2023-12-22,Mercado,App,2,21900.0,0.0
T002221,C00280,2024-03-27,Belleza,Tienda,3,99300.0,0.0
T004711,C00603,2023-11-05,Hogar,Tienda,1,117800.0,0.1
T002767,C00344,2023-09-16,Mercado,Tienda,1,43800.0,0.0
T002555,C00318,2025-04-01,Moda,Tienda,1,163000.0,0.0
T002903,C00363,2023-11-29,Tecnología,Tienda,1,745900.0,0.3
T002297,C00286,2024-02-23,Belleza,Tienda,2,13700.0,0.0
T006644,C00876,2024-01-03,Hogar,Tienda,3,98100.0,0.0
T005495,C00714,2024-03-20,Hogar,App,1,139400.0,0.0
T006161,C00801,2024-10-14,Mercado,Web,2,75900.0,0.2
T007301,C00965,2024-10-07,Mercado,Web,1,54500.0,0.1
T000875,C00114,2024-05-30,Mercado,Web,3,46300.0,0.0
T001882,C00236,2024-05-03,Mercado,Tienda,3,67000.0,0.0
T001126,C00143,2025-06-05,Mercado,App,1,71500.0,0.2
T008491,C01125,2023-05-26,Mercado,Tienda,3,36100.0,0.0
T006636,C00876,2023-12-02,Tecnología,Tienda,3,712100.0,0.0
T004589,C00592,2024-05-08,Belleza,App,2,64500.0,0.0
T005610,C00726,2024-07-13,Mercado,Tienda,1,49800.0,0.0
T006632,C00875,2024-02-29,Belleza,Tienda,2,94600.0,0.0
T003068,C00386,2023-10-29,Tecnología,Tienda,3,678300.0,0.0
T001837,C00234,2024-05-23,Belleza,Tienda,-1,80100.0,0.0
T002810,C00350,2025-04-19,Mercado,Tienda,1,47300.0,0.0
T000017,C00002,2025-03-19,Mercado,App,3,40700.0,0.0
T005475,C00711,2024-09-17,Moda,App,2,204600.0,0.0
T010859,C01460,2024-06-05,Hogar,Tienda,1,123700.0,0.0
T003129,C00395,2024-10-06,Mercado,Tienda,3,34700.0,0.0
T010260,C01377,2023-03-06,Mercado,App,2,36100.0,0.0
T010412,C01397,2024-11-10,Moda,App,1,171200.0,0.3
T002426,C00305,2025-02-09,Moda,Tienda,2,146400.0,0.0
T001832,C00233,2024-09-23,Hogar,App,1,145100.0,0.0
T009963,C01338,2024-01-23,Moda,App,3,160400.0,0.0
T002629,C00326,2024-06-03,Tecnología,App,1,342100.0,0.0
T007890,C01039,2023-10-09,Mercado,Tienda,3,41800.0,0.1
T007117,C00941,2025-06-16,Belleza,App,2,51400.0,0.0
T009032,C01198,2024-06-09,Mercado,App,3,56300.0,0.0
T006500,C00854,2024-02-23,Hogar,App,3,101700.0,0.0
T010681,C01437,2024-12-27,Hogar,App,3,106500.0,0.0
T004033,C00517,2025-04-10,Mercado,Tienda,1,54300.0,0.1
T007330,C00968,2023-07-31,Hogar,Tienda,3,164700.0,0.0
T004415,C00568,2024-04-27,Moda,App,2,116800.0,0.0
T007461,C00986,2024-07-28,Belleza,Tienda,1,62000.0,0.1
T010774,C01447,2024-12-19,Hogar,App,3,98000.0,0.0
T000378,C00047,2024-09-06,Mercado,App,1,36800.0,0.0
T000172,C00020,2023-06-08,Mercado,App,3,55000.0,0.0
T009192,C01222,2023-07-18,Belleza,App,3,72400.0,0.0
T005141,C00665,2025-03-25,Moda,Web,3,208000.0,0.0
T004200,C00536,2024-01-15,Mercado,Tienda,2,38000.0,0.0
T005897,C00762,2024-01-06,Mercado,Web,2,41800.0,0.2
T001667,C00208,2023-05-28,Mercado,Web,3,58200.0,0.0
T010797,C01452,2025-05-10,Mercado,App,1,52000.0,0.0
T008477,C01123,2024-02-15,Belleza,App,2,63100.0,0.0
T000101,C00012,2024-03-06,Hogar,App,3,106900.0,0.1
T010988,C01479,2025-04-23,Moda,Tienda,2,203500.0,0.0
T005770,C00748,2024-09-30,Tecnología,Tienda,3,679200.0,0.0
T004860,C00629,2024-02-19,Mercado,Web,2,51700.0,0.3
T003201,C00405,2024-12-06,Hogar,Web,2,79000.0,0.3
T011033,C01484,2023-09-09,Tecnología,Tienda,1,462800.0,0.0
T007960,C01053,2024-04-02,Moda,Tienda,1,162100.0,0.2
T002926,C00366,2025-03-16,Mercado,Tienda,2,48900.0,0.0
T009708,C01303,2024-03-06,Tecnología,Tienda,1,383400.0,0.0
T007866,C01034,2023-11-15,Hogar,App,3,138600.0,0.0
T006869,C00909,2025-03-01,Hogar,App,1,193500.0,0.0
T003673,C00464,2024-09-15,Mercado,Tienda,2,10100.0,0.0
T006691,C00882,2024-03-27,Tecnología,App,2,868400.0,0.1
T010877,C01463,2024-05-22,Hogar,App,1,105800.0,0.0
T000830,C00108,2024-12-13,Belleza,App,3,73300.0,0.0
T000963,C00124,2024-01-04,Moda,App,2,102300.0,0.2
T006699,C00882,2024-02-19,Tecnología,Tienda,1,536800.0,0.0
T006856,C00907,2024-01-01,Hogar,App,1,158300.0,0.0
T000943,C00120,2025-03-03,Mercado,Web,1,25400.0,0.1
T008824,C01165,2024-04-23,Belleza,Web,3,96400.0,0.0
T011121,C01499,2025-01-04,Mercado,Tienda,1,29200.0,0.0
T005171,C00670,2024-04-13,Moda,Tienda,3,148700.0,0.0
T008085,C01070,2024-04-09,Belleza,Tienda,3,77000.0,0.3
T000298,C00036,2024-12-22,Hogar,Web,1,103500.0,0.0
T001320,C00165,2023-11-26,Moda,Web,1,95400.0,0.0
T001795,C00227,2024-09-13,Moda,Tienda,1,194600.0,0.0
T006529,C00859,2024-07-09,Mercado,Web,3,19000.0,0.0
T010067,C01354,2024-12-30,Mercado,Tienda,3,59500.0,0.3
T006624,C00874,2024-12-25,Mercado,Tienda,3,55700.0,0.0
T005006,C00645,2023-10-15,Moda,Tienda,1,207100.0,0.0
T010984,C01478,2024-07-07,Hogar,Web,3,207700.0,0.2
T004712,C00603,2025-01-07,Mercado,App,2,66000.0,0.0
T003596,C00452,2023-12-14,Hogar,App,2,211300.0,0.1
T000501,C00063,2023-08-16,Belleza,App,3,85100.0,0.0
T009225,C01228,2024-05-20,Mercado,App,1,54200.0,0.2
T003226,C00409,2024-01-20,Mercado,Tienda,2,55700.0,0.3
T005713,C00739,2024-07-06,Mercado,Web,1,58100.0,0.2
T003690,C00468,2024-03-18,Belleza,Tienda,3,42700.0,0.0
T003751,C00474,2024-02-12,Mercado,Tienda,3,46100.0,0.3
T007855,C01033,2024-07-13,Mercado,App,2,11500.0,0.0
T006683,C00882,2023-09-28,Belleza,App,1,56000.0,0.0
T010000,C01345,2024-07-21,Hogar,Tienda,2,85200.0,0.1
T001421,C00177,2024-08-27,Hogar,App,3,134200.0,0.0
T008922,C01178,2024-03-11,Hogar,App,1,155000.0,0.0
T004605,C00593,2024-02-22,Mercado,Web,1,41100.0,0.0
T002005,C00252,2023-10-08,Mercado,Tienda,2,48900.0,0.1
T006682,C00882,2024-07-25,Mercado,App,3,39400.0,0.0
T003197,C00405,2024-10-04,Mercado,Tienda,1,48300.0,0.3
T005548,C00720,2025-01-09,Mercado,Tienda,3,32200.0,0.0
T000500,C00063,2024-12-06,Belleza,Tienda,2,66100.0,0.1
T010489,C01409,2024-11-13,Mercado,App,2,53100.0,0.0
T004467,C00576,2024-08-02,Moda,Tienda,3,86900.0,0.0
T004007,C00510,2023-12-20,Mercado,Web,1,35000.0,0.0
T006045,C00785,2025-04-02,Moda,Tienda,2,118600.0,0.0
T004134,C00529,2025-01-30,Hogar,App,2,64000.0,0.0
T005727,C00742,2024-06-18,Mercado,Tienda,2,51700.0,0.0
T009968,C01339,2024-04-07,Mercado,App,2,44000.0,0.0
T008198,C01085,2025-03-17,Mercado,Tienda,1,50800.0,0.3
T001002,C00130,2024-08-15,Mercado,App,1,44100.0,0.1
T008468,C01122,2025-04-20,Belleza,App,1,,0.0
T004433,C00570,2024-07-10,Mercado,App,1,32600.0,0.0
T006029,C00781,2024-08-06,Belleza,Tienda,2,46200.0,0.0
T003580,C00451,2024-08-04,Hogar,Tienda,3,153000.0,0.0
T006349,C00832,2024-11-04,Hogar,App,1,153300.0,0.3
T010139,C01362,2025-01-27,Mercado,Tienda,1,48200.0,0.1
T000096,C00011,2024-10-17,Tecnología,App,2,967800.0,0.0
T009640,C01290,2025-01-01,Mercado,App,1,42400.0,0.0
T007270,C00961,2025-03-02,Mercado,Tienda,3,34800.0,0.0
T003884,C00488,2024-07-23,Moda,Tienda,1,225600.0,0.0
T005002,C00644,2023-12-02,Mercado,Tienda,2,36400.0,0.0
T008080,C01070,2024-02-13,Mercado,Web,3,45900.0,0.0
T003739,C00472,2024-06-06,Hogar,Tienda,3,137900.0,0.0
T010467,C01407,2023-10-08,Mercado,Tienda,2,49100.0,0.0
T009835,C01321,2024-10-21,Moda,App,1,209800.0,0.0
T006012,C00779,2024-01-31,Moda,App,3,121600.0,0.0
T006425,C00843,2025-03-14,Moda,Tienda,2,147100.0,0.0
T000765,C00098,2024-04-29,Hogar,Tienda,3,76900.0,0.0
T002625,C00326,2024-10-01,Belleza,Tienda,1,65900.0,0.0
T005980,C00774,2024-03-08,Hogar,App,3,159200.0,0.0
T004157,C00531,2025-06-11,Moda,Web,2,191600.0,0.0
T006736,C00891,2025-03-29,Hogar,Web,2,58400.0,0.0
T005933,C00767,2023-10-28,Belleza,Web,2,54200.0,0.0
T001885,C00237,2024-03-13,Hogar,Tienda,2,88800.0,0.2
T010534,C01413,2024-03-17,Mercado,App,2,49500.0,0.0
T006315,C00825,2023-12-04,Mercado,App,1,30400.0,0.3
T004063,C00520,2025-06-02,Hogar,Web,1,164000.0,0.0
T004565,C00589,2024-12-21,Hogar,Tienda,3,181700.0,0.0
T006138,C00798,2025-04-26,Moda,Tienda,2,147500.0,0.0
T003755,C00474,2024-02-10,Tecnología,Web,3,1032300.0,0.0
T003158,C00399,2025-06-04,Mercado,Web,2,74200.0,0.0
T006015,C00779,2025-06-29,Moda,Tienda,3,197100.0,0.0
T001624,C00204,2025-03-22,Mercado,Tienda,2,62400.0,0.0
T006940,C00917,2024-11-23,Mercado,Web,3,46600.0,0.0
T002400,C00303,2024-07-13,Mercado,Tienda,2,19600.0,0.0
T008927,C01180,2024-05-10,Mercado,App,3,46100.0,0.0
T001173,C00148,2024-05-18,Tecnología,Tienda,2,629400.0,0.0
T006559,C00866,2024-10-05,Mercado,Tienda,1,44800.0,0.0
T005295,C00685,2025-02-04,Hogar,App,3,105200.0,0.0
T007264,C00961,2024-12-04,Moda,App,2,141900.0,0.0
T001600,C00201,2024-04-01,Mercado,Tienda,1,50200.0,0.0
T000365,C00045,2024-01-10,Moda,Tienda,3,130900.0,0.0
T001835,C00234,2025-03-21,Mercado,Web,1,30800.0,0.3
T010172,C01365,2024-10-06,Hogar,Tienda,1,101300.0,0.2
T003388,C00427,2025-06-18,Moda,Web,2,201200.0,0.0
T009776,C01315,2024-12-13,Moda,Tienda,3,136400.0,0.0
T010356,C01389,2024-08-02,Hogar,Tienda,2,123200.0,0.0
T009782,C01316,2024-09-26,Moda,Web,1,127800.0,0.0
T008961,C01186,2024-03-24,Mercado,App,3,43800.0,0.3
T001147,C00145,2024-04-14,Hogar,App,1,103400.0,0.0
T003304,C00418,2025-04-23,Moda,Tienda,2,212000.0,0.0
T007845,C01033,2024-06-01,Moda,Tienda,2,159800.0,0.3
T003180,C00402,2024-04-10,Mercado,Tienda,1,38800.0,0.0
T009273,C01238,2025-05-10,Mercado,Tienda,1,51300.0,0.0
T004898,C00632,2025-06-08,Hogar,Tienda,1,57000.0,0.0
T001030,C00135,2025-01-20,Mercado,Tienda,3,39600.0,0.2
T000308,C00038,2023-09-21,Hogar,App,1,135600.0,0.0
T000909,C00116,2025-05-15,Tecnología,Web,1,776300.0,0.0
T001977,C00248,2024-02-08,Hogar,App,3,155400.0,0.0
T000221,C00025,2024-02-03,Belleza,App,1,48200.0,0.0
T009823,C01321,2024-04-04,Moda,App,1,212000.0,0.0
T002942,C00367,2024-10-10,Moda,Tienda,2,171300.0,0.0
T004679,C00600,2023-12-16,Tecnología,App,1,550400.0,0.0
T001841,C00234,2025-06-27,Mercado,Tienda,2,45100.0,0.0
T006406,C00840,2024-07-20,Mercado,App,3,55200.0,0.3
T009013,C01194,2024-12-22,Mercado,App,1,48300.0,0.2
T006154,C00801,2024-09-16,Moda,Web,1,240000.0,0.0
T003656,C00463,2024-02-26,Belleza,Tienda,3,91800.0,0.0
T000680,C00084,2023-09-06,Mercado,Tienda,1,50100.0,0.0
T004639,C00597,2023-04-23,Moda,Web,1,150000.0,0.2
T006591,C00868,2024-05-16,Belleza,Tienda,3,75600.0,0.0
T009402,C01254,2023-06-07,Mercado,App,1,53800.0,0.0
T011075,C01492,2024-08-26,Mercado,Tienda,2,33000.0,0.0
T006291,C00822,2024-01-03,Mercado,Tienda,2,63900.0,0.0
T009117,C01211,2023-11-17,Mercado,Tienda,2,28000.0,0.1
T007401,C00976,2024-03-28,Hogar,Tienda,1,89800.0,0.0
T010340,C01384,2024-06-04,Tecnología,Web,1,925700.0,0.0
T010464,C01407,2025-02-09,Belleza,App,1,67700.0,0.0
T004065,C00521,2024-05-07,Belleza,Tienda,1,59200.0,0.0
T009319,C01246,2024-08-02,Mercado,Tienda,1,37900.0,0.0
T000041,C00004,2024-07-16,Hogar,Tienda,1,58400.0,0.0
T009251,C01234,2025-03-09,Mercado,App,1,33200.0,0.0
T009997,C01344,2024-11-24,Mercado,App,3,71400.0,0.0
T001101,C00140,2024-01-08,Mercado,Web,2,57700.0,0.0
T010382,C01392,2024-12-18,Mercado,Tienda,1,56700.0,0.2
T009000,C01193,2024-03-08,Belleza,App,2,83300.0,0.0
T006088,C00791,2024-01-06,Belleza,App,2,80800.0,0.0
T002798,C00348,2024-07-13,Tecnología,App,2,595100.0,0.0
T008208,C01087,2024-06-18,Mercado,App,1,58900.0,0.0
T001042,C00135,2024-09-02,Mercado,App,2,39200.0,0.0
T005464,C00709,2023-04-29,Hogar,Tienda,3,63100.0,0.0
T009188,C01222,2024-06-29,Moda,Web,1,165600.0,0.1
T008440,C01119,2025-05-31,Moda,Tienda,3,104200.0,0.0
T000825,C00107,2025-02-25,Mercado,App,2,45800.0,0.0
T002814,C00351,2024-08-20,Mercado,Tienda,2,35900.0,0.2
T007650,C01007,2025-03-04,Mercado,Tienda,2,25500.0,0.0
T006228,C00812,2025-02-18,Moda,App,2,221500.0,0.3
T005353,C00692,2024-01-04,Hogar,App,3,107700.0,0.0
T007805,C01027,2024-05-02,Mercado,App,2,35500.0,0.0
T009883,C01326,2025-06-22,Hogar,App,2,175400.0,0.3
T006350,C00832,2024-10-24,Mercado,Tienda,3,21600.0,0.1
T004235,C00542,2024-02-29,Belleza,Tienda,3,103000.0,0.0
T000016,C00002,2024-04-07,Belleza,App,2,60300.0,0.0
T002936,C00366,2024-03-15,Mercado,Web,1,51500.0,0.0
T003323,C00421,2025-05-01,Moda,App,1,185500.0,0.0
T002343,C00291,2024-04-23,Moda,Tienda,3,144700.0,0.0
T007766,C01020,2024-10-09,Belleza,App,1,75900.0,0.0
T003548,C00445,2025-04-17,Mercado,App,1,44400.0,0.0
T001699,C00211,2023-09-30,Moda,Web,3,141600.0,0.2
T006593,C00869,2024-09-25,Hogar,Tienda,3,168100.0,0.0
T007293,C00964,2025-01-22,Mercado,App,3,56200.0,0.0
T002704,C00337,2025-01-15,Mercado,Tienda,1,24600.0,0.0
T008135,C01078,2023-11-01,Hogar,App,3,116900.0,0.0
T007647,C01007,2024-09-06,Belleza,Tienda,3,85500.0,0.0
T007514,C00991,2023-10-20,Mercado,Tienda,1,44600.0,0.0
T006068,C00788,2024-12-05,Tecnología,Tienda,2,772500.0,0.1
T010825,C01456,2024-12-04,Moda,App,1,180600.0,0.3
T010158,C01363,2025-01-09,Hogar,Web,2,197400.0,0.2
T004369,C00561,2024-02-18,Mercado,Web,2,44100.0,0.0
T004554,C00588,2024-11-02,Moda,App,1,80800.0,0.3
T002997,C00373,2025-06-23,Tecnología,Tienda,1,632700.0,0.0
T005529,C00717,2024-05-25,Belleza,Web,2,83200.0,0.0
T000003,C00001,2024-10-01,Moda,Tienda,2,73100.0,0.0
T010697,C01440,2024-07-16,Hogar,App,2,144900.0,0.2
T003312,C00419,2025-02-18,Belleza,Tienda,1,55000.0,0.1
T005031,C00647,2024-10-17,Hogar,App,1,157900.0,0.0
T009935,C01334,2025-03-13,Belleza,Web,3,100700.0,0.0
T004299,C00552,2024-06-29,Hogar,Web,3,56100.0,0.0
T002497,C00313,2025-05-13,Mercado,App,3,31300.0,0.0
T002911,C00363,2025-01-14,Mercado,Web,3,38200.0,0.0
T008668,C01148,2024-07-23,Mercado,App,3,57700.0,0.0
T000023,C00002,2025-05-08,Moda,Tienda,1,204400.0,0.0
T000221,C00025,2024-02-03,Belleza,App,1,48200.0,0.0
T003799,C00478,2023-05-10,Mercado,Tienda,2,51500.0,0.1
T011031,C01484,2024-03-22,Hogar,Tienda,3,122400.0,0.0
T002749,C00341,2024-04-07,Hogar,Tienda,3,52600.0,0.0
T000678,C00083,2024-02-14,Tecnología,Web,2,528900.0,0.3
T000437,C00054,2024-08-17,Hogar,App,1,210900.0,0.0
T001911,C00239,2023-08-06,Moda,Tienda,1,175600.0,0.0
T004013,C00511,2024-02-24,Mercado,Tienda,3,44200.0,0.0
T010964,C01475,2024-10-18,Moda,Web,2,189500.0,0.0
T010680,C01437,2025-01-01,Mercado,Tienda,2,32700.0,0.1
T008429,C01117,2024-04-09,Tecnología,App,2,737000.0,0.0
T004943,C00639,2024-05-09,Hogar,App,2,111200.0,0.0
T007707,C01014,2025-04-27,Hogar,App,3,172000.0,0.0
T000414,C00051,2024-11-23,Mercado,Tienda,2,39800.0,0.0
T006566,C00867,2024-06-21,Mercado,Web,1,24300.0,0.0
T000381,C00047,2025-02-23,Belleza,App,1,45400.0,0.0
T008472,C01123,2024-10-08,Mercado,App,2,5000.0,0.0
T005150,C00667,2024-08-11,Mercado,App,3,42400.0,0.0
T003228,C00410,2025-03-19,Hogar,App,3,110400.0,0.0
T003410,C00429,2024-01-27,Belleza,App,1,92300.0,0.2
T010066,C01354,2025-04-15,Belleza,Tienda,3,48000.0,0.0
T003930,C00497,2024-04-18,Mercado,Web,2,42900.0,0.0
T010127,C01360,2024-10-04,Mercado,App,2,59100.0,0.1
T008942,C01182,2025-05-27,Mercado,Tienda,1,43100.0,0.1
T007551,C00995,2025-01-21,Mercado,Tienda,1,18300.0,0.0
T005130,C00664,2024-02-12,Belleza,App,3,72000.0,0.0
T003444,C00434,2024-10-13,Belleza,Tienda,1,63400.0,0.0
T007163,C00947,2025-02-13,Hogar,App,2,144300.0,0.0
T000142,C00017,2024-09-17,Moda,Web,2,191200.0,0.0
T009301,C01243,2024-01-05,Belleza,Tienda,2,95300.0,0.0
T000464,C00057,2024-04-10,Moda,Tienda,1,185800.0,0.1
T001789,C00226,2024-12-21,Moda,App,3,120800.0,0.0
T003785,C00476,2024-07-25,Moda,Tienda,2,79900.0,0.0
T002176,C00273,2023-12-25,Moda,Tienda,3,93300.0,0.0
T003149,C00399,2024-02-29,Mercado,Tienda,3,54000.0,0.0
T001763,C00222,2024-12-31,Tecnología,App,3,80000.0,0.1
T008450,C01120,2024-02-10,Mercado,Tienda,1,35800.0,0.0
T007914,C01046,2024-07-07,Tecnología,App,3,273000.0,0.0
T006633,C00875,2024-04-20,Mercado,App,1,55100.0,0.0
T008769,C01160,2024-01-12,Mercado,Tienda,2,64300.0,0.0
T002071,C00260,2023-12-24,Mercado,Tienda,3,45600.0,0.3
T010626,C01429,2024-07-25,Mercado,Tienda,2,51700.0,0.0
T004976,C00641,2024-10-28,Mercado,App,2,50700.0,0.0
T007489,C00988,2025-05-26,Tecnología,Web,3,960600.0,0.0
T000337,C00042,2024-01-04,Moda,Tienda,3,169000.0,0.0
T001118,C00141,2024-05-16,Belleza,App,2,88300.0,0.0
T006160,C00801,2025-06-17,Tecnología,Web,1,664900.0,0.0
T001191,C00152,2024-12-30,Belleza,Tienda,2,39000.0,0.0
T008481,C01124,2024-09-25,Tecnología,Web,3,730000.0,0.1
T008207,C01087,2024-06-18,Hogar,Tienda,1,115500.0,0.1
T009233,C01230,2025-04-08,Belleza,Tienda,1,102800.0,0.0
T002057,C00258,2025-01-05,Belleza,Tienda,3,65900.0,0.0
T002350,C00293,2025-04-28,Mercado,Web,1,58200.0,0.0
T003953,C00500,2024-05-07,Moda,App,1,171200.0,0.0
T009756,C01312,2024-10-12,Mercado,App,2,48700.0,0.0
T009294,C01243,2025-06-08,Belleza,Web,2,52600.0,0.0
T001994,C00250,2024-10-31,Belleza,Tienda,2,65800.0,0.0
T007624,C01004,2024-04-10,Mercado,App,2,53500.0,0.0
T008145,C01080,2025-05-04,Moda,Tienda,1,149900.0,0.0
T007523,C00992,2024-06-27,Moda,Tienda,3,130000.0,0.0
T008452,C01120,2024-11-03,Mercado,Tienda,3,26900.0,0.0
T001671,C00208,2024-07-23,Hogar,App,2,182800.0,0.0
T004048,C00518,2024-11-06,Moda,App,2,129400.0,0.0
T003348,C00424,2023-10-21,Mercado,Web,2,23200.0,0.3
T009271,C01237,2024-10-17,Mercado,App,3,31100.0,0.0
T002770,C00344,2023-12-15,Tecnología,Web,3,548900.0,0.2
T008535,C01130,2024-04-26,Mercado,Tienda,3,48300.0,0.0
T004399,C00567,2024-05-26,Hogar,Tienda,2,155200.0,0.1
T009314,C01245,2025-03-19,Belleza,Web,3,117500.0,0.2
T002359,C00296,2024-05-10,Mercado,App,2,38000.0,0.0
T001169,C00147,2025-06-29,Hogar,Tienda,1,69200.0,0.0
T006962,C00919,2024-09-22,Mercado,Tienda,3,45200.0,0.0
T001083,C00139,2024-07-30,Mercado,App,2,47400.0,0.0
T007026,C00929,2024-10-17,Moda,App,2,53500.0,0.0
T005840,C00755,2024-01-18,Moda,Tienda,1,204400.0,0.2
T002765,C00343,2024-07-10,Moda,Web,3,97700.0,0.0
T011094,C01495,2024-12-22,Belleza,Tienda,2,52600.0,0.3
T000167,C00020,2023-05-04,Mercado,Tienda,2,40600.0,0.0
T003235,C00410,2024-03-25,Mercado,Tienda,2,42700.0,0.0
T009494,C01267,2024-11-06,Belleza,App,3,39500.0,0.3
T009202,C01224,2023-04-17,Mercado,Tienda,2,34800.0,0.0
T010174,C01365,2024-08-16,Belleza,App,1,96700.0,0.0
T008893,C01176,2024-02-24,Mercado,App,2,55500.0,0.0
T007937,C01049,2024-12-02,Moda,Tienda,1,159100.0,0.0
T005878,C00760,2024-12-06,Mercado,Tienda,1,36700.0,0.0
T000431,C00053,2025-02-06,Moda,App,2,145900.0,0.2
T001964,C00247,2023-08-18,Hogar,Tienda,3,115400.0,0.0
T001288,C00163,2023-05-17,Mercado,Web,1,46500.0,0.2
T003213,C00407,2024-07-06,Hogar,App,3,48700.0,0.0
T003784,C00476,2024-07-25,Hogar,Tienda,1,140700.0,0.0
T009174,C01219,2024-02-22,Hogar,Tienda,2,165200.0,0.0
T010194,C01369,2025-02-16,Moda,Tienda,2,174700.0,0.0
T005445,C00707,2024-06-20,Mercado,Tienda,3,40800.0,0.0
T003002,C00375,2023-08-03,Mercado,Tienda,3,34800.0,0.0
T001562,C00195,2024-06-12,Moda,Tienda,1,110700.0,0.0
T000706,C00087,2025-03-08,Mercado,App,2,46900.0,0.0
T006941,C00917,2024-10-28,Mercado,App,1,37500.0,0.0
T010648,C01433,2024-11-13,Mercado,App,1,48900.0,0.1
T008870,C01174,2025-03-18,Mercado,Tienda,3,41700.0,0.0
T008807,C01164,2025-01-22,Mercado,Tienda,3,46700.0,0.0
T007395,C00976,2023-09-06,Mercado,Tienda,1,28400.0,0.0
T008933,C01182,2024-09-11,Tecnología,Web,3,381300.0,0.0
T008695,C01153,2024-07-06,Mercado,Tienda,2,57700.0,0.0
T006174,C00804,2025-01-12,Mercado,App,3,61700.0,0.0
T005542,C00719,2024-01-07,Moda,Tienda,1,175400.0,0.0
T008434,C01118,2024-03-18,Mercado,Tienda,2,71800.0,0.0
T009864,C01324,2024-06-01,Mercado,Tienda,1,60900.0,0.0
T008655,C01146,2023-09-18,Mercado,Web,3,50700.0,0.3
T006725,C00887,2024-10-31,Mercado,Tienda,3,46600.0,0.0
T010934,C01472,2025-02-05,Mercado,Web,2,59200.0,0.0
T010465,C01407,2023-05-22,Hogar,App,3,136700.0,0.1
T005540,C00719,2023-09-08,Hogar,Tienda,3,203000.0,0.0
T001672,C00208,2025-01-27,Tecnología,App,2,501300.0,0.1
T002210,C00277,2025-01-25,Tecnología,Tienda,1,697900.0,0.0
T003331,C00423,2025-05-18,Belleza,Tienda,2,84600.0,0.1
T000840,C00108,2025-04-22,Mercado,App,3,46600.0,0.1
T009941,C01334,2024-03-04,Mercado,Web,1,40700.0,0.3
T008304,C01100,2024-06-29,Mercado,Web,3,42700.0,0.0
T007976,C01055,2025-01-03,Belleza,Web,3,72700.0,0.0
T009527,C01272,2024-03-26,Hogar,Web,3,61600.0,0.0
T010652,C01433,2024-01-01,Belleza,App,1,69400.0,0.0
T003749,C00473,2023-11-21,Moda,App,1,127500.0,0.0
T006576,C00867,2024-09-06,Hogar,Tienda,3,99900.0,0.0
T004649,C00598,2024-12-21,Mercado,Tienda,1,40000.0,0.0
T001092,C00139,2024-11-17,Tecnología,Tienda,3,596300.0,0.1
T006554,C00864,2024-03-23,Mercado,Tienda,2,28000.0,0.2
T007962,C01053,2024-04-02,Mercado,Web,3,32300.0,0.0
T001138,C00144,2025-06-18,Mercado,App,2,16200.0,0.0
T006822,C00902,2024-05-23,Moda,App,1,134600.0,0.0
T010566,C01418,2024-11-23,Belleza,Tienda,3,74100.0,0.0
T003614,C00456,2024-10-02,Tecnología,Tienda,2,790400.0,0.0
T000158,C00019,2025-02-06,Mercado,Tienda,2,12300.0,0.0
T009138,C01214,2024-04-30,Mercado,Tienda,3,52300.0,0.0
T006083,C00789,2024-08-22,Mercado,App,3,38800.0,0.0
T003650,C00462,2024-08-09,Hogar,Tienda,1,78000.0,0.0
T000498,C00062,2024-09-21,Mercado,Web,2,43300.0,0.0
T001011,C00131,2024-01-14,Mercado,App,2,50500.0,0.0
T009526,C01272,2024-02-25,Moda,App,1,229900.0,0.0
T007846,C01033,2024-02-28,Mercado,Web,3,51100.0,0.0
T002781,C00346,2025-04-06,Moda,Tienda,3,125400.0,0.0
T008833,C01166,2024-07-22,Mercado,Tienda,2,45800.0,0.0
T007476,C00987,2024-07-02,Tecnología,App,2,538500.0,0.2
T006261,C00818,2025-05-31,Hogar,Tienda,2,157400.0,0.0
T000007,C00001,2025-01-30,Mercado,Tienda,1,39800.0,0.2
T010746,C01443,2024-12-11,Mercado,App,1,35700.0,0.3
T010849,C01459,2024-09-27,Mercado,Web,1,58500.0,0.0
T007456,C00985,2024-05-20,Mercado,App,3,28700.0,0.0
T003837,C00483,2025-05-23,Hogar,Tienda,2,89000.0,0.2
T006590,C00868,2025-02-04,Hogar,Web,3,103600.0,0.0
T010869,C01461,2024-12-07,Mercado,Tienda,2,56100.0,0.0
T001637,C00205,2025-04-16,Mercado,App,3,66100.0,0.0
T009567,C01276,2024-07-19,Hogar,App,1,122600.0,0.0
T000914,C00116,2024-07-22,Mercado,App,3,32400.0,0.0
T008591,C01136,2024-04-16,Mercado,Tienda,1,49200.0,0.0
T006089,C00791,2024-07-14,Hogar,Tienda,3,100400.0,0.0
T009931,C01333,2024-09-17,Hogar,Tienda,2,147400.0,0.0
T010737,C01442,2024-10-26,Mercado,App,1,48200.0,0.0
T005301,C00685,2024-10-28,Belleza,App,1,80000.0,0.2
T003389,C00427,2025-05-25,Mercado,App,2,41400.0,0.0
T006789,C00898,2024-04-26,Mercado,Tienda,1,20600.0,0.0
T010730,C01442,2024-06-28,Hogar,App,1,200500.0,0.0
T001341,C00169,2025-02-06,Mercado,Tienda,1,16300.0,0.1
T010706,C01440,2024-07-10,Hogar,Web,3,119800.0,0.0
T003269,C00414,2024-08-29,Moda,Tienda,3,178800.0,0.0
T010860,C01460,2024-07-23,Belleza,App,1,55500.0,0.0
T000034,C00003,2024-01-20,Belleza,App,1,54900.0,0.0
T010826,C01456,2024-07-26,Tecnología,Tienda,1,899700.0,0.3
T006808,C00900,2024-12-02,Belleza,Tienda,2,27000.0,0.0
T002248,C00282,2023-07-14,Belleza,App,1,59000.0,0.2
T009679,C01297,2024-08-26,Mercado,App,3,55900.0,0.0
T010283,C01381,2024-07-13,Hogar,App,1,96800.0,0.0
T008343,C01106,2024-03-18,Tecnología,App,2,748000.0,0.0
T007203,C00952,2025-06-11,Belleza,Web,2,92500.0,0.0
T007945,C01050,2024-11-21,Hogar,Tienda,3,111800.0,0.0
T009049,C01199,2024-08-19,Mercado,Tienda,2,58600.0,0.0
T000162,C00020,2024-02-14,Mercado,App,3,36300.0,0.0
T008763,C01159,2025-05-22,Moda,App,3,136200.0,0.0
T009958,C01338,2024-04-01,Hogar,App,1,112800.0,0.0
T009711,C01303,2024-12-11,Mercado,App,1,61600.0,0.0
T009903,C01329,2025-03-30,Moda,App,2,205800.0,0.0
T008986,C01191,2024-05-08,Belleza,Web,1,62200.0,0.0
T000570,C00073,2023-12-28,Mercado,App,3,55500.0,0.0
T001660,C00207,2024-07-11,Mercado,App,1,47300.0,0.0
T001724,C00215,2025-03-01,Belleza,App,1,79200.0,0.2
T007135,C00942,2024-08-29,Mercado,Web,1,39700.0,0.3
T010009,C01346,2025-06-13,Mercado,App,3,63300.0,0.0
T006553,C00863,2023-04-10,Moda,Web,3,176500.0,0.1
T007973,C01055,2024-07-04,Moda,App,2,99900.0,0.1
T010976,C01477,2023-08-02,Belleza,App,2,89700.0,0.1
T009599,C01283,2024-11-16,Mercado,Tienda,2,40400.0,0.3
T002614,C00325,2024-01-19,Mercado,Web,1,6800.0,0.0
T001572,C00196,2024-07-24,Mercado,Web,1,40600.0,0.0
T001973,C00248,2024-03-16,Mercado,Tienda,2,57400.0,0.0
T005618,C00727,2024-03-07,Moda,App,1,309000.0,0.3
T003730,C00472,2024-12-12,Hogar,Web,1,111700.0,0.3
T009252,C01234,2025-06-26,Belleza,Tienda,3,38000.0,0.0
T004869,C00630,2024-04-14,Belleza,Tienda,1,51400.0,0.0
T010311,C01383,2024-06-11,Hogar,App,3,60000.0,0.0
T001102,C00140,2023-10-06,Mercado,App,2,61600.0,0.3
T006234,C00813,2024-09-23,Moda,Tienda,3,172400.0,0.0
T004276,C00550,2024-03-29,Mercado,App,3,39200.0,0.0
T008653,C01145,2024-01-20,Mercado,App,3,72900.0,0.0
T006435,C00844,2024-08-01,Moda,Tienda,3,108800.0,0.0
T007063,C00936,2024-09-13,Mercado,Tienda,1,27800.0,0.0
T002267,C00283,2025-01-30,Belleza,Tienda,1,72800.0,0.0
T007880,C01037,2024-12-28,Moda,App,2,174400.0,0.3
T007791,C01025,2024-08-04,Moda,Tienda,2,160600.0,0.0
T002351,C00293,2025-02-08,Hogar,Tienda,2,185700.0,0.0
T010952,C01474,2023-10-12,Moda,Web,3,214500.0,0.0
T008679,C01151,2024-01-27,Mercado,Tienda,1,78500.0,0.3
T008119,C01076,2023-08-28,Belleza,Tienda,2,22300.0,0.0
T003698,C00469,2024-12-17,Hogar,App,2,64900.0,0.1
T005715,C00739,2024-10-20,Moda,App,2,182700.0,0.1
T003046,C00382,2023-01-26,Belleza,Tienda,3,75200.0,0.0
T010940,C01473,2025-01-18,Belleza,Tienda,1,79900.0,0.0
T002653,C00332,2025-03-16,Belleza,Tienda,2,92400.0,0.1
T007393,C00976,2024-11-17,Belleza,Tienda,2,104100.0,0.0
T010275,C01380,2024-06-01,Mercado,Tienda,2,63100.0,0.0
T007981,C01056,2025-05-02,Mercado,App,3,68600.0,0.0
T001278,C00163,2024-01-15,Mercado,Tienda,2,40500.0,0.0
T003888,C00490,2025-05-29,Hogar,App,3,96800.0,0.0
T008012,C01060,2024-04-26,Hogar,Web,1,141200.0,0.0
T010744,C01443,2024-05-15,Belleza,Tienda,3,92400.0,0.2
T010449,C01404,2023-08-02,Moda,Web,1,149900.0,0.0
T000720,C00092,2023-08-23,Hogar,Tienda,2,144500.0,0.1
T001965,C00247,2023-12-02,Moda,App,3,203700.0,0.1
T003688,C00468,2024-02-22,Mercado,Tienda,3,36500.0,0.0
T009283,C01240,2024-04-09,Hogar,Tienda,2,142400.0,0.0
T007423,C00980,2025-01-11,Belleza,Web,2,100900.0,0.0
T006581,C00867,2024-05-02,Moda,App,1,124600.0,0.0
T003339,C00424,2024-04-05,Mercado,Tienda,3,66500.0,0.0
T009183,C01220,2024-06-01,Hogar,Web,3,101800.0,0.0
T009772,C01314,2024-12-14,Mercado,Tienda,3,57100.0,0.1
T006820,C00902,2024-03-25,Mercado,Tienda,2,50200.0,0.0
T007042,C00932,2024-11-23,Belleza,Web,1,88900.0,0.2
T008796,C01163,2024-08-15,Mercado,App,1,31900.0,0.0
T000495,C00062,2023-09-29,Hogar,App,3,98700.0,0.3
T001313,C00165,2024-09-11,Belleza,Tienda,1,50200.0,0.0
T002262,C00283,2024-06-19,Belleza,Tienda,1,57400.0,0.0
T004142,C00529,2024-07-21,Mercado,Tienda,2,5000.0,0.0
T000438,C00054,2024-10-08,Mercado,Tienda,2,22300.0,0.0
T010760,C01446,2025-03-21,Hogar,App,1,111700.0,0.0
T010837,C01457,2024-09-07,Hogar,Tienda,3,168800.0,0.2
T010380,C01392,2023-11-16,Hogar,Tienda,2,55600.0,0.0
T008559,C01133,2024-04-18,Moda,Tienda,2,178900.0,0.0
T011091,C01494,2024-10-09,Mercado,Tienda,3,26500.0,0.1
T004499,C00581,2024-10-27,Moda,Web,2,176900.0,0.0
T005869,C00760,2025-03-17,Belleza,App,2,80200.0,0.0
T008744,C01159,2024-07-15,Belleza,Tienda,1,79100.0,0.1
T003367,C00426,2025-02-28,Hogar,App,3,89200.0,0.2
T002578,C00322,2024-12-22,Hogar,Tienda,3,130500.0,0.0
T001983,C00249,2025-03-28,Mercado,Tienda,2,47900.0,0.0
T001895,C00237,2023-12-03,Mercado,Tienda,1,15300.0,0.0
T000328,C00041,2024-07-10,Mercado,App,1,28000.0,0.0
T000154,C00018,2024-05-21,Hogar,Web,3,110600.0,0.2
T000316,C00039,2024-08-21,Tecnología,App,1,586200.0,0.2
T000386,C00047,2025-06-20,Hogar,App,2,91900.0,0.0
T008569,C01133,2024-12-01,Mercado,App,3,50200.0,0.0
T002550,C00317,2024-09-10,Tecnología,Tienda,2,743600.0,0.0
T007370,C00973,2025-05-08,Mercado,Tienda,2,43700.0,0.0
T003320,C00421,2024-08-16,Belleza,Tienda,1,93700.0,0.0
T009764,C01312,2025-02-02,Mercado,Tienda,3,57400.0,0.0
T011004,C01480,2024-03-30,Tecnología,App,1,382800.0,0.2
T001295,C00164,2025-01-14,Hogar,Tienda,3,134200.0,0.0
T001268,C00161,2024-01-23,Hogar,Web,1,106900.0,0.0
T006513,C00855,2024-03-03,Tecnología,App,3,549100.0,0.1
T005337,C00690,2024-05-15,Belleza,App,3,69200.0,0.3
T008976,C01189,2024-05-28,Mercado,Web,3,25400.0,0.0
T010939,C01473,2025-01-10,Mercado,Tienda,3,46300.0,0.0
T007681,C01014,2024-04-26,Mercado,App,1,36900.0,0.0
T003150,C00399,2024-03-07,Belleza,Tienda,3,40600.0,0.0
T008683,C01151,2025-04-27,Hogar,Tienda,2,134900.0,0.0
T004663,C00599,2025-03-28,Mercado,Tienda,3,45900.0,0.0
T001237,C00158,2024-08-11,Mercado,Tienda,2,44300.0,0.2
T003071,C00386,2024-03-25,Hogar,App,3,166200.0,0.0
T010717,C01441,2025-05-08,Belleza,Tienda,1,44400.0,0.0
T005405,C00702,2023-12-03,Mercado,Web,3,45400.0,0.1
T003752,C00474,2024-02-09,Mercado,Tienda,1,29000.0,0.0
T006578,C00867,2024-04-09,Hogar,App,3,118300.0,0.0
T010588,C01421,2025-02-23,Mercado,App,1,69600.0,0.3
T003374,C00427,2025-05-31,Mercado,Web,1,35100.0,0.0
T008250,C01095,2025-06-07,Hogar,Tienda,2,118900.0,0.0
T001922,C00240,2024-06-18,Moda,App,2,118100.0,0.3
T001417,C00176,2024-10-02,Moda,Tienda,1,184800.0,0.2
T007214,C00954,2024-05-24,Belleza,Tienda,2,81800.0,0.0
T000778,C00101,2024-06-23,Hogar,Tienda,1,109300.0,0.0
T003193,C00405,2024-06-16,Mercado,App,2,40900.0,0.0
T010704,C01440,2024-07-19,Belleza,Tienda,3,64200.0,0.0
T000655,C00082,2024-08-21,Moda,Tienda,3,139900.0,0.0
T003608,C00454,2023-12-13,Mercado,Tienda,3,29400.0,0.0
T003016,C00377,2024-11-06,Mercado,Tienda,2,43500.0,0.1
T002138,C00267,2024-07-20,Moda,Tienda,3,121300.0,0.0
T008392,C01112,2025-01-05,Hogar,App,1,120600.0,0.0
T004529,C00585,2024-09-07,Tecnología,Tienda,1,416300.0,0.0
T006474,C00850,2025-01-11,Hogar,Tienda,3,149100.0,0.3
T004768,C00611,2025-04-27,Moda,Web,3,194700.0,0.2
T000072,C00006,2023-09-18,Belleza,Tienda,1,61200.0,0.0
T000689,C00084,2023-09-05,Mercado,App,2,54500.0,0.0
T003640,C00461,2025-05-08,Tecnología,Tienda,1,626200.0,0.0
T010748,C01443,2025-04-19,Hogar,Tienda,3,212800.0,0.0
T008843,C01168,2025-04-16,Mercado,Tienda,2,42200.0,0.0
T001184,C00149,2023-06-30,Hogar,App,2,105300.0,0.0
T002363,C00297,2024-12-22,Mercado,Tienda,1,20400.0,0.0
T003725,C00471,2025-03-15,Belleza,App,3,83600.0,0.0
T007415,C00978,2023-09-30,Mercado,App,3,58500.0,0.0
T003627,C00459,2025-01-17,Mercado,Tienda,3,53300.0,0.0
T008958,C01186,2024-08-24,Belleza,Tienda,1,49200.0,0.0
T006764,C00896,2024-08-13,Tecnología,App,3,611500.0,0.0
T005747,C00745,2025-03-17,Belleza,Tienda,1,79700.0,0.0
T005383,C00697,2023-10-25,Mercado,Web,1,55800.0,0.0
T009692,C01299,2024-06-28,Mercado,Web,3,25900.0,0.1
T003735,C00472,2025-02-13,Mercado,Web,2,42500.0,0.0
T003008,C00376,2023-10-17,Belleza,Web,3,76000.0,0.2
T008651,C01145,2024-01-27,Mercado,Tienda,-1,81300.0,0.0
T008395,C01113,2023-05-14,Mercado,App,2,41200.0,0.3
T009798,C01318,2025-06-25,Mercado,Tienda,1,44800.0,0.1
T002577,C00322,2025-02-08,Belleza,Tienda,1,135300.0,0.0
T005054,C00652,2025-04-29,Moda,App,3,179400.0,0.0
T002450,C00306,2023-11-20,Belleza,Web,2,67800.0,0.1
T008641,C01143,2024-11-07,Mercado,Tienda,3,47000.0,0.2
T002211,C00277,2025-04-16,Belleza,Web,1,86000.0,0.0
T000565,C00072,2025-03-06,Tecnología,Tienda,2,740200.0,0.0
T000318,C00039,2025-06-05,Hogar,Web,3,105700.0,0.3
T008737,C01158,2024-06-08,Moda,Tienda,2,268600.0,0.0
T008432,C01118,2024-09-03,Mercado,App,1,50600.0,0.0
T009524,C01271,2024-03-11,Mercado,Tienda,2,67600.0,0.0
T011007,C01480,2024-03-25,Mercado,Tienda,1,39200.0,0.0
T006617,C00873,2025-01-21,Mercado,Tienda,3,55200.0,0.1
T001339,C00169,2023-09-18,Mercado,Tienda,3,45300.0,0.0
T002899,C00363,2025-04-01,Mercado,App,3,43100.0,0.0
T006845,C00905,2024-02-05,Mercado,Tienda,2,54400.0,0.0
T007186,C00951,2024-10-02,Moda,Tienda,1,101400.0,0.0
T010598,C01423,2024-04-21,Hogar,App,1,149000.0,0.0
T005048,C00651,2023-09-01,Moda,Tienda,3,128200.0,0.0
T001999,C00250,2025-03-08,Mercado,Tienda,1,32400.0,0.0
T005292,C00684,2024-09-15,Mercado,Web,3,47100.0,0.0
T001150,C00145,2024-04-10,Hogar,Web,3,100700.0,0.0
T006855,C00907,2024-03-16,Mercado,Tienda,1,32800.0,0.0
T000766,C00098,2023-12-24,Moda,Tienda,2,109600.0,0.3
T001839,C00234,2024-07-05,Mercado,App,3,34900.0,0.0
T002521,C00316,2024-05-13,Belleza,App,1,79600.0,0.0
T005228,C00675,2024-05-29,Moda,App,3,138300.0,0.0
T002101,C00263,2025-04-01,Hogar,Tienda,2,112100.0,0.0
T002125,C00265,2025-05-23,Tecnología,Web,2,829500.0,0.0
T007326,C00967,2023-10-16,Mercado,App,2,46000.0,0.0
T005742,C00744,2024-09-01,Mercado,App,3,42500.0,0.0
T007067,C00937,2025-01-04,Mercado,Tienda,3,61700.0,0.0
T005318,C00688,2024-04-17,Moda,Tienda,3,165700.0,0.0
T010714,C01441,2023-07-30,Moda,Tienda,2,180200.0,0.3
T005866,C00759,2023-10-23,Tecnología,App,3,837400.0,0.0
T007762,C01020,2024-09-04,Mercado,Tienda,3,53300.0,0.0
T005291,C00684,2024-06-29,Hogar,App,3,132400.0,0.0
T004141,C00529,2023-09-18,Tecnología,Tienda,3,688000.0,0.2
T005919,C00765,2023-09-23,Hogar,App,2,73400.0,0.2
T000884,C00114,2024-06-07,Belleza,Tienda,3,85500.0,0.0
T009272,C01238,2025-02-25,Moda,Tienda,3,90200.0,0.0
T002925,C00366,2024-07-30,Hogar,Web,3,78200.0,0.0
T006953,C00919,2024-06-11,Mercado,Tienda,3,26700.0,0.0
T008152,C01081,2024-04-07,Mercado,Tienda,1,57500.0,0.0
T006286,C00820,2024-06-23,Mercado,App,2,47600.0,0.0
T008150,C01081,2024-02-23,Mercado,Web,2,28800.0,0.0
T007590,C01001,2024-02-05,Mercado,Tienda,3,35300.0,0.2
T001293,C00164,2025-01-06,Hogar,Web,1,138100.0,0.2
T002145,C00267,2025-06-28,Hogar,App,3,129000.0,0.0
T004046,C00518,2025-03-28,Mercado,Web,1,52700.0,0.0
T004752,C00609,2025-03-16,Belleza,Tienda,2,98300.0,0.0
T002212,C00277,2024-03-04,Mercado,Tienda,2,56200.0,0.1
T002310,C00286,2023-06-28,Mercado,Web,1,51600.0,0.0
T006460,C00849,2023-12-24,Mercado,Tienda,3,47300.0,0.1
T000084,C00009,2024-02-05,Belleza,Tienda,3,105200.0,0.0
T004233,C00541,2024-07-07,Mercado,Tienda,1,43700.0,0.0
T000029,C00002,2025-05-21,Mercado,Tienda,2,40400.0,0.0
T010644,C01433,2023-12-26,Hogar,App,2,154200.0,0.2
T006533,C00859,2025-02-12,Mercado,App,2,17800.0,0.0
T000270,C00031,2025-03-07,Belleza,App,1,74500.0,0.0
T009007,C01193,2024-03-27,Hogar,Web,3,114200.0,0.0
T004953,C00640,2024-03-03,Moda,App,2,156400.0,0.1
T003133,C00396,2024-06-27,Moda,Tienda,3,192800.0,0.0
T002559,C00318,2024-11-07,Belleza,App,1,59700.0,0.0
T004984,C00643,2023-04-02,Mercado,App,2,57800.0,0.0
T007588,C01001,2023-12-28,Mercado,Tienda,1,35600.0,0.2
T005926,C00767,2024-03-05,Mercado,App,2,53500.0,0.2
T008715,C01156,2024-03-28,Mercado,Tienda,3,37700.0,0.0
T008279,C01099,2024-04-27,Mercado,App,3,49700.0,0.0
T006215,C00811,2023-09-27,Mercado,Web,1,37200.0,0.0
T004365,C00560,2025-05-11,Hogar,App,3,155500.0,0.2
T010987,C01479,2023-09-25,Tecnología,App,3,607200.0,0.1
T009012,C01194,2024-06-24,Mercado,Web,1,30700.0,0.0
T003004,C00375,2023-07-17,Moda,Web,1,103700.0,0.1
T004118,C00528,2024-10-26,Mercado,Web,3,31600.0,0.0
T009681,C01297,2024-03-18,Moda,Tienda,1,196700.0,0.0
T010203,C01370,2025-02-24,Mercado,Tienda,1,54000.0,0.0
T003282,C00415,2025-01-22,Hogar,App,2,87500.0,0.0
T005052,C00651,2023-12-13,Moda,Tienda,1,164800.0,0.1
T001060,C00136,2025-03-12,Mercado,App,2,43900.0,0.0
T002047,C00257,2025-01-26,Moda,Tienda,1,201500.0,0.0
T005908,C00763,2025-01-13,Mercado,Tienda,2,38000.0,0.2
T007083,C00938,2025-06-28,Belleza,App,1,41500.0,0.0
T003487,C00436,2024-11-14,Moda,Tienda,2,128300.0,0.0
T007870,C01035,2023-02-06,Moda,App,2,99300.0,0.0
T010908,C01468,2024-08-27,Tecnología,App,1,795100.0,0.3
T007359,C00971,2025-02-13,Hogar,Tienda,3,119500.0,0.0
T000955,C00122,2025-02-18,Moda,Tienda,2,245100.0,0.0
T004196,C00536,2023-12-09,Hogar,App,1,132700.0,0.0
T006091,C00791,2023-09-23,Belleza,Web,1,66100.0,0.3
T009928,C01333,2025-02-16,Tecnología,Tienda,3,259900.0,0.0
T002284,C00285,2024-01-26,Tecnología,Tienda,1,499000.0,0.0
T001528,C00191,2024-03-16,Mercado,Tienda,3,38200.0,0.0
T010462,C01406,2025-01-02,Hogar,App,1,145600.0,0.0
T003918,C00496,2025-01-05,Belleza,Web,3,52400.0,0.1
T007859,C01033,2025-02-15,Moda,App,2,189800.0,0.0
T001664,C00207,2024-09-21,Hogar,App,2,98800.0,0.0
T004839,C00625,2025-03-21,Hogar,Tienda,2,85200.0,0.2
T006377,C00836,2025-06-24,Mercado,App,2,57700.0,0.0
T008456,C01120,2024-02-02,Mercado,Tienda,3,68400.0,0.0
T007871,C01035,2025-01-16,Belleza,Web,1,57600.0,0.0
T003017,C00377,2025-05-10,Mercado,Tienda,2,45400.0,0.0
T006434,C00844,2024-06-21,Moda,Tienda,1,108400.0,0.0
T003965,C00501,2024-04-08,Hogar,Web,2,100200.0,0.0
T007309,C00967,2025-01-03,Belleza,App,1,76800.0,0.1
T000789,C00101,2024-08-11,Mercado,Tienda,3,49100.0,0.0
T008323,C01103,2023-07-25,Belleza,App,2,88100.0,0.3
T009331,C01248,2024-06-01,Hogar,Web,3,189200.0,0.0
T005448,C00707,2024-10-25,Moda,Tienda,-1,126300.0,0.0
T006327,C00827,2024-04-29,Tecnología,Tienda,2,720200.0,0.0
T010213,C01372,2025-05-01,Mercado,Tienda,3,67700.0,0.0
T009059,C01201,2025-05-07,Moda,App,3,182300.0,0.0
T007618,C01004,2023-12-29,Belleza,Tienda,1,54600.0,0.0
T010165,C01364,2024-12-19,Mercado,App,3,35800.0,0.0
T003231,C00410,2023-12-14,Mercado,Web,2,29400.0,0.0
T001233,C00158,2024-08-13,Moda,Tienda,3,111100.0,0.0
T003285,C00415,2024-05-05,Hogar,Tienda,3,183900.0,0.0
T005661,C00731,2024-11-16,Hogar,App,3,159900.0,0.0
T006992,C00923,2024-03-20,Hogar,Tienda,1,119300.0,0.0
T004454,C00574,2025-06-15,Mercado,Tienda,1,50500.0,0.0
T005988,C00775,2024-09-19,Mercado,Tienda,1,57900.0,0.0
T002640,C00330,2024-01-03,Moda,App,1,106400.0,0.0
T008460,C01121,2024-05-10,Hogar,Tienda,3,94800.0,0.3
T006271,C00820,2024-09-03,Mercado,App,3,13800.0,0.2
T004466,C00576,2023-05-30,Belleza,Tienda,3,98100.0,0.1
T007828,C01030,2023-06-15,Mercado,Tienda,1,54800.0,0.0
T007620,C01004,2024-04-21,Hogar,App,2,38200.0,0.0
T008932,C01182,2024-08-08,Belleza,Web,1,73900.0,0.0
T006331,C00828,2023-12-18,Belleza,App,2,28400.0,0.0
T004210,C00538,2025-02-15,Mercado,Tienda,3,38400.0,0.0
T002858,C00358,2024-07-05,Tecnología,Tienda,2,487300.0,0.3
T010370,C01390,2024-11-08,Tecnología,Tienda,3,447100.0,0.0
T006561,C00866,2023-09-20,Mercado,App,2,42000.0,0.0
T000157,C00019,2024-09-19,Mercado,App,2,56500.0,0.3
T004429,C00570,2024-08-02,Mercado,App,2,44400.0,0.0
T000445,C00055,2025-04-18,Mercado,Tienda,1,48500.0,0.0
T003527,C00442,2023-09-14,Belleza,App,1,85400.0,0.0
T003577,C00450,2023-07-08,Moda,Web,2,166600.0,0.3
T001854,C00234,2025-05-02,Hogar,App,2,87800.0,0.0
T005867,C00759,2023-12-08,Mercado,App,2,72700.0,0.3
T004815,C00620,2024-08-23,Mercado,Tienda,2,37000.0,0.0
T002938,C00366,2024-04-25,Hogar,App,3,162800.0,0.3
T006804,C00900,2025-01-06,Mercado,Tienda,3,39900.0,0.1
T007533,C00994,2023-07-20,Hogar,Web,2,107700.0,0.0
T007724,C01016,2024-02-11,Mercado,App,2,53000.0,0.2
T003525,C00442,2023-06-18,Mercado,Tienda,3,57500.0,0.3
T000213,C00025,2024-10-24,Mercado,Tienda,1,59500.0,0.0
T001608,C00202,2024-04-19,Hogar,Web,3,65500.0,0.0
T008577,C01134,2024-02-15,Mercado,Tienda,3,56300.0,0.0
T006585,C00867,2025-03-14,Mercado,Tienda,1,42500.0,0.0
T009234,C01230,2024-08-02,Moda,App,2,139700.0,0.1
T009977,C01341,2024-03-14,Moda,Tienda,1,145800.0,0.0
T009430,C01258,2025-01-30,Hogar,Web,2,133100.0,0.0
T000042,C00004,2025-01-22,Hogar,App,2,50500.0,0.0
T000312,C00039,2024-07-19,Hogar,App,2,101700.0,0.0
T009637,C01289,2024-08-13,Moda,Web,3,149600.0,0.0
T010724,C01441,2023-10-12,Mercado,Web,3,19600.0,0.2
T009891,C01327,2024-06-29,Moda,App,3,222500.0,0.0
T006059,C00787,2024-03-09,Mercado,App,3,55500.0,0.0
T010731,C01442,2024-10-17,Moda,Tienda,3,136100.0,0.0
T008721,C01157,2025-02-17,Hogar,App,1,158900.0,0.0
T009119,C01211,2024-06-20,Mercado,Tienda,3,56300.0,0.0
T006653,C00877,2024-08-02,Hogar,Tienda,2,70800.0,0.3
T003291,C00416,2023-09-04,Moda,Tienda,3,221900.0,0.0
T006258,C00818,2025-05-30,Moda,Tienda,2,131900.0,0.0
T005551,C00721,2024-09-03,Moda,Tienda,3,167000.0,0.3
T005611,C00726,2025-06-24,Belleza,Tienda,1,56400.0,0.0
T007669,C01011,2024-08-13,Mercado,Tienda,3,58600.0,0.3
T003187,C00404,2024-07-22,Mercado,Tienda,3,36200.0,0.0
T009284,C01241,2023-03-07,Tecnología,App,2,510300.0,0.0
T004183,C00534,2025-05-20,Belleza,App,1,79800.0,0.0
T002757,C00341,2024-06-20,Moda,Tienda,3,86700.0,0.0
T006421,C00842,2024-02-19,Moda,App,3,118300.0,0.0
T010876,C01463,2024-05-22,Tecnología,Tienda,3,578600.0,0.0
T007836,C01032,2025-05-27,Tecnología,App,1,649800.0,0.0
T001018,C00133,2024-12-16,Tecnología,Web,2,342400.0,0.2
T001876,C00236,2025-04-12,Mercado,Web,2,51600.0,0.0
T006996,C00924,2024-03-19,Hogar,Web,1,122200.0,0.0
T008086,C01071,2024-11-20,Belleza,Tienda,2,64000.0,0.2
T005441,C00707,2024-10-13,Moda,Tienda,3,118200.0,0.0
T006171,C00803,2025-01-21,Moda,Tienda,1,84900.0,0.0
T000594,C00075,2023-06-25,Belleza,App,2,81100.0,0.0
T006021,C00781,2024-12-12,Hogar,Web,1,97800.0,0.0
T002373,C00301,2024-07-07,Moda,Tienda,3,222900.0,0.0
T001948,C00244,2025-06-10,Belleza,Tienda,2,77100.0,0.0
T010852,C01459,2024-11-29,Belleza,App,3,73500.0,0.0
T000061,C00006,2024-06-30,Tecnología,App,2,357900.0,0.0
T010287,C01381,2024-10-21,Belleza,Tienda,1,78200.0,0.0
T009315,C01245,2024-11-14,Mercado,App,1,24300.0,0.2
T000821,C00106,2024-09-30,Mercado,Web,3,18900.0,0.2
T004251,C00544,2024-11-26,Mercado,Tienda,2,66300.0,0.0
T003861,C00486,2023-12-02,Mercado,App,2,44000.0,0.0
T005388,C00699,2024-04-23,Mercado,Tienda,2,42600.0,0.0
T001468,C00185,2023-04-17,Mercado,App,2,45400.0,0.0
T009092,C01208,2024-01-09,Hogar,Tienda,2,115600.0,0.0
T005238,C00676,2025-06-08,Belleza,App,1,61600.0,0.0
T002564,C00319,2023-08-19,Moda,App,3,187600.0,0.0
T007811,C01028,2025-05-27,Hogar,Tienda,2,143600.0,0.0
T007622,C01004,2024-04-14,Tecnología,Web,1,771900.0,0.1
T005647,C00728,2025-02-03,Hogar,Web,3,116900.0,0.0
T007418,C00979,2024-07-14,Moda,App,3,139200.0,0.0
T002388,C00302,2025-06-07,Mercado,Web,2,57900.0,0.0
T008895,C01177,2024-03-18,Mercado,Tienda,1,39300.0,0.0
T010130,C01361,2024-07-08,Moda,Tienda,3,140900.0,0.0
T007505,C00990,2024-10-31,Belleza,Tienda,2,58400.0,0.0
T000220,C00025,2025-03-25,Mercado,Tienda,2,50400.0,0.0
T008336,C01105,2024-11-06,Hogar,Tienda,3,127300.0,0.0
T001544,C00193,2024-05-14,Hogar,Web,1,85300.0,0.0
T007189,C00951,2025-05-30,Mercado,Tienda,2,31600.0,0.0
T001090,C00139,2024-11-30,Belleza,Tienda,1,116000.0,0.0
T001757,C00220,2024-01-10,Hogar,Tienda,3,144500.0,0.2
T000532,C00066,2024-03-20,Mercado,Tienda,2,26100.0,0.0
T008321,C01102,2024-07-28,Belleza,Web,2,98500.0,0.0
T007089,C00938,2025-02-28,Mercado,Tienda,3,47000.0,0.0
T004941,C00638,2025-05-06,Mercado,Web,2,43100.0,0.0
T008989,C01192,2025-03-06,Mercado,Tienda,3,64100.0,0.0
T000873,C00113,2024-09-08,Mercado,Tienda,3,43100.0,0.0
T000202,C00023,2024-11-17,Moda,Web,2,134200.0,0.0
T010064,C01353,2025-05-15,Moda,Tienda,2,89800.0,0.0
T006049,C00785,2025-01-19,Tecnología,Tienda,3,875800.0,0.0
T006821,C00902,2024-05-05,Mercado,Tienda,2,44800.0,0.0
T010513,C01412,2024-04-11,Belleza,App,3,39600.0,0.0
T010881,C01464,2024-05-02,Hogar,Web,3,140000.0,0.0
T003956,C00500,2023-09-10,Mercado,Tienda,3,37600.0,0.0
T004367,C00560,2025-06-24,Hogar,Tienda,1,102500.0,0.0
T005999,C00776,2024-10-06,Moda,App,1,159300.0,0.0
T005275,C00681,2024-09-13,Hogar,App,2,137000.0,0.1
T010154,C01363,2023-11-25,Moda,App,1,137100.0,0.0
T004155,C00531,2025-05-26,Hogar,Tienda,1,124100.0,0.1
T001230,C00158,2024-10-08,Mercado,Web,3,53500.0,0.0
T011059,C01490,2024-07-31,Belleza,Tienda,2,54600.0,0.0
T005267,C00679,2024-05-02,Belleza,Tienda,1,83800.0,0.0
T010339,C01384,2024-04-02,Mercado,Tienda,2,27600.0,0.0
T000447,C00056,2025-06-16,Tecnología,Tienda,3,367000.0,0.3
T000336,C00042,2023-01-26,Mercado,Tienda,2,28400.0,0.2
T006294,C00822,2024-01-28,Mercado,Tienda,2,73100.0,0.0
T004935,C00638,2024-08-11,Belleza,Tienda,1,70500.0,0.2
T009841,C01321,2024-12-29,Tecnología,Tienda,1,613100.0,0.0
T008264,C01097,2023-09-21,Moda,App,1,121300.0,0.0
T010931,C01472,2025-03-04,Moda,Tienda,2,216100.0,0.0
T003922,C00497,2024-04-07,Belleza,Tienda,1,60200.0,0.0
T007287,C00964,2023-11-14,Tecnología,App,2,541200.0,0.0
T006032,C00783,2024-10-20,Mercado,App,2,35100.0,0.0
T007360,C00971,2025-03-30,Tecnología,Tienda,1,716500.0,0.0
T002431,C00305,2025-02-27,Mercado,Tienda,1,57800.0,0.0
T002325,C00289,2025-01-02,Mercado,Tienda,2,42200.0,0.0
T004023,C00514,2024-10-21,Mercado,App,1,39500.0,0.0
T004444,C00572,2024-05-29,Belleza,App,1,89700.0,0.0
T010491,C01409,2025-04-10,Mercado,App,2,27400.0,0.0
T009613,C01286,2024-05-09,Mercado,Web,2,70500.0,0.1
T009351,C01250,2024-06-09,Belleza,Tienda,2,36700.0,0.0
T001533,C00191,2024-09-25,Moda,App,2,194200.0,0.0
T008303,C01100,2023-08-06,Mercado,App,1,50400.0,0.0
T000059,C00006,2024-01-30,Hogar,App,2,116300.0,0.0
T003491,C00436,2024-03-04,Tecnología,App,3,687900.0,0.0
T002667,C00333,2023-09-29,Belleza,Tienda,1,53700.0,0.3
T000556,C00070,2024-02-24,Tecnología,Tienda,2,432400.0,0.0
T005500,C00714,2024-03-24,Moda,Web,2,191000.0,0.0
T008487,C01125,2025-04-29,Belleza,Tienda,1,101200.0,0.0
T005243,C00677,2024-10-24,Mercado,App,3,30300.0,0.0
T005486,C00712,2024-01-13,Tecnología,App,2,766400.0,0.0
T008758,C01159,2025-06-01,Mercado,App,-1,47200.0,0.0
T007965,C01054,2023-08-31,Mercado,App,1,40100.0,0.0
T001904,C00237,2024-06-02,Hogar,Tienda,3,117100.0,0.0
T009951,C01336,2025-05-15,Belleza,Web,1,38000.0,0.0
T000119,C00014,2024-12-11,Hogar,App,3,124100.0,0.0
T009783,C01317,2024-07-15,Hogar,App,3,171700.0,0.0
T000113,C00014,2024-04-08,Mercado,Web,3,22300.0,0.0
T009954,C01337,2024-07-30,Hogar,Tienda,3,107000.0,0.1
T003300,C00418,2023-04-22,Tecnología,Web,2,743300.0,0.3
T007839,C01032,2024-10-02,Moda,Web,3,89800.0,0.0
T006176,C00804,2024-07-18,Mercado,Tienda,3,59200.0,0.3
T010972,C01477,2025-02-23,Tecnología,App,3,446300.0,0.3
T008049,C01065,2023-10-20,Mercado,Web,2,35000.0,0.3
T003105,C00391,2025-02-04,Moda,Tienda,3,153100.0,0.0
T007095,C00939,2024-11-23,Tecnología,Tienda,1,811700.0,0.0
T000459,C00057,2024-02-01,Mercado,Tienda,1,45800.0,0.0
T000242,C00028,2024-01-25,Mercado,Tienda,1,62600.0,0.0
T008373,C01112,2024-12-12,Hogar,App,2,133500.0,0.0
T000712,C00090,2023-11-25,Moda,Web,2,173800.0,0.3
T007209,C00953,2024-02-19,Mercado,App,2,52500.0,0.0
T004873,C00630,2023-09-12,Tecnología,App,3,561100.0,0.0
T007696,C01014,2025-01-23,Mercado,Tienda,3,45600.0,0.1
T010487,C01409,2023-08-12,Hogar,App,3,150200.0,0.0
T010411,C01397,2024-10-12,Belleza,App,3,46000.0,0.0
T004450,C00572,2024-12-07,Mercado,Tienda,1,44900.0,0.0
T009152,C01217,2024-09-12,Mercado,App,3,47800.0,0.0
T005743,C00744,2025-05-12,Mercado,App,2,45200.0,0.0
T001647,C00207,2024-05-19,Belleza,Tienda,2,78600.0,0.0
T002065,C00259,2024-01-22,Mercado,Tienda,1,43800.0,0.0
T002152,C00268,2024-09-13,Tecnología,Web,2,1160500.0,0.0
T005952,C00769,2025-04-12,Hogar,Tienda,2,93000.0,0.0
T001834,C00233,2023-11-27,Hogar,Tienda,3,113800.0,0.0
T007406,C00976,2024-08-27,Mercado,Tienda,2,43300.0,0.0
T001767,C00222,2025-06-19,Mercado,Tienda,1,27100.0,0.0
T004353,C00558,2023-05-12,Moda,App,3,171700.0,0.0
T009370,C01253,2024-09-09,Mercado,Tienda,3,48000.0,0.0
T009029,C01197,2025-03-21,Mercado,App,3,38700.0,0.0
T004288,C00551,2024-09-22,Moda,Tienda,3,157000.0,0.0
T005847,C00757,2025-03-23,Hogar,App,2,126100.0,0.0
T007462,C00986,2025-06-27,Belleza,Tienda,1,51000.0,0.0
T000748,C00096,2024-10-07,Mercado,Tienda,1,39900.0,0.0
T010649,C01433,2023-12-15,Mercado,Tienda,1,47100.0,0.1
T001736,C00217,2024-08-15,Mercado,Web,1,43000.0,0.0
T001969,C00247,2023-07-03,Mercado,Tienda,3,33800.0,0.0
T006622,C00874,2025-02-10,Belleza,App,3,40400.0,0.0
T005225,C00675,2024-06-27,Belleza,Tienda,3,93400.0,0.0
T010868,C01461,2024-11-23,Mercado,Tienda,1,39700.0,0.0
T010628,C01429,2024-07-25,Hogar,Tienda,2,113600.0,0.0
T005053,C00652,2025-06-06,Belleza,App,2,62500.0,0.0
T009313,C01245,2024-11-19,Moda,App,3,179100.0,0.1
T005186,C00671,2025-01-15,Mercado,Tienda,1,45700.0,0.0
T007630,C01005,2025-02-16,Mercado,Tienda,1,27600.0,0.0
T003678,C00465,2024-09-04,Belleza,Tienda,1,112300.0,0.0
T003343,C00424,2024-03-28,Belleza,Tienda,2,48700.0,0.0
T006104,C00793,2024-11-23,Belleza,Tienda,2,49400.0,0.0
T005484,C00712,2025-03-04,Tecnología,Web,1,1074400.0,0.1
T002107,C00264,2024-12-12,Hogar,App,2,106100.0,0.0
T008725,C01158,2025-05-15,Hogar,Tienda,1,121300.0,0.0
T008678,C01151,2024-01-10,Moda,App,3,124500.0,0.0
T007946,C01050,2024-06-15,Mercado,Tienda,1,21000.0,0.0
T002647,C00331,2025-03-15,Hogar,Tienda,1,109900.0,0.0
T003309,C00419,2024-01-11,Belleza,Tienda,2,71800.0,0.0
T000921,C00117,2024-02-24,Mercado,Tienda,3,39000.0,0.0
T002468,C00308,2025-04-28,Belleza,App,1,73300.0,0.0
T005257,C00678,2023-07-04,Mercado,Tienda,2,42300.0,0.0
T006586,C00867,2024-08-14,Tecnología,Tienda,1,660200.0,0.0
T009972,C01339,2024-01-19,Mercado,App,3,38500.0,0.0
T005449,C00707,2024-10-29,Hogar,Tienda,1,124400.0,0.1
T009982,C01341,2024-10-01,Mercado,Tienda,1,56800.0,0.0
T002636,C00329,2024-05-07,Moda,App,1,142500.0,0.0
T005892,C00761,2024-06-05,Belleza,Web,2,134700.0,0.0
T005987,C00775,2024-05-20,Moda,Tienda,1,139300.0,0.2
T000888,C00114,2024-07-02,Hogar,Tienda,1,115000.0,0.2
T001548,C00194,2024-04-25,Mercado,App,2,43600.0,0.0
T007703,C01014,2025-06-24,Hogar,Tienda,2,144000.0,0.0
T004655,C00599,2025-04-21,Mercado,Web,1,26800.0,0.0
T005485,C00712,2024-10-01,Mercado,Tienda,1,50500.0,0.2
T004252,C00544,2025-02-25,Moda,App,3,111400.0,0.2
T007059,C00935,2024-12-02,Hogar,App,1,111000.0,0.0
T010779,C01447,2025-01-04,Hogar,Tienda,3,164100.0,0.0
T001168,C00147,2024-05-28,Mercado,App,1,52800.0,0.0
T010274,C01380,2024-07-01,Hogar,Tienda,1,123900.0,0.2
T006629,C00874,2024-08-27,Mercado,Tienda,3,36700.0,0.0
T011017,C01482,2024-11-21,Belleza,App,3,71500.0,0.0
T009902,C01329,2024-04-27,Mercado,App,2,46500.0,0.0
T010532,C01413,2024-12-23,Moda,Tienda,1,235900.0,0.0
T010594,C01423,2025-01-24,Mercado,Web,1,89400.0,0.0
T003973,C00503,2024-05-19,Moda,Tienda,3,114000.0,0.2
T006807,C00900,2025-01-26,Moda,App,1,165500.0,0.0
T002479,C00309,2025-03-11,Tecnología,Web,2,462500.0,0.0
T003897,C00492,2024-02-15,Tecnología,Tienda,3,762300.0,0.0
T003160,C00400,2024-12-21,Hogar,Web,3,45700.0,0.2
T006225,C00812,2024-02-16,Mercado,Tienda,1,51900.0,0.0
T005735,C00742,2025-04-22,Mercado,App,2,44600.0,0.0
T000249,C00029,2024-07-27,Hogar,Tienda,3,136700.0,0.1
T004296,C00552,2024-07-23,Belleza,Tienda,2,55900.0,0.1
T002510,C00314,2024-07-20,Mercado,Web,2,25000.0,0.0
T004692,C00601,2024-12-29,Hogar,Tienda,2,141100.0,0.0
T008335,C01104,2024-02-17,Belleza,Tienda,3,86300.0,0.0
T004359,C00559,2024-06-07,Hogar,Web,3,94200.0,0.0
T010129,C01361,2025-04-14,Mercado,Tienda,2,40200.0,0.0
T004364,C00560,2024-12-27,Mercado,Tienda,1,59400.0,0.0
T003315,C00420,2025-01-28,Hogar,Tienda,3,138900.0,0.1
T006928,C00917,2024-11-14,Mercado,App,3,52500.0,0.0
T009953,C01337,2024-08-11,Mercado,App,2,30300.0,0.0
T007991,C01057,2024-02-29,Hogar,App,2,142200.0,0.0
T006025,C00781,2024-09-01,Mercado,App,1,54700.0,0.3
T009441,C01259,2024-08-25,Mercado,Tienda,3,57700.0,0.0
T004305,C00552,2024-08-13,Belleza,Tienda,3,66000.0,0.0
T001540,C00193,2023-11-13,Mercado,Tienda,2,36400.0,0.2
T007129,C00942,2024-04-15,Mercado,Tienda,3,46300.0,0.0
T000204,C00023,2025-05-07,Hogar,Tienda,2,152700.0,0.0
T004287,C00551,2023-09-23,Hogar,Tienda,1,191300.0,0.2
T001804,C00228,2024-06-11,Belleza,App,2,62200.0,0.0
T003885,C00489,2024-08-23,Mercado,Tienda,1,51000.0,0.0
T001264,C00161,2024-07-09,Tecnología,App,3,698600.0,0.0
T004111,C00527,2024-10-16,Moda,Tienda,3,104500.0,0.0
T008730,C01158,2024-03-14,Hogar,App,1,104700.0,0.0
T003030,C00380,2024-11-08,Mercado,Tienda,1,37500.0,0.0
T005868,C00759,2023-11-25,Mercado,App,3,37200.0,0.0
T004777,C00612,2025-05-06,Belleza,App,3,51400.0,0.0
T008441,C01119,2025-05-11,Moda,Tienda,2,199000.0,0.0
T004496,C00581,2025-03-20,Mercado,Tienda,2,48500.0,0.0
T010016,C01347,2024-03-26,Mercado,Web,1,49200.0,0.0
T006786,C00897,2024-12-23,Belleza,Tienda,1,80000.0,0.0
T008690,C01152,2023-08-18,Mercado,Tienda,2,39900.0,0.0
T001971,C00247,2024-01-21,Hogar,Tienda,3,124100.0,0.0
T000995,C00130,2024-10-29,Mercado,Tienda,2,35000.0,0.0
T008497,C01126,2023-07-07,Moda,Web,3,209900.0,0.0
T002311,C00286,2024-04-27,Mercado,App,3,47200.0,0.0
T002366,C00299,2024-05-07,Belleza,Web,3,67400.0,0.0
T004686,C00600,2024-04-23,Moda,Web,2,134000.0,0.2
T009258,C01235,2023-08-23,Belleza,App,3,69200.0,0.0
T009732,C01309,2024-08-18,Mercado,Tienda,2,36500.0,0.0
T004494,C00581,2025-01-23,Mercado,App,1,61500.0,0.0
T010377,C01392,2023-09-23,Mercado,App,1,48100.0,0.0
T007783,C01024,2024-08-13,Belleza,App,2,72100.0,0.0
T001251,C00160,2025-04-10,Belleza,Tienda,3,100200.0,0.2
T007768,C01020,2024-10-07,Belleza,App,2,39200.0,0.1
T006902,C00914,2024-05-10,Mercado,Tienda,1,42000.0,0.0
T007709,C01015,2025-01-07,Hogar,Web,3,165300.0,0.0
T009096,C01208,2024-04-06,Moda,App,1,138300.0,0.0
T004855,C00628,2023-07-14,Moda,Web,2,207800.0,0.0
T001853,C00234,2024-05-29,Belleza,Tienda,2,42200.0,0.0
T002934,C00366,2025-04-21,Tecnología,Tienda,3,622200.0,0.0
T001650,C00207,2024-12-06,Mercado,Tienda,3,43500.0,0.0
T002908,C00363,2025-05-26,Moda,Tienda,2,153800.0,0.0
T007788,C01024,2024-06-22,Belleza,Tienda,2,82300.0,0.0
T006530,C00859,2024-09-23,Mercado,Tienda,3,47800.0,0.0
T010739,C01442,2024-06-22,Moda,Tienda,2,166600.0,0.0
T004578,C00590,2024-03-03,Mercado,Tienda,3,53400.0,0.0
T002474,C00309,2024-03-05,Mercado,Tienda,3,23200.0,0.0
T002402,C00303,2025-03-13,Mercado,Web,1,31300.0,0.0
T001909,C00239,2023-09-27,Moda,App,-1,91200.0,0.0
T001152,C00145,2024-04-03,Mercado,App,2,29000.0,0.0
T002434,C00305,2024-06-17,Belleza,Web,3,43500.0,0.0
T006238,C00814,2024-01-15,Mercado,Web,1,35700.0,0.0
T001581,C00198,2023-12-25,Moda,Tienda,3,144400.0,0.2
T004633,C00597,2025-05-13,Mercado,Web,2,42300.0,0.0
T010835,C01457,2024-06-22,Mercado,App,2,52500.0,0.0
T010679,C01437,2025-01-04,Hogar,Tienda,3,149700.0,0.0
T005166,C00670,2024-05-21,Moda,Tienda,1,119200.0,0.0
T009457,C01263,2024-12-04,Tecnología,Tienda,2,552700.0,0.2
T001729,C00216,2025-03-31,Mercado,Tienda,3,67700.0,0.0
T007617,C01003,2024-08-22,Tecnología,Tienda,1,450100.0,0.3
T002456,C00306,2024-05-02,Hogar,Tienda,1,118200.0,0.1
T007694,C01014,2025-06-12,Mercado,Tienda,3,22300.0,0.0
T002061,C00259,2024-07-12,Mercado,Web,3,45100.0,0.0
T006079,C00789,2024-08-22,Moda,App,2,194200.0,0.2
T007823,C01030,2023-06-03,Hogar,App,3,57900.0,0.0
T008669,C01149,2024-07-27,Tecnología,App,2,353200.0,0.3
T007081,C00938,2024-05-05,Mercado,Tienda,3,46300.0,0.0
T008072,C01069,2025-03-30,Hogar,Web,3,61200.0,0.0
T007311,C00967,2025-06-29,Mercado,Web,1,43700.0,0.0
T006984,C00922,2024-12-14,Hogar,Tienda,1,87100.0,0.0
T002948,C00368,2023-12-01,Mercado,Web,1,27300.0,0.0
T001262,C00161,2024-04-05,Mercado,App,3,35000.0,0.0
T008064,C01067,2024-07-19,Mercado,Tienda,2,75200.0,0.0
T001225,C00158,2024-09-13,Moda,Tienda,3,106100.0,0.0
T000739,C00095,2024-02-19,Moda,Tienda,1,100300.0,0.0
T001776,C00224,2023-07-21,Hogar,App,3,159400.0,0.2
T005638,C00728,2025-03-06,Belleza,Tienda,3,78700.0,0.0
T003113,C00392,2025-04-26,Hogar,Web,2,88400.0,0.0
T009926,C01333,2024-12-22,Mercado,Web,2,59200.0,0.2
T007383,C00974,2024-12-09,Mercado,Tienda,2,58800.0,0.3
T010962,C01475,2024-04-20,Mercado,Web,2,43300.0,0.0
T010134,C01361,2024-10-03,Moda,Web,1,87200.0,0.0
T010933,C01472,2025-01-31,Mercado,Tienda,2,29900.0,0.0
T008775,C01160,2023-11-16,Mercado,Tienda,1,23600.0,0.0
T010120,C01359,2024-02-12,Mercado,Tienda,2,53900.0,0.0
T009403,C01254,2024-08-31,Mercado,App,2,22400.0,0.0
T000138,C00016,2024-12-28,Belleza,Tienda,1,78700.0,0.0
T006235,C00813,2024-11-14,Mercado,App,1,21000.0,0.0
T000067,C00006,2024-03-21,Moda,Tienda,1,187000.0,0.0
T010212,C01371,2025-01-18,Moda,Tienda,2,137700.0,0.0
T010222,C01373,2024-11-26,Hogar,App,1,123600.0,0.3
T000692,C00084,2024-04-17,Mercado,Tienda,1,49700.0,0.0
T005861,C00759,2024-02-26,Hogar,Tienda,1,147100.0,0.0
T004563,C00588,2023-06-23,Mercado,App,2,41000.0,0.0
T008821,C01165,2023-10-05,Hogar,Tienda,3,129100.0,0.0
T003831,C00483,2024-11-28,Mercado,App,1,42900.0,0.1
T008043,C01065,2024-09-19,Mercado,App,3,38800.0,0.0
T010738,C01442,2024-07-19,Mercado,Tienda,1,45500.0,0.0
T003045,C00382,2023-03-28,Mercado,Tienda,3,36900.0,0.0
T001140,C00145,2024-03-25,Tecnología,App,2,689200.0,0.3
T001840,C00234,2024-08-19,Mercado,Web,3,32500.0,0.0
T001250,C00160,2025-04-20,Belleza,Web,1,72600.0,0.1
T006837,C00904,2023-10-05,Moda,Web,1,122800.0,0.1
T001443,C00182,2024-02-05,Tecnología,Tienda,2,572100.0,0.0
T009440,C01259,2023-11-18,Hogar,App,1,129200.0,0.2
T009915,C01332,2023-08-19,Mercado,Tienda,3,59700.0,0.0
T001745,C00219,2024-02-19,Belleza,Web,3,78500.0,0.0
T010526,C01413,2024-04-16,Moda,App,2,171700.0,0.2
T005648,C00728,2024-07-30,Hogar,Tienda,2,112200.0,0.0
T011076,C01492,2024-07-14,Mercado,Web,2,49400.0,0.0
T004535,C00585,2025-04-24,Hogar,Tienda,3,174300.0,0.0
T008406,C01113,2024-08-11,Hogar,Tienda,1,189500.0,0.0
T002676,C00333,2024-06-05,Mercado,App,1,19600.0,0.0
T006582,C00867,2025-02-06,Moda,Web,2,108100.0,0.0
T011063,C01490,2024-10-11,Tecnología,Tienda,2,578000.0,0.0
T005734,C00742,2024-05-19,Mercado,App,3,40000.0,0.0
T001209,C00155,2024-04-22,Hogar,App,3,126100.0,0.0
T008063,C01067,2025-03-12,Moda,App,3,176900.0,0.2
T001121,C00141,2024-07-28,Moda,Web,2,76900.0,0.2
T003242,C00410,2023-11-16,Mercado,Tienda,3,61400.0,0.3
T000998,C00130,2024-09-27,Hogar,App,2,101800.0,0.1
T005673,C00733,2023-11-29,Hogar,Tienda,3,88700.0,0.0
T010857,C01459,2024-08-16,Tecnología,App,3,759300.0,0.2
T002117,C00265,2023-10-26,Hogar,Web,1,93200.0,0.0
T005579,C00722,2023-10-20,Moda,Tienda,1,35500.0,0.2
T007842,C01033,2024-08-10,Mercado,Tienda,3,32300.0,0.0
T007721,C01016,2024-07-15,Mercado,App,2,62900.0,0.0
T001422,C00177,2024-06-15,Tecnología,Tienda,3,437100.0,0.0
T002032,C00256,2024-11-29,Moda,App,3,108000.0,0.2
T001248,C00159,2025-04-13,Moda,Tienda,3,189600.0,0.2
T002602,C00324,2024-06-21,Mercado,Tienda,1,26600.0,0.0
T000990,C00129,2024-12-31,Hogar,App,2,105800.0,0.0
T007086,C00938,2024-09-03,Mercado,Tienda,1,31400.0,0.0
T005187,C00671,2025-04-16,Hogar,Web,1,147600.0,0.0
T002801,C00348,2025-03-11,Tecnología,Tienda,2,968300.0,0.0
T009885,C01326,2025-01-07,Mercado,App,3,52000.0,0.3
T007480,C00987,2024-06-22,Hogar,App,3,118100.0,0.0
T006938,C00917,2025-01-22,Moda,App,2,206300.0,0.0
T009687,C01298,2024-03-02,Tecnología,App,1,529500.0,0.0
T002476,C00309,2024-11-10,Moda,App,2,152100.0,0.2
T001335,C00169,2024-02-13,Mercado,Web,1,74900.0,0.2
T006884,C00911,2024-04-28,Hogar,Tienda,2,90800.0,0.0
T006490,C00853,2024-04-13,Mercado,Tienda,3,41200.0,0.0
T010011,C01346,2024-04-19,Mercado,App,1,39900.0,0.3
T000670,C00083,2024-02-06,Hogar,Tienda,1,135400.0,0.0
T007313,C00967,2024-06-19,Hogar,Tienda,1,116800.0,0.0
T007251,C00959,2023-08-31,Mercado,Tienda,2,60400.0,0.0
T003322,C00421,2025-03-31,Tecnología,Tienda,2,293700.0,0.0
T002413,C00304,2024-06-09,Moda,Tienda,1,153500.0,0.0
T003902,C00493,2023-11-24,Belleza,App,1,72200.0,0.2
T010450,C01404,2024-01-05,Hogar,Tienda,2,124700.0,0.0
T005842,C00756,2025-04-19,Mercado,App,3,33300.0,0.2
T008797,C01163,2025-01-28,Mercado,Web,2,75200.0,0.0
T004979,C00641,2025-02-22,Mercado,App,2,56100.0,0.0
T006635,C00875,2025-06-12,Mercado,App,2,47900.0,0.0
T007334,C00968,2025-05-04,Mercado,Tienda,2,42200.0,0.0
T004132,C00529,2024-08-30,Mercado,App,1,44500.0,0.0
T004755,C00609,2024-09-01,Hogar,Tienda,3,106900.0,0.0
T004774,C00612,2024-01-03,Mercado,Tienda,1,49800.0,0.2
T007535,C00994,2024-02-13,Mercado,Web,3,52600.0,0.0
T003711,C00470,2024-12-01,Hogar,Web,2,159900.0,0.0
T001362,C00170,2024-08-29,Belleza,App,2,84300.0,0.0
T003636,C00461,2025-03-26,Mercado,App,1,35500.0,0.0
T006565,C00867,2025-03-24,Tecnología,Tienda,3,387100.0,0.0
T007704,C01014,2024-02-29,Mercado,App,1,52700.0,0.0
T009288,C01242,2023-11-10,Belleza,Web,2,70100.0,0.0
T003072,C00386,2024-06-08,Hogar,App,3,173600.0,0.2
T002537,C00317,2023-12-04,Hogar,App,1,43600.0,0.2
T004351,C00558,2023-04-13,Tecnología,Tienda,3,464400.0,0.0
T000759,C00097,2024-05-15,Belleza,Web,1,76700.0,0.0
T001068,C00137,2024-12-27,Mercado,Tienda,3,16600.0,0.0
T009992,C01343,2024-08-17,Mercado,App,1,43500.0,0.0
T004032,C00516,2025-01-20,Hogar,Tienda,3,109800.0,0.0
T009586,C01280,2024-10-15,Mercado,Web,3,33400.0,0.0
T010027,C01349,2023-05-11,Hogar,Tienda,2,132500.0,0.0
T002241,C00281,2025-03-29,Moda,Tienda,2,75800.0,0.3
T007654,C01008,2024-08-14,Mercado,App,3,48200.0,0.3
T010745,C01443,2024-11-23,Mercado,Tienda,3,27300.0,0.0
T002083,C00261,2024-05-15,Moda,App,2,176300.0,0.0
T000989,C00129,2025-04-07,Hogar,Tienda,1,142200.0,0.0
T004726,C00605,2023-10-30,Moda,Tienda,1,137200.0,0.0
T000238,C00027,2023-10-18,Belleza,App,3,65200.0,0.0
T001606,C00202,2024-05-04,Mercado,Tienda,3,55900.0,0.0
T002890,C00361,2024-08-09,Belleza,Tienda,3,73100.0,0.0
T011103,C01496,2025-02-24,Belleza,Tienda,3,62300.0,0.0
T009341,C01249,2024-11-08,Mercado,Tienda,1,44000.0,0.0
T007732,C01016,2025-01-28,Tecnología,App,1,839700.0,0.0
T010609,C01426,2024-11-12,Belleza,App,2,39300.0,0.0
T000810,C00103,2025-01-27,Hogar,Web,2,148500.0,0.1
T003449,C00434,2024-08-05,Belleza,Tienda,2,58300.0,0.0
T006042,C00785,2025-04-06,Mercado,Web,2,63400.0,0.0
T000603,C00077,2025-03-22,Belleza,App,3,68000.0,0.0
T008393,C01113,2024-10-22,Mercado,Tienda,3,30900.0,0.0
T001402,C00174,2024-10-09,Hogar,Tienda,2,171900.0,0.0
T000116,C00014,2024-10-25,Mercado,App,2,46700.0,0.0
T008364,C01110,2025-06-07,Moda,Tienda,2,189400.0,0.2
T008509,C01126,2024-08-06,Mercado,Web,2,60100.0,0.0
T003172,C00402,2024-05-14,Hogar,Tienda,1,151600.0,0.0
T006828,C00902,2024-03-21,Hogar,App,1,128600.0,0.1
T002828,C00354,2024-03-11,Moda,App,2,119800.0,0.0
T000354,C00044,2024-02-09,Mercado,App,2,32400.0,0.0
T001755,C00219,2025-04-24,Mercado,Tienda,2,62500.0,0.2
T000831,C00108,2023-08-12,Hogar,Web,1,84300.0,0.2
T009795,C01318,2025-06-20,Hogar,Tienda,1,202800.0,0.0
T001388,C00172,2024-12-10,Moda,Tienda,3,126600.0,0.0
T000930,C00119,2024-09-10,Moda,Tienda,2,234200.0,0.0
T002155,C00270,2025-02-16,Hogar,Web,1,51300.0,0.0
T000463,C00057,2024-10-15,Moda,App,3,159200.0,0.0
T006665,C00879,2025-05-11,Hogar,App,2,71800.0,0.0
T002099,C00263,2024-12-26,Belleza,Tienda,3,106000.0,0.3
T005944,C00768,2024-05-01,Tecnología,Tienda,1,350000.0,0.0
T000780,C00101,2025-05-19,Mercado,App,1,59700.0,0.0
T005916,C00765,2025-05-23,Belleza,Web,2,61600.0,0.0
T008840,C01168,2025-05-11,Mercado,App,3,59600.0,0.0
T005093,C00656,2025-03-18,Hogar,Tienda,2,140100.0,0.0
T002659,C00333,2024-09-06,Mercado,App,2,71100.0,0.0
T006242,C00815,2023-03-11,Hogar,Tienda,3,49300.0,0.0
T000577,C00074,2024-09-09,Mercado,Tienda,1,19900.0,0.2
T002794,C00347,2025-01-11,Hogar,App,3,131700.0,0.0
T001929,C00241,2025-03-08,Hogar,Web,2,91300.0,0.0
T008330,C01104,2024-08-26,Mercado,Tienda,1,59300.0,0.0
T010298,C01382,2024-07-05,Hogar,Tienda,3,96000.0,0.0
T003205,C00406,2025-05-01,Mercado,App,1,27300.0,0.0
T000711,C00090,2023-10-27,Mercado,Tienda,3,32600.0,0.0
T003616,C00456,2024-05-25,Belleza,Web,1,51800.0,0.0
T005934,C00768,2024-06-22,Mercado,App,3,26100.0,0.0
T010578,C01420,2023-02-23,Moda,Tienda,3,169000.0,0.0
T004124,C00529,2024-09-25,Mercado,Web,2,46100.0,0.0
T007257,C00960,2024-08-17,Mercado,App,3,74100.0,0.2
T009726,C01307,2023-11-30,Hogar,Web,1,99700.0,0.3
T000954,C00122,2025-06-15,Moda,Tienda,2,116200.0,0.0
T007857,C01033,2024-07-18,Moda,App,1,95900.0,0.3
T007233,C00957,2023-04-30,Tecnología,Web,1,677800.0,0.2
T001993,C00250,2025-06-22,Mercado,App,1,64500.0,0.0
T009736,C01309,2024-08-22,Mercado,App,2,53300.0,0.3
T010383,C01392,2023-10-25,Belleza,Tienda,3,49100.0,0.0
T004090,C00524,2024-12-02,Mercado,Web,1,39100.0,0.0
T006799,C00899,2025-06-16,Mercado,Tienda,3,55700.0,0.2
T000620,C00079,2023-12-09,Mercado,Tienda,2,49400.0,0.0
T008506,C01126,2024-10-15,Mercado,App,2,39600.0,0.0
T004301,C00552,2024-07-04,Moda,App,2,169800.0,0.0
T008709,C01154,2024-10-20,Hogar,Tienda,3,106400.0,0.0
T007463,C00986,2024-04-05,Mercado,Tienda,1,34300.0,0.0
T003913,C00495,2024-07-02,Hogar,Web,3,102900.0,0.0
T005302,C00685,2024-06-08,Hogar,Tienda,1,131200.0,0.1
T004418,C00569,2025-06-03,Mercado,Web,3,47700.0,0.0
T003552,C00446,2025-02-18,Hogar,Tienda,1,146300.0,0.0
T005423,C00704,2024-09-14,Belleza,Tienda,1,51500.0,0.0
T001467,C00185,2023-11-29,Hogar,Tienda,3,115800.0,0.1
T009863,C01324,2023-05-01,Mercado,Tienda,3,31000.0,0.0
T008556,C01132,2025-05-28,Moda,Tienda,3,96600.0,0.0
T008686,C01151,2025-06-23,Moda,Tienda,1,76000.0,0.0
T004026,C00514,2023-12-14,Mercado,Tienda,2,57800.0,0.0
T002622,C00326,2025-06-29,Belleza,App,2,79100.0,0.1
T007275,C00961,2024-10-25,Mercado,Tienda,1,53400.0,0.0
T010125,C01360,2025-05-02,Belleza,Web,2,75500.0,0.0
T004908,C00634,2024-06-14,Mercado,App,1,22000.0,0.0
T008766,C01159,2024-05-31,Mercado,Tienda,2,44300.0,0.0
T009631,C01288,2024-07-24,Hogar,Tienda,3,137100.0,0.0
T001300,C00165,2023-05-22,Moda,Tienda,1,151300.0,0.0
T003106,C00391,2024-01-02,Moda,Web,2,99800.0,0.0
T000536,C00067,2024-03-05,Moda,Tienda,2,206300.0,0.0
T002183,C00274,2024-01-27,Mercado,Tienda,2,29500.0,0.0
T009335,C01249,2024-08-01,Mercado,Web,1,36400.0,0.0
T011074,C01492,2024-04-08,Belleza,App,1,78700.0,0.0
T004626,C00596,2025-01-27,Mercado,Tienda,1,40200.0,0.0
T009368,C01252,2025-04-26,Moda,App,2,136000.0,0.0
T008565,C01133,2024-04-19,Moda,Web,2,147900.0,0.0
T005783,C00749,2024-06-11,Belleza,Tienda,2,99500.0,0.0
T007896,C01041,2024-12-12,Hogar,App,1,163500.0,0.0
T004814,C00620,2024-07-11,Mercado,Tienda,3,61200.0,0.0
T009646,C01291,2025-02-09,Mercado,App,1,25300.0,0.0
T009450,C01261,2025-01-24,Mercado,App,3,33100.0,0.0
T011020,C01482,2024-12-11,Moda,App,2,143500.0,0.1
T010101,C01358,2024-06-06,Mercado,Tienda,1,25700.0,0.0
T002705,C00337,2024-09-05,Mercado,Tienda,1,49800.0,0.0
T006456,C00847,2024-06-10,Mercado,Tienda,1,47200.0,0.3
T010563,C01418,2024-01-25,Mercado,App,1,41200.0,0.0
T004192,C00536,2024-06-07,Moda,App,3,117200.0,0.0
T004212,C00538,2025-05-14,Moda,Web,1,125300.0,0.0
T006605,C00871,2024-01-25,Mercado,Tienda,2,53700.0,0.0
T011025,C01484,2024-02-13,Tecnología,App,3,264100.0,0.0
T002012,C00252,2025-03-25,Mercado,Tienda,1,40200.0,0.0
T010858,C01459,2025-04-29,Mercado,App,3,12200.0,0.0
T007321,C00967,2024-03-24,Tecnología,Web,2,630900.0,0.0
T009391,C01254,2023-12-19,Hogar,Tienda,3,134300.0,0.3
T008838,C01167,2023-05-12,Mercado,Tienda,1,50900.0,0.3
T001855,C00234,2024-05-04,Moda,Tienda,3,161800.0,0.0
T006797,C00899,2024-12-19,Hogar,Tienda,1,96700.0,0.2
T010221,C01373,2024-01-18,Hogar,Tienda,2,182000.0,0.3
T004835,C00624,2024-07-17,Moda,App,2,249600.0,0.0
T003031,C00380,2024-09-21,Mercado,Web,3,42800.0,0.2
T010317,C01383,2024-09-17,Tecnología,Tienda,1,750500.0,0.0
T003907,C00494,2024-02-23,Hogar,Tienda,1,136600.0,0.3
T005440,C00707,2025-05-08,Hogar,Tienda,2,132600.0,0.0
T008138,C01079,2025-03-30,Mercado,Tienda,3,80000.0,0.0
T002865,C00358,2025-05-26,Hogar,Tienda,3,167500.0,0.0
T004906,C00634,2024-02-19,Mercado,Tienda,3,56200.0,0.0
T008611,C01138,2024-03-31,Mercado,Tienda,2,19900.0,0.2
T002389,C00302,2024-07-20,Mercado,Tienda,2,35900.0,0.0
T002279,C00285,2024-04-29,Mercado,Web,2,31900.0,0.0
T005239,C00676,2024-02-09,Mercado,Tienda,2,51700.0,0.0
T002035,C00256,2024-02-07,Mercado,App,1,55200.0,0.0
T005319,C00688,2023-11-22,Moda,Tienda,1,237400.0,0.1
T000457,C00057,2024-10-25,Moda,App,3,103600.0,0.1
T008423,C01116,2024-07-27,Moda,Tienda,3,175300.0,0.0
T008445,C01119,2023-11-02,Mercado,Tienda,2,58100.0,0.2
T004402,C00567,2024-06-24,Moda,Tienda,3,100000.0,0.0
T009592,C01282,2024-10-06,Hogar,Tienda,1,148800.0,0.0
T010181,C01367,2023-06-20,Moda,Tienda,3,156300.0,0.0
T007812,C01028,2025-03-14,Mercado,App,3,34300.0,0.0
T010668,C01435,2024-06-14,Belleza,Web,2,89800.0,0.0
T008866,C01173,2023-08-07,Mercado,Tienda,1,45300.0,0.0
T005018,C00646,2024-09-01,Mercado,App,2,46500.0,0.0
T000387,C00048,2024-11-09,Mercado,Tienda,2,37700.0,0.2
T006446,C00846,2024-10-25,Moda,Web,3,188300.0,0.0
T009895,C01328,2024-12-31,Tecnología,App,1,805900.0,0.1
T008837,C01167,2023-12-14,Hogar,Tienda,3,101600.0,0.0
T008225,C01091,2024-03-01,Mercado,Tienda,3,55800.0,0.0
T008536,C01130,2024-06-14,Mercado,App,1,56500.0,0.0
T010961,C01475,2024-11-20,Belleza,Tienda,2,58600.0,0.3
T001621,C00204,2025-03-16,Mercado,App,2,41600.0,0.0
T004321,C00553,2024-08-21,Belleza,App,3,39800.0,0.1
T004169,C00532,2024-07-08,Moda,Web,3,197400.0,0.0
T008479,C01123,2024-12-20,Mercado,App,3,55600.0,0.0
T001204,C00154,2023-10-21,Mercado,Tienda,3,22000.0,0.0
T008608,C01137,2023-01-16,Mercado,Tienda,1,43000.0,0.0
T002932,C00366,2024-12-26,Hogar,Tienda,1,121700.0,0.1
T005792,C00750,2024-08-11,Mercado,Tienda,3,33800.0,0.2
T008743,C01159,2025-03-13,Hogar,Tienda,3,140600.0,0.0
T001967,C00247,2024-02-02,Mercado,Tienda,2,49600.0,0.2
T008693,C01153,2024-07-21,Belleza,App,1,87000.0,0.0
T008860,C01172,2024-11-08,Moda,App,1,183800.0,0.0
T007931,C01048,2024-03-04,Hogar,Tienda,2,131400.0,0.0
T000964,C00124,2023-11-30,Hogar,Tienda,3,106400.0,0.3
T007852,C01033,2025-02-18,Mercado,App,2,58300.0,0.0
T007684,C01014,2025-06-09,Mercado,App,2,33500.0,0.0
T011014,C01482,2024-01-12,Moda,Web,1,110900.0,0.0
T002187,C00274,2024-02-08,Mercado,Web,1,78000.0,0.0
T002393,C00302,2025-04-15,Belleza,Web,1,56800.0,0.1
T001177,C00148,2025-03-01,Tecnología,Web,3,677400.0,0.0
T010959,C01475,2024-11-07,Mercado,Tienda,2,21800.0,0.2
T001538,C00192,2024-07-07,Tecnología,App,3,868400.0,0.0
T000770,C00099,2024-03-25,Tecnología,Tienda,3,537800.0,0.3
T010257,C01377,2023-07-03,Belleza,Tienda,3,117200.0,0.0
T007795,C01025,2024-02-19,Mercado,Tienda,2,42100.0,0.0
T009740,C01310,2024-03-25,Tecnología,Tienda,1,835400.0,0.0
T006253,C00817,2025-04-01,Hogar,Web,3,138100.0,0.2
T008829,C01166,2024-08-03,Mercado,Tienda,1,61000.0,0.0
T003692,C00468,2024-03-17,Mercado,Tienda,1,59600.0,0.0
T003059,C00385,2024-11-12,Moda,Tienda,3,147400.0,0.3
T005807,C00751,2024-06-28,Mercado,Tienda,2,28400.0,0.0
T008594,C01137,2023-12-07,Moda,Tienda,2,188300.0,0.0
T010508,C01411,2023-06-15,Belleza,Web,1,66400.0,0.3
T001914,C00239,2024-10-15,Mercado,Tienda,2,46400.0,0.0
T003483,C00435,2024-07-04,Mercado,Tienda,3,37500.0,0.0
T001448,C00183,2025-03-14,Mercado,App,3,30600.0,0.0
T002329,C00289,2025-01-02,Moda,Web,1,168900.0,0.0
T005107,C00660,2024-05-18,Mercado,Tienda,1,59300.0,0.0
T004864,C00630,2024-09-07,Mercado,App,1,30300.0,0.0
T007294,C00965,2024-06-04,Mercado,Tienda,2,27600.0,0.0
T006942,C00917,2024-06-06,Mercado,App,2,41700.0,0.0
T005849,C00757,2025-04-04,Belleza,Tienda,1,43900.0,0.2
T010353,C01388,2024-10-23,Moda,Web,1,175100.0,0.2
T002232,C00281,2024-09-04,Belleza,Web,3,81600.0,0.0
T007457,C00985,2025-04-23,Mercado,Web,1,46300.0,0.0
T010099,C01358,2024-11-04,Hogar,Tienda,1,69400.0,0.2
T006746,C00893,2024-06-13,Mercado,Tienda,2,59200.0,0.1
T001351,C00169,2023-09-13,Mercado,Tienda,1,73100.0,0.0
T004005,C00510,2024-01-16,Moda,App,1,167800.0,0.1
T002169,C00272,2024-07-02,Moda,Web,3,177700.0,0.0
T004314,C00553,2025-04-17,Mercado,App,1,30200.0,0.0
T003479,C00435,2023-04-09,Moda,Tienda,2,167400.0,0.0
T007843,C01033,2023-12-01,Mercado,Tienda,1,61900.0,0.0
T001665,C00207,2024-10-28,Mercado,App,1,35100.0,0.0
T003998,C00509,2024-10-23,Hogar,Tienda,2,198600.0,0.0
T008631,C01142,2024-08-19,Hogar,Web,1,111000.0,0.0
T005309,C00686,2024-04-30,Belleza,Tienda,3,61400.0,0.0
T000835,C00108,2025-06-18,Mercado,Tienda,3,59700.0,0.0
T009196,C01223,2023-12-16,Belleza,App,2,57200.0,0.0
T003481,C00435,2024-11-08,Belleza,Web,3,55600.0,0.0
T009121,C01211,2024-04-30,Mercado,Web,2,26800.0,0.0
T004167,C00532,2024-12-15,Tecnología,App,3,441000.0,0.0
T008656,C01146,2023-11-30,Hogar,Tienda,2,116900.0,0.0
T006901,C00914,2024-12-25,Mercado,Tienda,1,47900.0,0.0
T004610,C00594,2023-04-12,Moda,Web,1,89900.0,0.0
T001741,C00219,2025-05-12,Hogar,App,1,116200.0,0.0
T008542,C01131,2024-07-23,Belleza,Tienda,2,72000.0,0.2
T008032,C01063,2024-01-16,Mercado,App,3,42500.0,0.2
T006209,C00810,2025-01-12,Moda,App,2,97000.0,0.2
T000342,C00043,2024-05-21,Moda,App,1,143300.0,0.0
T009516,C01271,2024-01-25,Mercado,App,1,48500.0,0.3
T002620,C00326,2024-05-14,Mercado,Tienda,1,41800.0,0.0
T007241,C00958,2024-09-19,Tecnología,Web,1,805100.0,0.0
T003504,C00438,2024-08-01,Mercado,Web,1,61000.0,0.2
T002759,C00342,2023-12-29,Mercado,Tienda,2,25400.0,0.0
T000953,C00122,2024-11-09,Mercado,Tienda,2,32000.0,0.0
T008270,C01097,2024-10-04,Moda,Tienda,2,90200.0,0.0
T006267,C00819,2024-07-14,Tecnología,Web,1,615100.0,0.0
T010850,C01459,2024-05-28,Moda,App,3,133200.0,0.0
T010538,C01414,2024-11-22,Hogar,Web,1,115000.0,0.3
T008532,C01129,2024-01-31,Belleza,Tienda,3,89300.0,0.0
T006536,C00860,2024-02-19,Moda,Web,1,132300.0,0.0
T001845,C00234,2025-03-14,Moda,App,1,99200.0,0.1
T010507,C01411,2024-01-23,Belleza,Tienda,2,78200.0,0.0
T010829,C01456,2025-01-10,Hogar,App,1,141400.0,0.0
T003794,C00477,2024-12-01,Mercado,Tienda,2,52500.0,0.2
T006378,C00836,2024-10-23,Mercado,App,3,22400.0,0.0
T004016,C00512,2023-07-09,Belleza,Tienda,3,89700.0,0.3
T009197,C01223,2024-04-20,Mercado,App,1,33700.0,0.2
T004492,C00580,2024-10-02,Moda,Tienda,1,157700.0,0.0
T006213,C00810,2024-07-12,Mercado,Tienda,1,38100.0,0.0
T005685,C00734,2025-03-29,Moda,Tienda,3,171300.0,0.0
T009345,C01249,2025-04-22,Hogar,Web,3,161300.0,0.0
T001331,C00168,2024-03-24,Hogar,Web,1,112500.0,0.2
T010046,C01352,2024-03-10,Hogar,Tienda,2,118000.0,0.0
T006900,C00914,2024-06-19,Hogar,Tienda,2,110800.0,0.3
T000881,C00114,2024-12-01,Mercado,App,1,63400.0,0.2
T009088,C01207,2024-10-09,Tecnología,App,3,821200.0,0.0
T004964,C00640,2024-06-27,Moda,App,1,141900.0,0.0
T007708,C01015,2025-06-15,Hogar,App,1,99700.0,0.3
T009829,C01321,2024-07-18,Belleza,Tienda,2,23700.0,0.3
T007285,C00963,2024-11-18,Moda,Web,3,201500.0,0.2
T001022,C00133,2024-07-24,Hogar,App,2,78500.0,0.0
T009101,C01209,2024-04-29,Tecnología,Tienda,2,691500.0,0.0
T008745,C01159,2024-10-07,Hogar,App,1,99000.0,0.0
T005779,C00749,2023-11-28,Moda,Tienda,2,71100.0,0.1
T010494,C01410,2024-08-23,Belleza,App,1,17400.0,0.1
T008605,C01137,2024-01-21,Hogar,Tienda,3,155100.0,0.0
T004201,C00537,2025-04-05,Moda,App,3,138000.0,0.0
T010020,C01348,2024-08-09,Mercado,Tienda,1,47800.0,0.0
T009955,C01337,2024-07-30,Hogar,Tienda,2,137000.0,0.0
T008550,C01132,2024-12-01,Moda,Web,3,171700.0,0.1
T010968,C01476,2024-07-27,Hogar,Tienda,3,110300.0,0.0
T009144,C01214,2024-09-09,Tecnología,App,3,555200.0,0.2
T007073,C00938,2025-04-08,Mercado,Tienda,2,46900.0,0.0
T010770,C01447,2025-03-08,Mercado,App,1,55600.0,0.0
T000193,C00021,2024-04-18,Moda,App,1,68900.0,0.0
T001054,C00136,2024-12-20,Moda,Tienda,3,111800.0,0.3
T002041,C00257,2024-02-08,Mercado,Web,3,53400.0,0.0
T008253,C01096,2023-09-28,Mercado,Tienda,3,32400.0,0.0
T005483,C00711,2024-07-17,Mercado,Tienda,2,65400.0,0.0
T006299,C00822,2024-03-16,Hogar,Tienda,2,128000.0,0.0
T010543,C01415,2025-04-22,Hogar,App,2,136400.0,0.0
T000937,C00119,2025-02-15,Mercado,Web,1,65300.0,0.1
T004339,C00556,2023-09-11,Hogar,Web,1,124200.0,0.0
T000515,C00065,2024-06-04,Hogar,Web,1,94100.0,0.0
T010047,C01352,2023-04-04,Hogar,Tienda,1,125200.0,0.0
T003214,C00407,2023-11-04,Hogar,Tienda,1,193400.0,0.3
T008688,C01152,2023-05-29,Mercado,Tienda,1,56500.0,0.0
T008311,C01101,2025-03-23,Mercado,App,1,38800.0,0.0
T004780,C00612,2024-10-14,Mercado,Tienda,3,37600.0,0.0
T008165,C01083,2024-08-15,Mercado,Tienda,1,40000.0,0.0
T010608,C01425,2023-04-15,Belleza,Tienda,3,42800.0,0.1
T010886,C01465,2023-09-09,Hogar,App,3,122400.0,0.0
T010387,C01393,2024-10-21,Moda,Tienda,2,136500.0,0.0
T008388,C01112,2024-12-19,Mercado,Web,1,50200.0,0.0
T000412,C00051,2025-06-20,Hogar,Web,3,110600.0,0.0
T004238,C00543,2023-12-11,Mercado,App,3,42700.0,0.0
T007907,C01044,2024-02-04,Mercado,App,2,54600.0,0.2
T008994,C01193,2025-05-03,Mercado,Tienda,2,81400.0,0.0
T000143,C00017,2023-07-07,Moda,App,3,201000.0,0.0
T008890,C01176,2023-11-03,Belleza,Web,1,96900.0,0.0
T004064,C00520,2024-03-11,Belleza,App,3,105100.0,0.3
T010705,C01440,2024-07-12,Mercado,App,2,31100.0,0.0
T007924,C01048,2024-09-07,Hogar,Web,2,150500.0,0.0
T000338,C00042,2024-02-20,Mercado,Tienda,3,52500.0,0.0
T006424,C00842,2024-10-08,Mercado,Tienda,2,44700.0,0.0
T002741,C00340,2023-09-27,Belleza,Tienda,1,23000.0,0.0
T008087,C01071,2024-02-09,Belleza,Tienda,3,47300.0,0.0
T000085,C00009,2024-08-19,Hogar,App,2,143200.0,0.0
T004538,C00585,2025-06-22,Mercado,Web,3,28400.0,0.3
T001676,C00208,2023-12-18,Hogar,Tienda,1,110000.0,0.0
T004959,C00640,2024-03-05,Mercado,Web,3,42500.0,0.0
T004042,C00518,2025-06-06,Mercado,Web,1,48300.0,0.0
T005537,C00718,2025-04-08,Mercado,App,2,24200.0,0.0
T007582,C01001,2023-12-15,Hogar,App,-1,10000.0,0.0
T010808,C01454,2024-05-22,Belleza,Web,2,54000.0,0.0
T000492,C00062,2023-10-27,Mercado,App,3,39900.0,0.0
T000372,C00046,2024-09-14,Mercado,Tienda,1,48900.0,0.0
T002778,C00346,2025-04-04,Moda,Web,1,142000.0,0.0
T009694,C01299,2024-06-18,Mercado,App,2,23600.0,0.0
T008076,C01069,2025-02-23,Tecnología,App,1,846900.0,0.3
T007040,C00932,2025-02-26,Mercado,Tienda,2,56000.0,0.0
T004936,C00638,2025-02-22,Belleza,App,1,70100.0,0.0
T003866,C00487,2023-11-18,Tecnología,Tienda,2,498000.0,0.0
T006960,C00919,2024-05-11,Belleza,Tienda,3,78000.0,0.0
T007128,C00942,2024-02-05,Mercado,Tienda,3,45100.0,0.0
T003762,C00474,2024-08-20,Mercado,App,3,33100.0,0.0
T010106,C01359,2024-11-26,Tecnología,Web,2,638700.0,0.3
T000779,C00101,2024-10-06,Hogar,Web,2,217800.0,0.0
T003473,C00435,2023-02-10,Mercado,Tienda,3,67200.0,0.0
T007352,C00970,2024-10-04,Mercado,Web,3,35300.0,0.0
T004923,C00637,2024-05-03,Tecnología,Tienda,3,670800.0,0.0
T005019,C00646,2025-03-30,Hogar,Tienda,3,130700.0,0.2
T005686,C00735,2024-05-18,Mercado,Tienda,2,55500.0,0.0
T011134,C01500,2024-08-24,Moda,Web,1,87100.0,0.0
T000345,C00043,2025-06-07,Mercado,Web,2,46000.0,0.2
T001638,C00205,2025-01-31,Hogar,Tienda,1,123000.0,0.0
T002247,C00282,2024-11-08,Moda,Tienda,3,55000.0,0.0
T009079,C01205,2024-12-04,Tecnología,Tienda,2,535500.0,0.0
T005491,C00713,2024-03-18,Hogar,Tienda,1,127700.0,0.0
T010441,C01402,2024-06-09,Moda,Tienda,1,30700.0,0.0
T000258,C00029,2024-02-12,Mercado,Tienda,2,46200.0,0.2
T008586,C01136,2025-01-30,Hogar,Tienda,1,129200.0,0.2
T009330,C01248,2023-09-03,Mercado,App,1,,0.0
T004355,C00559,2023-12-21,Hogar,Tienda,1,96400.0,0.3
T001558,C00194,2025-04-13,Mercado,App,1,45900.0,0.0
T005162,C00669,2023-08-27,Moda,Tienda,2,52400.0,0.0
T010018,C01348,2025-03-09,Mercado,Tienda,1,37100.0,0.0
T008485,C01125,2023-09-24,Hogar,Tienda,3,105400.0,0.1
T011056,C01490,2025-04-03,Mercado,Web,1,45800.0,0.0
T004309,C00552,2024-07-16,Tecnología,Web,1,,0.0
T000449,C00056,2024-11-20,Hogar,App,1,107000.0,0.0
T006409,C00840,2024-05-20,Tecnología,App,1,756800.0,0.1
T001437,C00181,2023-11-12,Hogar,Web,2,160500.0,0.0
T009102,C01209,2024-04-16,Moda,Web,2,189900.0,0.1
T002285,C00285,2024-05-01,Moda,Web,1,159200.0,0.3
T003549,C00445,2025-04-26,Belleza,Tienda,3,86900.0,0.0
T009961,C01338,2023-10-24,Moda,Tienda,1,154600.0,0.0
T007685,C01014,2024-10-22,Tecnología,App,2,574700.0,0.2
T003489,C00436,2023-09-07,Hogar,Tienda,3,114700.0,0.1
T006601,C00871,2023-12-30,Mercado,Web,3,43000.0,0.0
T000237,C00027,2024-02-07,Hogar,App,3,126000.0,0.0
T001628,C00204,2023-11-09,Hogar,Tienda,2,132600.0,0.2
T010146,C01363,2023-12-26,Mercado,App,3,39900.0,0.2
T010938,C01472,2024-12-02,Belleza,Web,-1,72400.0,0.1
T003758,C00474,2025-01-10,Hogar,Tienda,1,94400.0,0.0
T006621,C00873,2024-04-26,Hogar,Tienda,2,95300.0,0.0
T009685,C01298,2024-03-10,Moda,App,3,129000.0,0.0
T005626,C00728,2023-07-09,Belleza,App,1,79100.0,0.0
T008677,C01151,2025-01-01,Hogar,Tienda,1,70800.0,0.0
T001830,C00232,2023-09-08,Hogar,App,1,140900.0,0.2
T006551,C00863,2024-01-17,Hogar,App,3,118500.0,0.0
T006483,C00851,2024-02-27,Hogar,Web,2,170500.0,0.0
T004195,C00536,2024-03-14,Hogar,App,1,76100.0,0.0
T004209,C00538,2024-09-13,Mercado,App,3,36300.0,0.3
T000122,C00015,2024-10-18,Tecnología,App,3,868700.0,0.3
T005561,C00721,2023-09-15,Hogar,App,1,119500.0,0.0
T001893,C00237,2024-01-30,Mercado,Tienda,1,42900.0,0.3
T001188,C00150,2024-07-21,Mercado,Tienda,3,62600.0,0.3
T007199,C00952,2025-04-06,Mercado,App,3,53400.0,0.0
T000903,C00115,2024-09-03,Mercado,Tienda,1,62000.0,0.0
T001318,C00165,2023-10-10,Hogar,Tienda,3,107300.0,0.0
T005026,C00647,2024-06-25,Mercado,Tienda,2,48100.0,0.0
T007940,C01050,2024-04-04,Hogar,Tienda,1,57800.0,0.0
T011132,C01500,2025-06-01,Belleza,Tienda,2,72600.0,0.0
T010889,C01466,2024-03-23,Mercado,Tienda,1,60200.0,0.0
T002843,C00356,2023-11-10,Tecnología,App,1,573300.0,0.0
T008635,C01142,2025-03-17,Mercado,App,3,41800.0,0.0
T009405,C01254,2023-10-04,Mercado,Tienda,2,45600.0,0.0
T003754,C00474,2023-08-30,Mercado,App,1,55400.0,0.0
T005413,C00703,2024-04-06,Belleza,Tienda,1,70000.0,0.0
T009040,C01199,2024-10-31,Mercado,Tienda,1,51100.0,0.3
T003215,C00407,2024-05-18,Hogar,App,1,140700.0,0.0
T001438,C00181,2024-05-25,Mercado,Web,3,48200.0,0.0
T007698,C01014,2025-03-01,Mercado,Tienda,2,26400.0,0.0
T001934,C00242,2024-05-18,Moda,App,3,107100.0,0.0
T002868,C00358,2024-12-30,Belleza,Web,2,115700.0,0.0
T004036,C00517,2025-02-23,Moda,Web,2,219500.0,0.0
T005860,C00759,2024-02-12,Mercado,Tienda,3,63800.0,0.0
T006335,C00829,2024-09-21,Tecnología,Tienda,3,592100.0,0.0
T002180,C00274,2024-04-06,Mercado,Web,3,41500.0,0.0
T010302,C01382,2024-12-05,Mercado,Tienda,3,33000.0,0.3
T006391,C00838,2024-05-18,Hogar,Tienda,3,111800.0,0.0
T006131,C00798,2025-05-17,Mercado,Web,2,62600.0,0.0
T010437,C01402,2024-11-23,Hogar,Web,3,153400.0,0.3
T007253,C00959,2023-10-19,Mercado,Tienda,1,37300.0,0.0
T007734,C01017,2024-12-29,Hogar,App,3,152800.0,0.1
T003520,C00440,2023-10-04,Hogar,Web,1,78700.0,0.3
T005369,C00694,2025-02-14,Belleza,Web,1,71900.0,0.0
T005098,C00659,2024-08-05,Mercado,Tienda,3,30100.0,0.1
T007562,C00997,2024-07-13,Hogar,Tienda,3,,0.2
T004165,C00532,2025-02-14,Mercado,App,3,39200.0,0.0
T000108,C00013,2024-06-16,Hogar,App,3,90700.0,0.0
T001690,C00211,2024-06-23,Moda,App,1,227500.0,0.0
T008082,C01070,2024-04-18,Mercado,Tienda,3,57900.0,0.0
T004821,C00621,2024-09-07,Moda,Tienda,1,183400.0,0.0
T008078,C01070,2024-05-01,Moda,Web,3,199900.0,0.0
T010583,C01420,2024-01-02,Moda,Tienda,1,158600.0,0.3
T006262,C00818,2024-10-12,Moda,Tienda,3,204000.0,0.2
T004802,C00617,2023-08-20,Mercado,Tienda,1,70700.0,0.1
T006732,C00890,2025-02-14,Tecnología,Tienda,3,456400.0,0.1
T010880,C01464,2023-09-22,Tecnología,Tienda,2,575400.0,0.2
T006694,C00882,2024-03-08,Moda,Tienda,1,121600.0,0.0
T000542,C00067,2025-06-04,Mercado,Web,3,47600.0,0.0
T001049,C00136,2024-11-08,Moda,Tienda,2,77100.0,0.0
T004829,C00622,2024-06-14,Tecnología,App,3,604700.0,0.0
T009690,C01298,2024-04-28,Hogar,Tienda,2,123200.0,0.2
T005208,C00673,2024-08-23,Mercado,Tienda,3,36800.0,0.3
T008580,C01136,2024-06-19,Belleza,App,2,85400.0,0.1
T005523,C00716,2024-04-26,Mercado,Tienda,1,49800.0,0.0
T010653,C01433,2025-02-04,Hogar,App,1,127900.0,0.2
T003024,C00378,2024-01-26,Mercado,Tienda,2,60900.0,0.0
T004518,C00584,2023-10-14,Mercado,Tienda,3,55400.0,0.0
T000452,C00056,2024-11-22,Hogar,Web,2,137600.0,0.0
T006756,C00895,2025-02-20,Mercado,Web,2,59900.0,0.0
T003211,C00407,2024-05-30,Hogar,App,2,151100.0,0.0
T007520,C00992,2024-02-17,Tecnología,App,1,506300.0,0.0
T010050,C01352,2024-03-26,Mercado,Tienda,1,62700.0,0.1
T001843,C00234,2024-12-14,Hogar,Tienda,1,153300.0,0.3
T000390,C00049,2024-08-07,Moda,Tienda,1,108200.0,0.2
T008115,C01075,2024-02-14,Mercado,App,3,37700.0,0.0
T009575,C01277,2024-12-06,Mercado,Tienda,2,35300.0,0.2
T007229,C00957,2024-05-26,Moda,Web,1,129600.0,0.3
T001016,C00132,2025-03-03,Hogar,Tienda,3,155700.0,0.0
T001707,C00213,2024-11-16,Moda,Tienda,1,261900.0,0.0
T005534,C00718,2025-02-06,Mercado,Web,2,48700.0,0.2
T004457,C00574,2024-02-09,Mercado,Tienda,2,38300.0,0.0
T010732,C01442,2024-08-08,Mercado,Web,3,38300.0,0.0
T004297,C00552,2024-07-25,Mercado,Tienda,2,67100.0,0.0
T001242,C00159,2024-05-27,Mercado,Tienda,3,60500.0,0.0
T002846,C00356,2023-11-13,Mercado,Tienda,2,28000.0,0.1
T007751,C01018,2025-05-14,Hogar,Tienda,3,155900.0,0.0
T006794,C00898,2025-01-19,Moda,Tienda,3,125300.0,0.0
T002042,C00257,2024-07-01,Hogar,Tienda,3,139900.0,0.0
T005684,C00734,2024-08-25,Mercado,Tienda,1,17200.0,0.0
T002315,C00287,2024-06-20,Mercado,App,2,52200.0,0.0
T004106,C00526,2023-04-15,Mercado,Tienda,3,59800.0,0.0
T007131,C00942,2024-04-09,Hogar,Tienda,3,95400.0,0.0
T006574,C00867,2025-04-01,Mercado,App,3,42000.0,0.0
T000014,C00002,2024-02-26,Belleza,Web,3,101900.0,0.0
T003776,C00475,2024-10-09,Belleza,Tienda,1,93300.0,0.0
T001044,C00135,2024-11-25,Moda,App,3,138200.0,0.0
T002699,C00337,2025-05-23,Mercado,App,3,46600.0,0.0
T000541,C00067,2024-09-30,Mercado,Tienda,2,53600.0,0.2
T002224,C00280,2024-05-17,Tecnología,Web,2,690200.0,0.1
T001836,C00234,2024-09-27,Mercado,App,2,39800.0,0.0
T004019,C00512,2025-02-03,Mercado,Tienda,1,29500.0,0.0
T000134,C00015,2025-05-13,Mercado,Tienda,2,57900.0,0.0
T010183,C01367,2023-12-09,Belleza,Web,1,82600.0,0.0
T001723,C00215,2025-05-24,Belleza,Web,1,61700.0,0.0
T010402,C01395,2024-08-07,Hogar,App,1,147600.0,0.0
T007664,C01010,2024-06-02,Mercado,Web,2,16900.0,0.2
T001353,C00169,2024-06-03,Mercado,App,1,59600.0,0.0
T006295,C00822,2024-02-09,Mercado,Web,1,22800.0,0.2
T009655,C01292,2024-09-20,Moda,Tienda,2,168100.0,0.0
T009676,C01296,2025-03-08,Moda,App,1,141100.0,0.0
T008537,C01130,2024-08-03,Belleza,Tienda,2,87100.0,0.0
T005720,C00740,2025-04-27,Mercado,Tienda,1,51900.0,0.0
T007723,C01016,2024-07-06,Hogar,Web,1,156500.0,0.0
T002880,C00361,2023-07-28,Moda,App,1,155100.0,0.0
T010660,C01433,2024-11-01,Mercado,Tienda,3,38800.0,0.3
T005703,C00738,2024-08-18,Belleza,App,1,5000.0,0.0
T005555,C00721,2023-12-02,Mercado,Tienda,3,68700.0,0.3
T004449,C00572,2024-02-06,Tecnología,App,1,566100.0,0.0
T008397,C01113,2023-12-01,Moda,App,2,89000.0,0.2
T000335,C00042,2024-04-03,Mercado,Tienda,1,62500.0,0.0
T005690,C00736,2024-11-23,Belleza,Tienda,1,46100.0,0.0
T005179,C00671,2025-06-08,Mercado,Tienda,2,63000.0,0.1
T002700,C00337,2025-04-11,Mercado,Web,2,68300.0,0.0
T006851,C00906,2025-01-27,Belleza,Tienda,3,109800.0,0.0
T000400,C00049,2024-04-04,Moda,Tienda,1,129900.0,0.0
T005099,C00659,2025-04-08,Hogar,Tienda,1,128400.0,0.0
T004844,C00626,2025-04-24,Hogar,Tienda,3,70300.0,0.0
T001303,C00165,2023-08-05,Hogar,Tienda,3,169200.0,0.0
T000293,C00035,2024-12-17,Hogar,App,1,148500.0,0.1
T003883,C00488,2024-07-19,Hogar,Tienda,1,75100.0,0.2
T004879,C00630,2024-07-07,Mercado,Tienda,1,74300.0,0.0
T002082,C00261,2023-10-06,Hogar,Web,2,166400.0,0.0
T004253,C00544,2025-05-26,Moda,App,1,192900.0,0.0
T008319,C01102,2024-05-24,Hogar,App,3,120700.0,0.0
T002628,C00326,2024-07-12,Hogar,App,1,187900.0,0.2
T005629,C00728,2023-06-28,Belleza,Tienda,2,88000.0,0.0
T009107,C01209,2023-07-17,Belleza,Tienda,1,92900.0,0.0
T010131,C01361,2024-03-17,Hogar,App,2,81000.0,0.0
T003909,C00494,2024-09-14,Moda,App,2,141900.0,0.0
T003411,C00429,2024-12-15,Moda,App,2,138700.0,0.0
T007053,C00934,2023-11-04,Hogar,App,3,160800.0,0.1
T003806,C00480,2024-01-13,Tecnología,App,2,753600.0,0.0
T009846,C01323,2025-02-13,Moda,App,2,53900.0,0.0
T006043,C00785,2025-02-12,Moda,Web,2,142600.0,0.0
T005231,C00676,2024-08-12,Tecnología,Web,1,559300.0,0.0
T004140,C00529,2025-02-20,Hogar,Web,1,142400.0,0.2
T005233,C00676,2024-03-12,Mercado,Tienda,3,52600.0,0.1
T001594,C00200,2024-06-09,Mercado,App,2,21000.0,0.3
T009008,C01194,2025-06-15,Mercado,Tienda,2,34800.0,0.2
T006776,C00896,2024-05-03,Hogar,Tienda,1,162100.0,0.0
T009614,C01286,2025-05-20,Hogar,App,3,92200.0,0.0
T008383,C01112,2024-09-27,Belleza,Web,1,52100.0,0.2
T000377,C00047,2024-06-24,Hogar,Tienda,1,144000.0,0.0
T000671,C00083,2024-03-06,Hogar,Tienda,3,132100.0,0.0
T005652,C00729,2024-08-24,Moda,Tienda,1,128700.0,0.3
T006022,C00781,2025-05-10,Hogar,App,2,60300.0,0.2
T005836,C00755,2024-03-07,Belleza,App,1,80100.0,0.0
T004060,C00520,2023-12-09,Hogar,Web,3,151800.0,0.0
T006116,C00795,2024-04-14,Moda,App,2,182700.0,0.0
T010479,C01408,2023-05-08,Mercado,Web,3,36600.0,0.0
T000648,C00082,2023-07-28,Belleza,Tienda,3,63700.0,0.3
T005284,C00683,2024-04-20,Hogar,Tienda,2,137500.0,0.0
T007084,C00938,2025-01-18,Hogar,Web,1,154300.0,0.0
T005711,C00739,2024-12-05,Hogar,Tienda,1,140500.0,0.0
T005021,C00646,2025-03-01,Mercado,Tienda,3,60500.0,0.0
T003366,C00426,2024-12-05,Mercado,Tienda,2,32600.0,0.0
T006722,C00886,2024-10-06,Hogar,App,3,141700.0,0.0
T006395,C00838,2025-04-09,Mercado,Tienda,3,40700.0,0.0
T002301,C00286,2023-05-18,Moda,Web,2,132800.0,0.3
T004047,C00518,2025-05-27,Hogar,App,1,192900.0,0.0
T009221,C01226,2025-01-29,Mercado,App,1,60400.0,0.2
T009809,C01320,2024-04-07,Belleza,Web,3,90300.0,0.0
T007971,C01055,2025-01-31,Mercado,Web,1,43300.0,0.0
T008844,C01169,2025-03-01,Moda,Web,3,140500.0,0.0
T001344,C00169,2024-10-28,Mercado,Tienda,2,30500.0,0.0
T007170,C00949,2024-03-15,Mercado,Tienda,3,49100.0,0.2
T009791,C01318,2025-04-09,Tecnología,Tienda,2,719100.0,0.0
T009648,C01291,2025-05-17,Hogar,App,3,109500.0,0.0
T003718,C00470,2024-10-03,Mercado,App,3,25600.0,0.0
T008190,C01085,2025-05-25,Hogar,App,1,89200.0,0.0
T010966,C01476,2024-06-20,Mercado,App,1,46400.0,0.1
T007491,C00988,2025-03-22,Tecnología,Tienda,1,920700.0,0.0
T003860,C00486,2024-01-14,Moda,Tienda,2,102400.0,0.0
T006630,C00875,2025-03-12,Moda,Tienda,3,197700.0,0.0
T009386,C01253,2023-12-07,Hogar,Tienda,2,184800.0,0.3
T004245,C00544,2025-03-11,Mercado,App,3,29700.0,0.0
T010163,C01364,2024-12-13,Mercado,Tienda,3,51100.0,0.0
T000054,C00005,2024-06-15,Moda,Tienda,2,144000.0,0.0
T006479,C00850,2024-05-26,Tecnología,Tienda,1,781100.0,0.0
T002144,C00267,2024-04-07,Hogar,Web,1,130200.0,0.0
T004558,C00588,2023-11-19,Mercado,Web,1,68500.0,0.0
T003263,C00414,2025-06-02,Moda,App,3,101300.0,0.1
T010087,C01355,2025-01-03,Mercado,App,3,57400.0,0.0
T006177,C00804,2025-06-08,Mercado,App,3,26400.0,0.0
T004530,C00585,2024-08-30,Belleza,Tienda,1,43900.0,0.0
T004754,C00609,2024-03-22,Mercado,Web,1,56700.0,0.0
T004039,C00518,2025-01-01,Moda,App,3,151000.0,0.0
T010624,C01428,2024-12-13,Moda,Tienda,2,179400.0,0.3
T005477,C00711,2023-06-03,Mercado,App,3,42200.0,0.0
T007782,C01024,2025-02-12,Mercado,Tienda,1,26100.0,0.0
T003630,C00460,2024-04-20,Tecnología,Tienda,2,541400.0,0.3
T005732,C00742,2025-01-01,Belleza,App,3,72700.0,0.0
T008126,C01077,2024-10-23,Hogar,Tienda,1,128600.0,0.0
T008705,C01154,2024-03-24,Moda,Tienda,1,109100.0,0.3
T007720,C01016,2024-01-19,Belleza,Web,3,19600.0,0.1
T005522,C00716,2024-12-05,Moda,Web,1,70400.0,0.3
T008387,C01112,2024-05-17,Mercado,Tienda,2,52500.0,0.0
T009123,C01212,2024-10-11,Mercado,Web,1,37200.0,0.0
T001499,C00189,2024-02-13,Mercado,Tienda,3,47600.0,0.3
T008529,C01129,2023-08-06,Mercado,App,3,55400.0,0.0
T003717,C00470,2025-01-13,Mercado,Tienda,2,38800.0,0.0
T007357,C00971,2024-05-18,Tecnología,Web,1,604200.0,0.0
T003886,C00489,2025-05-14,Hogar,Tienda,3,114700.0,0.0
T005085,C00655,2024-09-21,Mercado,Web,1,35000.0,0.1
T002407,C00303,2023-08-23,Mercado,Tienda,3,33400.0,0.0
T001591,C00200,2024-06-09,Mercado,Tienda,2,33900.0,0.0
T002342,C00291,2024-12-11,Hogar,Web,2,101600.0,0.3
T001327,C00167,2024-09-01,Hogar,Tienda,3,102200.0,0.0
T003316,C00420,2025-06-24,Mercado,Web,1,15300.0,0.0
T002693,C00336,2025-06-08,Mercado,Web,3,49300.0,0.3
T004909,C00634,2023-12-07,Mercado,App,3,24700.0,0.0
T007705,C01014,2024-09-05,Mercado,App,3,47100.0,0.0
T007490,C00988,2024-03-30,Moda,Tienda,1,178100.0,0.0
T000290,C00035,2023-10-06,Moda,App,1,134600.0,0.0
T005790,C00750,2025-04-21,Mercado,Tienda,3,45900.0,0.0
T003889,C00490,2024-12-30,Mercado,App,1,49200.0,0.2
T009354,C01251,2024-08-17,Moda,Tienda,-1,153000.0,0.0
T001536,C00192,2024-12-29,Hogar,Tienda,2,128000.0,0.0
T004804,C00618,2025-02-12,Belleza,Tienda,1,49500.0,0.0
T001471,C00185,2023-08-08,Belleza,App,3,76600.0,0.0
T001112,C00140,2023-11-18,Belleza,App,1,61100.0,0.1
T002947,C00367,2023-07-08,Moda,Web,3,160200.0,0.0
T010336,C01384,2024-10-10,Mercado,Tienda,2,40600.0,0.0
T000751,C00096,2024-06-02,Mercado,Tienda,1,62000.0,0.0
T001682,C00209,2024-06-23,Moda,App,3,118600.0,0.0
T001545,C00193,2023-10-28,Tecnología,Tienda,1,711900.0,0.0
T009896,C01328,2024-06-28,Mercado,Tienda,3,66700.0,0.0
T000166,C00020,2025-06-27,Tecnología,App,2,1012400.0,0.0
T003999,C00509,2025-02-26,Belleza,App,2,119500.0,0.0
T008571,C01133,2024-06-29,Moda,Web,1,146600.0,0.0
T009833,C01321,2025-01-06,Mercado,Web,2,42100.0,0.3
T002458,C00306,2025-05-04,Mercado,Web,1,36400.0,0.1
T000597,C00076,2024-11-13,Moda,Web,2,153000.0,0.0
T005345,C00691,2025-02-13,Moda,Tienda,2,84800.0,0.0
T008483,C01124,2024-11-09,Belleza,Tienda,2,84800.0,0.0
T003531,C00442,2023-09-21,Mercado,Tienda,3,49600.0,0.0
T010842,C01458,2025-03-18,Mercado,Web,3,47600.0,0.0
T004332,C00556,2025-06-23,Belleza,Web,1,87300.0,0.2
T009067,C01203,2024-11-12,Mercado,App,1,39400.0,0.0
T006093,C00791,2024-07-07,Belleza,Tienda,3,45500.0,0.0
T001695,C00211,2024-11-08,Mercado,Tienda,1,49900.0,0.2
T002274,C00284,2023-12-11,Belleza,Tienda,3,78300.0,0.3
T004062,C00520,2025-02-28,Mercado,Tienda,3,39000.0,0.1
T002872,C00359,2024-07-30,Hogar,Tienda,3,87900.0,0.0
T008691,C01152,2025-04-01,Mercado,Tienda,3,52500.0,0.0
T009254,C01235,2025-01-21,Mercado,Web,2,78100.0,0.0
T010893,C01466,2025-02-13,Hogar,App,2,129200.0,0.3
T004788,C00613,2025-02-24,Hogar,Web,3,122200.0,0.0
T009866,C01324,2023-12-20,Mercado,Tienda,1,63200.0,0.3
T000114,C00014,2025-04-27,Hogar,Tienda,3,159300.0,0.2
T001758,C00220,2024-07-23,Mercado,App,1,64200.0,0.0
T001932,C00242,2025-06-13,Mercado,Tienda,2,44700.0,0.0
T009268,C01237,2025-05-24,Mercado,App,1,33100.0,0.0
T001469,C00185,2024-01-25,Belleza,Tienda,1,69600.0,0.0
T009463,C01264,2023-08-22,Mercado,Tienda,1,41100.0,0.0
T009515,C01270,2025-05-28,Mercado,Web,3,38400.0,0.0
T000769,C00099,2024-05-19,Hogar,Tienda,3,139500.0,0.0
T008925,C01179,2024-10-30,Mercado,Tienda,1,46600.0,0.0
T009617,C01287,2023-10-23,Mercado,App,3,41700.0,0.0
T003013,C00377,2025-04-21,Mercado,Tienda,2,46800.0,0.0
T004675,C00600,2024-05-23,Hogar,Web,2,143300.0,0.0
T000398,C00049,2025-02-06,Mercado,Tienda,2,45600.0,0.0
T009695,C01299,2024-06-19,Mercado,App,2,56900.0,0.0
T006020,C00781,2024-05-16,Belleza,Tienda,1,62200.0,0.0
T002958,C00369,2024-10-13,Mercado,Tienda,2,49500.0,0.0
T007797,C01025,2024-09-01,Belleza,Tienda,3,60800.0,0.0
T010309,C01383,2023-11-17,Hogar,Tienda,1,20700.0,0.0
T008913,C01178,2024-03-11,Hogar,Tienda,2,77000.0,0.0
T004831,C00623,2024-04-25,Mercado,App,2,18200.0,0.0
T009061,C01201,2024-04-12,Tecnología,Tienda,3,694800.0,0.3
T006272,C00820,2024-04-29,Moda,Tienda,1,188100.0,0.0
T008643,C01143,2024-09-02,Mercado,Web,1,34300.0,0.0
T004517,C00584,2024-01-07,Tecnología,Tienda,3,442700.0,0.0
T002498,C00313,2024-05-21,Mercado,Tienda,3,62700.0,0.0
T010879,C01464,2024-01-19,Belleza,Tienda,1,67500.0,0.0
T003190,C00404,2024-09-10,Hogar,App,1,92300.0,0.0
T008255,C01097,2024-08-07,Mercado,App,3,20900.0,0.1
T008975,C01189,2024-05-28,Mercado,Web,1,38200.0,0.0
T010993,C01480,2025-05-02,Mercado,Tienda,-1,45900.0,0.0
T008262,C01097,2024-03-18,Mercado,Tienda,1,46000.0,0.0
T009945,C01335,2023-02-20,Belleza,Web,2,77300.0,0.0
T010119,C01359,2024-06-07,Mercado,Web,1,54200.0,0.0
T007459,C00985,2025-04-21,Mercado,Web,1,49200.0,0.2
T006278,C00820,2024-03-02,Hogar,App,3,132500.0,0.0
T006924,C00916,2024-08-17,Mercado,Tienda,2,40200.0,0.0
T003545,C00445,2023-12-28,Moda,Tienda,3,191600.0,0.0
T001399,C00174,2024-12-26,Mercado,App,3,57700.0,0.0
T005804,C00750,2025-06-08,Mercado,Web,3,40000.0,0.0
T009742,C01311,2024-05-15,Mercado,Tienda,3,24000.0,0.0
T004971,C00641,2024-07-13,Mercado,Tienda,3,39600.0,0.0
T010033,C01349,2025-04-07,Moda,App,2,151500.0,0.0
T004031,C00516,2023-06-12,Mercado,Tienda,1,25700.0,0.0
T007764,C01020,2025-06-06,Mercado,Tienda,2,36600.0,0.0
T004352,C00558,2024-02-04,Mercado,App,3,37900.0,0.0
T000200,C00023,2024-11-26,Mercado,Tienda,1,29500.0,0.0
T000036,C00003,2024-06-14,Mercado,Web,1,53300.0,0.0
T000278,C00033,2024-10-18,Tecnología,App,3,592300.0,0.0
T004176,C00533,2024-02-08,Mercado,Tienda,1,58700.0,0.2
T008908,C01177,2024-09-06,Hogar,App,3,98100.0,0.1
T006013,C00779,2023-12-13,Moda,Web,1,190000.0,0.1
T007195,C00951,2025-03-05,Mercado,Web,1,47400.0,0.1
T004853,C00628,2023-09-16,Tecnología,Tienda,1,952700.0,0.0
T006352,C00832,2024-11-05,Mercado,Tienda,3,57100.0,0.3
T006778,C00896,2024-05-04,Belleza,Web,2,79300.0,0.0
T002433,C00305,2025-02-22,Mercado,Web,3,35800.0,0.0
T003365,C00426,2024-06-18,Hogar,Tienda,2,76400.0,0.0
T002147,C00268,2025-02-05,Hogar,App,3,140500.0,0.2
T003994,C00509,2024-10-04,Hogar,Tienda,1,84500.0,0.0
T005696,C00737,2024-06-27,Mercado,Web,3,41600.0,0.0
T009028,C01197,2024-09-11,Hogar,Tienda,1,123400.0,0.0
T010618,C01427,2024-09-01,Moda,Tienda,3,232600.0,0.0
T009773,C01315,2024-05-02,Belleza,Web,1,70900.0,0.0
T007536,C00994,2024-07-08,Mercado,App,1,35300.0,0.0
T002336,C00290,2025-06-04,Mercado,App,1,36300.0,0.0
T007935,C01049,2024-11-18,Mercado,App,2,43600.0,0.3
T006770,C00896,2024-05-21,Hogar,Tienda,2,136200.0,0.0
T000922,C00117,2024-07-23,Hogar,App,3,132500.0,0.0
T000939,C00119,2025-02-11,Hogar,Tienda,1,131800.0,0.0
T003767,C00474,2024-08-10,Mercado,Tienda,3,45400.0,0.0
T001670,C00208,2024-04-08,Mercado,App,2,48100.0,0.0
T004561,C00588,2024-03-11,Mercado,App,3,42600.0,0.3
T006826,C00902,2024-01-02,Moda,Tienda,3,202600.0,0.0
T010895,C01466,2024-04-07,Mercado,Tienda,1,43300.0,0.0
T002154,C00269,2024-06-05,Mercado,Tienda,1,40300.0,0.0
T000065,C00006,2023-11-07,Tecnología,Tienda,1,410700.0,0.0
T007193,C00951,2024-10-06,Hogar,Tienda,2,111200.0,0.0
T007218,C00955,2023-10-03,Mercado,Web,3,46700.0,0.0
T003981,C00505,2025-04-16,Mercado,App,1,43800.0,0.0
T000499,C00062,2024-12-18,Belleza,Tienda,3,73000.0,0.3
T008939,C01182,2025-04-02,Mercado,Tienda,1,61400.0,0.0
T000353,C00044,2024-07-23,Tecnología,App,2,948300.0,0.0
T004741,C00607,2023-12-24,Moda,Web,3,181500.0,0.0
T008756,C01159,2024-08-06,Hogar,Web,1,101300.0,0.1
T005560,C00721,2023-01-15,Belleza,Web,3,72900.0,0.0
T008867,C01173,2023-11-07,Mercado,Tienda,2,43300.0,0.0
T006405,C00840,2024-06-28,Hogar,Tienda,3,107200.0,0.0
T010423,C01397,2023-12-02,Moda,Web,2,152000.0,0.0
T004315,C00553,2024-11-04,Hogar,Web,3,121200.0,0.2
T008945,C01182,2024-04-11,Belleza,Web,1,84200.0,0.0
T000642,C00082,2023-06-18,Tecnología,App,2,483900.0,0.0
T010944,C01473,2025-01-18,Hogar,App,1,84900.0,0.0
T003102,C00390,2025-02-16,Mercado,Tienda,1,21100.0,0.0
T010635,C01431,2024-07-03,Tecnología,Tienda,1,521300.0,0.0
T009215,C01225,2024-06-17,Moda,Tienda,3,166100.0,0.0
T001633,C00205,2024-06-05,Tecnología,App,1,711800.0,0.0
T002003,C00251,2025-03-01,Mercado,Tienda,2,55000.0,0.0
T006775,C00896,2024-05-30,Moda,Tienda,1,124900.0,0.0
T002743,C00340,2025-03-11,Mercado,Tienda,2,47500.0,0.0
T001429,C00178,2024-01-04,Tecnología,Tienda,2,603000.0,0.0
T000764,C00098,2024-12-17,Hogar,Web,3,60500.0,0.0
T008892,C01176,2024-01-10,Hogar,Tienda,3,194100.0,0.0
T007897,C01042,2025-04-06,Mercado,Tienda,3,40600.0,0.0
T008838,C01167,2023-05-12,Mercado,Tienda,1,50900.0,0.3
T009774,C01315,2025-03-25,Moda,App,1,185000.0,0.0
T008061,C01067,2025-05-14,Mercado,Tienda,3,51300.0,0.0
T006250,C00816,2024-04-01,Mercado,Tienda,1,45800.0,0.0
T003604,C00453,2025-05-28,Mercado,Tienda,1,49600.0,0.0
T009659,C01293,2023-09-10,Hogar,App,3,122000.0,0.0
T000958,C00122,2024-11-28,Mercado,Tienda,2,22300.0,0.0
T003585,C00451,2024-12-26,Hogar,App,3,114300.0,0.3
T004945,C00639,2023-12-13,Hogar,Web,2,190000.0,0.0
T008471,C01123,2024-06-09,Belleza,Tienda,2,65900.0,0.0
T004585,C00591,2024-01-27,Mercado,App,3,35200.0,0.0
T000001,C00001,2025-03-05,Moda,Tienda,2,173000.0,0.2
T004029,C00515,2023-12-08,Hogar,Tienda,2,204700.0,0.0
T004599,C00593,2024-01-11,Moda,Tienda,2,143900.0,0.0
T006197,C00809,2024-12-28,Mercado,Tienda,3,17900.0,0.0
T009962,C01338,2024-05-09,Hogar,Tienda,3,133600.0,0.0
T004793,C00615,2025-05-29,Hogar,Tienda,3,180300.0,0.0
T002785,C00346,2025-01-14,Hogar,App,3,104300.0,0.0
T008781,C01161,2024-03-02,Belleza,Tienda,1,65300.0,0.0
T001194,C00153,2024-04-27,Moda,App,1,96600.0,0.0
T003951,C00500,2024-08-09,Mercado,App,1,62500.0,0.0
T010480,C01408,2024-12-17,Moda,Tienda,3,189000.0,0.0
T002376,C00301,2023-10-06,Belleza,Web,2,56800.0,0.0
T006085,C00790,2025-04-27,Mercado,Tienda,2,45400.0,0.0
T006989,C00923,2024-05-07,Mercado,Tienda,2,48900.0,0.0
T002867,C00358,2024-05-10,Mercado,Tienda,1,45000.0,0.3
T000251,C00029,2024-07-22,Mercado,App,3,43200.0,0.0
T005694,C00737,2024-06-17,Tecnología,App,2,720500.0,0.0
T000887,C00114,2024-09-27,Mercado,Tienda,2,54800.0,0.3
T000961,C00123,2025-04-18,Belleza,Tienda,3,73400.0,0.0
T010376,C01392,2025-03-16,Mercado,Tienda,3,25000.0,0.0
T003047,C00382,2024-10-22,Mercado,App,1,51400.0,0.0
T002697,C00337,2025-06-05,Mercado,Tienda,1,34700.0,0.0
T000847,C00109,2024-04-11,Belleza,App,2,63600.0,0.0
T010252,C01377,2025-04-08,Mercado,Tienda,3,41300.0,0.0
T000621,C00080,2025-04-20,Moda,Tienda,2,153700.0,0.0
T002401,C00303,2024-12-31,Mercado,Tienda,2,55000.0,0.0
T004650,C00598,2024-09-12,Mercado,Web,2,55400.0,0.0
T010399,C01395,2024-08-07,Moda,Tienda,3,161500.0,0.0
T010664,C01435,2023-08-13,Hogar,Tienda,1,147300.0,0.0
T003232,C00410,2024-04-23,Belleza,Tienda,3,59200.0,0.0
T007822,C01030,2025-02-18,Hogar,Tienda,2,139500.0,0.3
T002927,C00366,2024-12-08,Hogar,Tienda,3,90000.0,0.0
T003093,C00390,2024-03-25,Mercado,Web,1,60300.0,0.0
T008622,C01140,2023-11-05,Hogar,Tienda,3,124400.0,0.3
T005249,C00677,2025-01-20,Mercado,App,3,45600.0,0.0
T006935,C00917,2024-05-22,Belleza,Web,2,49800.0,0.0
T007349,C00970,2024-08-02,Hogar,App,1,52600.0,0.0
T001615,C00203,2024-03-23,Hogar,Tienda,1,116200.0,0.0
T003067,C00386,2025-03-06,Mercado,Web,3,49300.0,0.0
T000796,C00102,2024-09-14,Hogar,App,1,35100.0,0.0
T001394,C00172,2025-02-16,Tecnología,Tienda,2,738200.0,0.0
T005418,C00703,2024-08-17,Mercado,Tienda,3,46900.0,0.0
T005419,C00703,2024-10-01,Hogar,Tienda,1,141100.0,0.0
T007104,C00941,2024-10-13,Mercado,Web,2,48900.0,0.0
T008624,C01141,2023-07-23,Hogar,Tienda,1,118000.0,0.0
T008228,C01091,2024-03-10,Belleza,Tienda,1,76800.0,0.0
T009071,C01204,2024-02-19,Hogar,App,3,119900.0,0.0
T008997,C01193,2024-09-08,Mercado,App,1,49200.0,0.0
T010874,C01462,2024-01-27,Moda,Tienda,1,180400.0,0.0
T007526,C00993,2024-06-10,Belleza,Tienda,2,80100.0,0.0
T011127,C01499,2025-03-17,Mercado,Tienda,3,34200.0,0.3
T010824,C01456,2023-12-15,Moda,Tienda,2,66700.0,0.1
T006221,C00812,2024-03-29,Hogar,App,3,114400.0,0.0
T005689,C00736,2025-04-19,Mercado,Tienda,3,41100.0,0.2
T005672,C00733,2024-11-23,Mercado,Tienda,3,65000.0,0.2
T009118,C01211,2024-11-22,Moda,Web,1,106900.0,0.0
T006071,C00788,2025-02-14,Tecnología,Tienda,3,616300.0,0.3
T001901,C00237,2024-04-29,Hogar,App,2,128200.0,0.0
T008098,C01073,2025-01-16,Hogar,Web,3,109700.0,0.0
T003928,C00497,2024-05-19,Hogar,Tienda,1,107600.0,0.0
T006875,C00911,2024-03-30,Hogar,Web,2,95400.0,0.0
T004081,C00522,2024-05-20,Belleza,Tienda,2,80100.0,0.0
T003401,C00428,2023-11-02,Hogar,App,3,156800.0,0.0
T005375,C00696,2024-08-01,Hogar,Web,2,72000.0,0.0
T002987,C00371,2023-12-25,Hogar,App,2,145100.0,0.0
T008774,C01160,2023-11-02,Hogar,Tienda,1,82300.0,0.0
T004313,C00553,2025-04-30,Belleza,Tienda,1,71100.0,0.0
T002600,C00324,2025-01-12,Hogar,Tienda,2,190300.0,0.0
T008552,C01132,2025-03-20,Moda,Tienda,3,216000.0,0.0
T002945,C00367,2024-08-05,Moda,App,3,192200.0,0.0
T008777,C01160,2023-11-22,Belleza,Tienda,3,79300.0,0.1
T002812,C00351,2025-06-12,Mercado,Web,1,61500.0,0.3
T004900,C00632,2024-08-29,Moda,Tienda,2,207100.0,0.0
T003184,C00403,2024-11-22,Moda,App,1,146400.0,0.3
T002668,C00333,2023-12-22,Tecnología,Tienda,1,647200.0,0.3
T003101,C00390,2023-07-14,Hogar,Tienda,2,119600.0,0.0
T005877,C00760,2024-02-10,Hogar,Tienda,3,138800.0,0.0
T006328,C00827,2024-03-05,Hogar,Tienda,1,106800.0,0.0
T003680,C00467,2025-04-04,Mercado,Tienda,3,54200.0,0.0
T006508,C00854,2023-09-03,Mercado,Web,3,33100.0,0.3
T006415,C00842,2024-10-11,Mercado,Tienda,2,41400.0,0.2
T005914,C00764,2024-01-20,Belleza,Tienda,3,68300.0,0.0
T001616,C00203,2024-01-23,Tecnología,Tienda,3,881700.0,0.0
T003452,C00434,2024-12-31,Belleza,Tienda,1,115100.0,0.0
T008318,C01102,2024-10-09,Belleza,Web,2,82500.0,0.0
T010604,C01425,2023-09-29,Moda,Tienda,3,218100.0,0.0
T006724,C00887,2023-11-16,Belleza,Web,3,79900.0,0.0
T000509,C00064,2025-04-12,Moda,Tienda,3,215600.0,0.0
T007713,C01015,2025-01-16,Moda,App,2,140300.0,0.0
T004269,C00548,2024-06-01,Mercado,Web,1,28700.0,0.0
T010533,C01413,2025-01-17,Mercado,App,2,42700.0,0.1
T010278,C01380,2024-06-24,Hogar,Tienda,3,180200.0,0.0
T007448,C00983,2024-02-08,Moda,Web,3,130800.0,0.0
T006760,C00896,2024-07-07,Mercado,Web,2,62600.0,0.0
T001654,C00207,2024-09-10,Belleza,Web,2,51700.0,0.0
T008539,C01130,2024-06-17,Mercado,Tienda,3,58200.0,0.0
T002098,C00262,2023-11-28,Belleza,Tienda,-1,66000.0,0.0
T006369,C00835,2024-09-24,Mercado,App,1,62700.0,0.0
T002784,C00346,2024-03-28,Mercado,Web,1,55100.0,0.0
T009085,C01207,2024-10-08,Hogar,App,2,108600.0,0.0
T002319,C00288,2024-01-30,Hogar,Web,3,112100.0,0.0
T001812,C00230,2024-12-31,Mercado,App,3,34000.0,0.0
T001275,C00162,2024-12-16,Mercado,App,1,49400.0,0.0
T004622,C00595,2025-03-19,Mercado,Tienda,1,30400.0,0.0
T002574,C00321,2024-04-09,Belleza,Tienda,3,41400.0,0.0
T009729,C01308,2024-11-07,Moda,Tienda,3,190400.0,0.0
T009942,C01334,2025-01-02,Hogar,Web,2,150700.0,0.0
T004059,C00520,2023-03-19,Belleza,Tienda,1,63400.0,0.1
T004324,C00554,2024-12-07,Hogar,Tienda,3,154000.0,0.0
T001069,C00137,2025-03-28,Mercado,Tienda,3,40800.0,0.0
T009477,C01265,2025-06-29,Mercado,App,3,29200.0,0.0
T003221,C00409,2023-12-22,Hogar,Web,2,55600.0,0.1
T005269,C00680,2024-07-19,Mercado,Web,2,47600.0,0.0
T008732,C01158,2023-10-18,Mercado,App,3,44200.0,0.0
T008268,C01097,2023-06-23,Tecnología,Web,2,323100.0,0.0
T004289,C00551,2023-09-02,Belleza,Web,3,5000.0,0.0
T009461,C01264,2025-01-17,Belleza,App,1,68700.0,0.0
T009410,C01254,2025-03-06,Belleza,Web,3,61800.0,0.0
T005539,C00719,2024-09-08,Tecnología,Tienda,1,478100.0,0.0
T000133,C00015,2024-10-31,Moda,Web,3,147600.0,0.0
T005948,C00768,2024-05-26,Hogar,Tienda,2,122000.0,0.0
T000804,C00102,2024-09-29,Mercado,Tienda,1,62400.0,0.1
T000422,C00051,2024-09-10,Belleza,Tienda,1,60600.0,0.2
T000216,C00025,2023-07-14,Mercado,Tienda,3,40800.0,0.2
T008560,C01133,2024-06-14,Belleza,Tienda,2,61300.0,0.0
T003679,C00465,2024-09-25,Moda,App,1,192400.0,0.0
T001747,C00219,2024-08-06,Tecnología,Tienda,2,656700.0,0.2
T002109,C00264,2024-04-26,Mercado,Tienda,1,62700.0,0.0
T004769,C00612,2023-07-31,Mercado,App,3,50600.0,0.0
T002760,C00342,2025-01-05,Mercado,Web,1,56100.0,0.0
T002356,C00294,2024-06-24,Tecnología,Web,3,691900.0,0.0
T010405,C01396,2023-08-22,Belleza,Tienda,2,68000.0,0.0
T006686,C00882,2024-03-08,Tecnología,Web,1,634800.0,0.1
T004812,C00620,2024-06-20,Hogar,App,2,197600.0,0.0
T008461,C01121,2024-10-31,Tecnología,App,1,718600.0,0.0
T001111,C00140,2024-03-05,Belleza,Tienda,3,59800.0,0.0
T005068,C00652,2024-12-23,Mercado,App,3,22700.0,0.0
T004845,C00626,2024-04-18,Mercado,Web,1,49300.0,0.2
T008578,C01134,2024-02-09,Moda,Web,3,164200.0,0.1
T001733,C00217,2024-08-15,Mercado,App,2,47300.0,0.0
T003865,C00487,2023-07-26,Moda,App,3,154800.0,0.1
T001449,C00183,2024-10-17,Belleza,Tienda,3,81900.0,0.0
T006363,C00834,2025-06-07,Moda,Tienda,3,180300.0,0.0
T009606,C01285,2025-01-06,Belleza,App,3,36700.0,0.0
T001451,C00183,2024-03-15,Hogar,App,3,118200.0,0.1
T000816,C00104,2024-07-16,Hogar,Web,2,71200.0,0.0
T006470,C00850,2025-01-13,Hogar,App,2,132000.0,0.0
T000550,C00069,2024-07-30,Moda,Web,1,114300.0,0.2
T004895,C00632,2025-04-08,Moda,Tienda,2,150700.0,0.0
T002204,C00276,2024-10-18,Hogar,App,2,120300.0,0.0
T001427,C00178,2024-04-26,Moda,App,3,150800.0,0.0
T010141,C01362,2024-08-07,Hogar,Web,2,115100.0,0.0
T009748,C01311,2024-06-23,Tecnología,App,1,371600.0,0.0
T001008,C00131,2024-02-04,Moda,App,3,138800.0,0.0
T007626,C01004,2024-02-28,Mercado,Web,3,52100.0,0.0
T004204,C00537,2023-11-20,Mercado,Tienda,2,63600.0,0.1
T009293,C01242,2025-06-26,Mercado,App,2,34400.0,0.0
T010195,C01370,2025-05-27,Moda,Tienda,1,144300.0,0.0
T000524,C00065,2024-04-12,Mercado,Tienda,1,58300.0,0.0
T007573,C00999,2024-04-19,Hogar,Tienda,2,182000.0,0.0
T010671,C01435,2023-10-17,Moda,App,3,265600.0,0.0
T009145,C01214,2024-09-20,Hogar,App,1,99100.0,0.0
T008352,C01108,2024-05-31,Mercado,Tienda,1,52800.0,0.0
T002189,C00275,2024-09-17,Mercado,Tienda,2,58500.0,0.0
T003474,C00435,2023-11-02,Mercado,App,1,22200.0,0.0
T010550,C01416,2025-03-28,Mercado,Tienda,3,40200.0,0.1
T005271,C00680,2024-06-22,Belleza,App,3,50900.0,0.0
T001796,C00228,2024-12-27,Mercado,App,3,25700.0,0.1
T010885,C01465,2023-10-31,Mercado,Tienda,3,35900.0,0.0
T007126,C00942,2024-03-13,Mercado,Tienda,1,54100.0,0.0
T006563,C00866,2024-09-29,Belleza,App,3,46000.0,0.0
T005963,C00771,2024-10-20,Moda,Tienda,2,177700.0,0.0
T003847,C00484,2025-01-30,Mercado,Tienda,2,24100.0,0.0
T000323,C00040,2024-03-26,Moda,Tienda,3,157800.0,0.0
T006692,C00882,2023-10-13,Moda,Tienda,2,128700.0,0.3
T008265,C01097,2024-03-03,Mercado,App,2,55300.0,0.0
T008261,C01097,2023-11-15,Mercado,Tienda,1,57600.0,0.0
T010378,C01392,2023-10-14,Mercado,Tienda,2,57700.0,0.0
T009487,C01267,2023-10-21,Mercado,Tienda,3,53800.0,0.0
T005092,C00656,2025-04-21,Hogar,Tienda,3,84800.0,0.1
T001304,C00165,2024-09-29,Mercado,Tienda,2,35600.0,0.0
T009291,C01242,2025-02-16,Tecnología,App,3,820000.0,0.0
T010186,C01368,2024-07-23,Moda,App,2,190300.0,0.0
T002895,C00362,2024-07-25,Tecnología,Tienda,2,380600.0,0.0
T008555,C01132,2025-03-31,Mercado,Tienda,1,40600.0,0.0
T004865,C00630,2023-12-20,Hogar,Tienda,3,73500.0,0.0
T010427,C01398,2023-10-17,Mercado,App,3,40400.0,0.0
T004198,C00536,2023-09-19,Mercado,Web,3,60000.0,0.3
T004082,C00523,2023-11-06,Mercado,Tienda,1,25000.0,0.1
T005490,C00713,2024-12-01,Mercado,Tienda,2,21900.0,0.0
T010204,C01370,2025-02-07,Tecnología,App,1,600900.0,0.1
T001490,C00187,2024-04-02,Mercado,Tienda,1,35300.0,0.0
T002220,C00279,2024-05-15,Mercado,Tienda,2,34600.0,0.2
T004479,C00579,2024-01-30,Tecnología,Tienda,3,261200.0,0.0
T003210,C00407,2023-12-05,Mercado,App,3,51000.0,0.0
T002661,C00333,2023-07-01,Mercado,Web,1,58400.0,0.0
T008054,C01065,2024-07-28,Belleza,Tienda,2,104100.0,0.0
T009109,C01209,2024-01-21,Mercado,App,2,52500.0,0.0
T002485,C00311,2025-04-08,Mercado,Tienda,3,42700.0,0.0
T008213,C01088,2024-09-08,Moda,App,1,142800.0,0.0
T009141,C01214,2024-01-03,Mercado,Web,2,52000.0,0.0
T007941,C01050,2024-05-13,Mercado,Tienda,1,47300.0,0.0
T006684,C00882,2024-03-22,Mercado,Web,2,58000.0,0.0
T000882,C00114,2024-09-13,Hogar,Web,1,116700.0,0.0
T006224,C00812,2024-12-08,Moda,App,1,87300.0,0.0
T005505,C00714,2024-02-09,Moda,Tienda,3,218000.0,0.0
T009338,C01249,2025-03-05,Belleza,Tienda,3,78200.0,0.1
T001108,C00140,2024-04-05,Hogar,App,2,131200.0,0.0
T001408,C00175,2024-02-18,Mercado,App,2,42200.0,0.0
T006607,C00871,2024-02-22,Hogar,Tienda,1,86900.0,0.3
T006772,C00896,2024-04-26,Tecnología,App,2,686100.0,0.0
T008919,C01178,2024-03-11,Hogar,Tienda,3,188300.0,0.0
T005027,C00647,2024-07-28,Belleza,App,1,53300.0,0.0
T004275,C00549,2024-10-17,Belleza,App,2,84300.0,0.3
T005220,C00674,2025-03-28,Moda,App,3,109100.0,0.2
T009921,C01332,2024-04-13,Moda,Tienda,2,95500.0,0.0
T001064,C00136,2024-06-25,Belleza,Tienda,1,74000.0,0.0
T004135,C00529,2023-08-11,Tecnología,Tienda,1,784900.0,0.0
T010151,C01363,2023-06-09,Mercado,Web,3,27400.0,0.0
T008842,C01168,2024-10-05,Belleza,Web,3,85300.0,0.0
T005812,C00753,2023-09-04,Tecnología,App,3,340600.0,0.0
T000123,C00015,2025-04-07,Moda,App,1,189000.0,0.0
T003980,C00505,2025-06-10,Belleza,App,1,72800.0,0.0
T002207,C00276,2024-11-16,Tecnología,App,1,818600.0,0.0
T005426,C00705,2024-06-08,Mercado,Tienda,1,59000.0,0.0
T004451,C00572,2024-02-20,Hogar,App,2,180400.0,0.0
T006185,C00805,2025-01-27,Mercado,Tienda,3,36700.0,0.0
T004338,C00556,2024-05-20,Hogar,Tienda,2,129400.0,0.0
T005401,C00701,2024-08-18,Mercado,Tienda,1,35600.0,0.3
T007184,C00951,2024-10-23,Moda,Tienda,3,248200.0,0.0
T006375,C00836,2024-08-13,Tecnología,Tienda,1,743300.0,0.0
T004146,C00529,2023-09-20,Mercado,Tienda,1,46800.0,0.0
T009858,C01324,2024-09-03,Mercado,Tienda,3,42300.0,0.0
T006247,C00816,2024-06-14,Mercado,Tienda,1,44800.0,0.0
T007815,C01028,2025-02-20,Mercado,Web,1,59800.0,0.3
T009231,C01229,2024-12-03,Mercado,Tienda,3,24200.0,0.0
T004175,C00533,2024-07-18,Mercado,Web,1,63000.0,0.1
T004278,C00550,2023-08-13,Hogar,Tienda,3,159300.0,0.0
T001309,C00165,2023-08-17,Hogar,Tienda,3,42300.0,0.0
T002202,C00276,2025-05-28,Belleza,App,3,80000.0,0.0
T008019,C01061,2023-06-07,Hogar,Web,2,81900.0,0.0
T007450,C00984,2025-05-18,Hogar,App,1,142600.0,0.1
T000932,C00119,2025-02-28,Mercado,App,3,36500.0,0.1
T000465,C00057,2024-09-12,Belleza,App,1,47700.0,0.0
T010107,C01359,2024-11-20,Hogar,Tienda,2,137900.0,0.0
T000460,C00057,2024-06-16,Mercado,App,3,68000.0,0.0
T001498,C00189,2024-11-05,Tecnología,Tienda,3,517500.0,0.3
T005776,C00749,2025-06-10,Mercado,Tienda,2,71400.0,0.0
T008173,C01084,2024-05-17,Tecnología,Tienda,1,565200.0,0.0
T004790,C00614,2024-02-21,Moda,App,3,133900.0,0.3
T003082,C00388,2024-08-21,Mercado,Web,2,22300.0,0.2
T003086,C00389,2025-01-07,Hogar,App,1,154400.0,0.0
T007509,C00990,2024-07-03,Mercado,App,2,34900.0,0.2
T007398,C00976,2023-05-27,Belleza,Tienda,2,114300.0,0.0
T002719,C00338,2025-04-21,Belleza,App,2,48600.0,0.0
T002608,C00325,2025-06-14,Mercado,Tienda,2,52000.0,0.0
T003765,C00474,2024-06-11,Moda,App,1,115400.0,0.3
T005668,C00731,2024-03-02,Tecnología,App,3,1008100.0,0.0
T003581,C00451,2025-03-29,Tecnología,Tienda,3,547300.0,0.0
T003413,C00429,2024-02-20,Moda,App,3,106300.0,0.0
T005774,C00748,2023-06-27,Tecnología,Tienda,1,472400.0,0.1
T004012,C00511,2024-02-20,Belleza,Tienda,1,57000.0,0.0
T003597,C00452,2023-12-23,Tecnología,App,3,805100.0,0.0
T003827,C00483,2025-01-12,Moda,Tienda,1,232900.0,0.0
T001623,C00204,2024-10-07,Mercado,Web,1,52700.0,0.0
T001151,C00145,2024-02-03,Mercado,Tienda,1,55200.0,0.0
T001063,C00136,2024-08-12,Mercado,Web,2,65700.0,0.0
T010969,C01476,2024-07-13,Mercado,Web,2,40000.0,0.0
T005189,C00671,2025-04-28,Hogar,Web,3,105300.0,0.0
T002043,C00257,2024-06-29,Moda,App,3,219200.0,0.0
T002977,C00371,2023-06-15,Hogar,Tienda,1,117800.0,0.0
T004320,C00553,2025-03-05,Mercado,Tienda,3,30200.0,0.0
T002200,C00275,2024-11-01,Moda,Web,1,120100.0,0.0
T007800,C01026,2024-12-08,Mercado,App,3,34900.0,0.0
T004259,C00547,2023-04-11,Hogar,Tienda,1,33400.0,0.0
T001163,C00146,2024-12-05,Belleza,App,2,35000.0,0.2
T003621,C00458,2023-11-30,Mercado,Web,3,37600.0,0.0
T008896,C01177,2023-07-25,Tecnología,Tienda,1,753800.0,0.0
T008886,C01176,2023-09-20,Hogar,App,1,100800.0,0.0
T009502,C01268,2025-06-06,Belleza,Tienda,1,60900.0,0.1
T009616,C01287,2024-08-23,Belleza,Web,1,27000.0,0.0
T007938,C01049,2024-10-02,Mercado,Tienda,3,47500.0,0.0
T009191,C01222,2023-11-24,Mercado,Tienda,2,18700.0,0.2
T002218,C00279,2024-05-17,Moda,Tienda,1,156000.0,0.2
T004602,C00593,2024-01-22,Hogar,Tienda,3,73100.0,0.0
T008738,C01158,2024-07-10,Hogar,App,2,159900.0,0.2
T000020,C00002,2024-05-01,Hogar,App,3,77100.0,0.0
T007481,C00987,2025-03-13,Moda,App,1,151100.0,0.0
T004376,C00563,2024-10-25,Mercado,Tienda,3,24100.0,0.0
T006769,C00896,2024-05-30,Mercado,App,2,24000.0,0.0
T001778,C00224,2025-01-01,Mercado,App,2,62400.0,0.0
T002184,C00274,2024-02-03,Mercado,App,1,55000.0,0.0
T006477,C00850,2024-10-18,Tecnología,Tienda,3,569000.0,0.1
T000210,C00024,2024-10-31,Mercado,App,3,40500.0,0.0
T009248,C01233,2025-04-01,Tecnología,Tienda,2,782500.0,0.0
T006614,C00873,2024-12-19,Moda,Web,2,160300.0,0.2
T010218,C01373,2024-12-11,Moda,Tienda,2,151000.0,0.2
T000219,C00025,2023-05-05,Moda,Tienda,1,169600.0,0.1
T010499,C01410,2024-08-23,Mercado,Web,3,58200.0,0.2
T000777,C00100,2024-07-19,Moda,App,3,33400.0,0.0
T006167,C00802,2024-02-23,Moda,Web,3,220400.0,0.0
T010493,C01410,2024-09-06,Moda,App,3,166500.0,0.0
T005102,C00659,2025-06-24,Moda,App,2,162800.0,0.0
T001428,C00178,2025-02-18,Mercado,App,2,36800.0,0.0
T001170,C00147,2025-01-24,Mercado,Tienda,3,46200.0,0.0
T007719,C01016,2025-01-24,Belleza,Web,1,88100.0,0.0
T000983,C00129,2025-04-17,Mercado,Tienda,2,48600.0,0.1
T001440,C00181,2023-12-13,Belleza,App,1,60700.0,0.0
T004163,C00532,2024-08-16,Mercado,Tienda,3,32200.0,0.0
T003584,C00451,2025-02-05,Moda,App,2,116500.0,0.0
T010350,C01387,2024-08-29,Tecnología,Tienda,2,859700.0,0.3
T004425,C00570,2024-07-08,Hogar,Web,3,108400.0,0.0
T000969,C00125,2024-08-14,Moda,Web,2,138400.0,0.0
T001329,C00168,2024-09-29,Mercado,App,2,55600.0,0.0
T007614,C01003,2025-04-17,Mercado,App,2,63100.0,0.0
T000100,C00011,2024-05-05,Mercado,App,2,73200.0,0.0
T007692,C01014,2024-12-07,Mercado,App,2,43700.0,0.3
T008936,C01182,2025-05-28,Hogar,App,2,79500.0,0.0
T007108,C00941,2025-06-24,Mercado,Web,3,61100.0,0.3
T007200,C00952,2025-01-13,Belleza,App,1,60800.0,0.2
T011093,C01495,2025-02-10,Hogar,Tienda,1,88300.0,0.2
T001641,C00206,2023-06-05,Hogar,Tienda,3,158600.0,0.0
T010586,C01421,2024-10-21,Moda,Tienda,3,169000.0,0.0
T004373,C00562,2024-04-10,Hogar,Web,2,137200.0,0.0
T001070,C00137,2024-04-12,Hogar,Tienda,1,114300.0,0.0
T001043,C00135,2024-05-22,Moda,Tienda,1,212900.0,0.0
T007733,C01017,2024-07-29,Belleza,Tienda,1,62900.0,0.0
T006113,C00794,2024-06-03,Mercado,App,1,50300.0,0.0
T006690,C00882,2024-04-06,Mercado,App,2,36500.0,0.0
T004188,C00535,2024-09-17,Mercado,Tienda,1,30100.0,0.0
T000588,C00075,2024-03-18,Mercado,Tienda,3,11900.0,0.2
T003611,C00455,2023-11-30,Belleza,Web,3,85600.0,0.3
T006645,C00876,2024-02-10,Hogar,Tienda,3,80100.0,0.2
T001379,C00172,2023-11-06,Mercado,Tienda,1,62700.0,0.1
T006785,C00897,2025-06-27,Mercado,Tienda,1,44500.0,0.1
T005791,C00750,2024-05-12,Mercado,App,2,37100.0,0.0
T010669,C01435,2024-06-21,Hogar,Tienda,1,86500.0,0.0
T009373,C01253,2024-10-26,Moda,Web,1,105900.0,0.0
T000982,C00129,2024-10-13,Mercado,Web,1,53000.0,0.0
T009300,C01243,2024-07-13,Mercado,Tienda,1,55900.0,0.0
T000788,C00101,2025-02-09,Mercado,Web,2,42400.0,0.0
T000923,C00118,2025-01-30,Moda,App,2,112200.0,0.0
T007256,C00960,2024-09-25,Belleza,Tienda,1,82900.0,0.0
T008090,C01071,2025-03-07,Mercado,Web,1,66700.0,0.0
T005556,C00721,2024-05-26,Belleza,Web,1,81100.0,0.0
T006287,C00821,2024-05-20,Belleza,Tienda,2,54700.0,0.0
T003486,C00436,2025-02-02,Tecnología,App,3,402800.0,0.0
T004763,C00610,2025-04-13,Belleza,App,2,58600.0,0.3
T009035,C01198,2025-02-02,Mercado,Tienda,3,43600.0,0.0
T005073,C00653,2025-03-19,Mercado,Tienda,3,46600.0,0.1
T008610,C01137,2023-01-17,Mercado,Tienda,1,22000.0,0.0
T006509,C00854,2023-12-08,Belleza,App,2,74300.0,0.0
T009377,C01253,2024-09-04,Belleza,App,2,74300.0,0.0
T002188,C00274,2024-03-06,Moda,Web,1,99100.0,0.0
T000347,C00044,2024-09-25,Hogar,Tienda,3,137900.0,0.0
T004510,C00584,2025-03-31,Belleza,App,2,102400.0,0.0
T006358,C00833,2023-11-02,Mercado,App,1,52500.0,0.0
T002594,C00323,2025-03-29,Belleza,Tienda,2,29700.0,0.0
T003470,C00435,2023-02-09,Mercado,App,2,49300.0,0.2
T004411,C00568,2023-11-15,Hogar,Tienda,2,99900.0,0.0
T001299,C00165,2023-02-23,Belleza,Tienda,1,50600.0,0.0
T000361,C00045,2024-05-29,Belleza,Web,1,22100.0,0.0
T007375,C00973,2025-03-23,Hogar,Tienda,1,163700.0,0.0
T003310,C00419,2025-03-21,Mercado,Web,3,32400.0,0.3
T002671,C00333,2025-01-05,Moda,Tienda,3,183100.0,0.0
T007632,C01005,2025-03-04,Moda,Web,2,215500.0,0.0
T007529,C00994,2023-09-26,Moda,Web,1,84200.0,0.0
T004294,C00552,2024-08-04,Tecnología,App,2,1074900.0,0.0
T009389,C01254,2025-05-05,Belleza,Tienda,1,22600.0,0.0
T003240,C00410,2024-05-16,Mercado,Tienda,1,38800.0,0.1
T001644,C00206,2023-09-20,Mercado,Web,1,60400.0,0.1
T008987,C01192,2024-10-15,Moda,Tienda,2,125000.0,0.0
T004018,C00512,2025-03-25,Mercado,Web,1,39200.0,0.0
T002726,C00339,2024-05-15,Hogar,Web,2,140900.0,0.0
T002959,C00369,2025-01-09,Mercado,Tienda,2,59800.0,0.0
T003454,C00434,2024-07-20,Mercado,Tienda,3,41200.0,0.0
T009024,C01195,2023-10-07,Belleza,Tienda,3,28100.0,0.0
T005460,C00709,2024-09-21,Belleza,Web,2,19700.0,0.0
T000628,C00080,2023-11-29,Hogar,App,3,127700.0,0.2
T002288,C00285,2024-08-27,Mercado,Tienda,2,38000.0,0.0
T009267,C01237,2023-10-08,Moda,App,2,128600.0,0.0
T000880,C00114,2024-07-02,Hogar,Tienda,2,149900.0,0.0
T007469,C00987,2025-01-01,Tecnología,Tienda,1,583000.0,0.2
T000558,C00070,2023-06-28,Hogar,Tienda,2,176600.0,0.0
T002725,C00339,2024-08-31,Tecnología,App,1,295700.0,0.0
T002715,C00338,2024-09-16,Tecnología,Web,2,780100.0,0.2
T009444,C01260,2024-03-25,Belleza,Tienda,1,87800.0,0.0
T008482,C01124,2024-07-07,Tecnología,App,2,886500.0,0.0
T006047,C00785,2025-05-29,Mercado,Tienda,1,40100.0,0.0
T000469,C00059,2024-02-27,Moda,App,2,157000.0,0.0
T000152,C00018,2024-07-01,Mercado,Tienda,3,32900.0,0.2
T006596,C00869,2023-09-29,Belleza,Tienda,3,75300.0,0.0
T010058,C01353,2023-04-21,Hogar,Tienda,2,114500.0,0.0
T008585,C01136,2024-12-30,Tecnología,Tienda,2,875500.0,0.1
T004151,C00530,2025-03-04,Mercado,Tienda,1,25900.0,0.0
T008776,C01160,2024-03-07,Mercado,Tienda,3,47300.0,0.0
T007550,C00995,2024-11-14,Moda,Web,3,156200.0,0.0
T001534,C00192,2025-01-16,Mercado,Web,3,46000.0,0.0
T007260,C00960,2024-10-13,Mercado,Tienda,1,56300.0,0.0
T005744,C00744,2025-01-30,Belleza,App,2,83600.0,0.0
T005547,C00720,2025-05-18,Hogar,App,1,111600.0,0.0
T009249,C01234,2024-08-17,Mercado,Web,1,51700.0,0.1
T007697,C01014,2025-04-19,Mercado,Tienda,1,49000.0,0.0
T000897,C00115,2024-07-15,Belleza,App,2,42200.0,0.0
T001048,C00136,2025-03-01,Hogar,Tienda,1,143500.0,0.1
T005870,C00760,2025-03-03,Mercado,App,3,40500.0,0.1
T002837,C00356,2023-12-09,Mercado,Tienda,2,32500.0,0.0
T007339,C00968,2024-07-08,Belleza,Tienda,2,101500.0,0.0
T004927,C00637,2024-05-09,Hogar,Tienda,2,122400.0,0.0
T007034,C00930,2024-05-04,Mercado,App,2,42100.0,0.2
T009210,C01225,2024-04-21,Mercado,App,1,58500.0,0.0
T007810,C01028,2024-10-09,Belleza,Tienda,2,57800.0,0.0
T007926,C01048,2023-10-28,Hogar,Web,1,142300.0,0.0
T007986,C01056,2023-08-06,Belleza,Tienda,2,73100.0,0.0
T006620,C00873,2023-10-19,Mercado,Tienda,3,60200.0,0.0
T009838,C01321,2025-01-20,Belleza,Tienda,1,64900.0,0.0
T003000,C00374,2025-01-13,Mercado,Tienda,1,17500.0,0.0
T007231,C00957,2024-10-28,Mercado,Web,1,31800.0,0.0
T010045,C01351,2025-03-04,Moda,App,2,133900.0,0.0
T009361,C01252,2023-09-10,Belleza,Tienda,2,93600.0,0.0
T010815,C01455,2024-08-11,Mercado,Tienda,1,60500.0,0.0
T010831,C01456,2025-05-24,Mercado,Tienda,2,59800.0,0.3
T001393,C00172,2023-04-23,Hogar,Tienda,2,125300.0,0.0
T005939,C00768,2024-04-11,Belleza,Tienda,2,24600.0,0.2
T001378,C00172,2025-02-08,Belleza,Tienda,2,61600.0,0.0
T009537,C01273,2024-06-23,Hogar,Web,3,236100.0,0.0
T005777,C00749,2024-12-14,Mercado,App,3,32000.0,0.1
T000715,C00091,2024-02-07,Mercado,Tienda,3,36200.0,0.0
T011080,C01493,2023-09-30,Moda,Tienda,3,84000.0,0.0
T009979,C01341,2023-09-04,Mercado,Tienda,3,57300.0,0.0
T010549,C01416,2024-03-30,Mercado,App,3,44600.0,0.0
T007236,C00957,2024-04-03,Moda,Web,2,163400.0,0.1
T001516,C00190,2024-12-22,Mercado,App,3,27600.0,0.0
T003570,C00449,2025-06-12,Belleza,Web,1,64300.0,0.0
T004070,C00521,2023-09-27,Mercado,Tienda,1,36200.0,0.0
T008718,C01157,2025-03-10,Belleza,Web,2,69300.0,0.0
T002772,C00344,2024-04-12,Tecnología,App,3,365700.0,0.0
T001919,C00240,2025-04-13,Moda,Tienda,1,143600.0,0.0
T007169,C00948,2024-05-06,Moda,Tienda,1,97700.0,0.0
T002716,C00338,2025-01-29,Mercado,Tienda,3,32500.0,0.0
T008088,C01071,2025-02-23,Hogar,App,1,109800.0,0.1
T005921,C00766,2025-02-11,Moda,App,3,137500.0,0.0
T004015,C00511,2024-04-02,Hogar,Web,3,93000.0,0.0
T008626,C01141,2025-01-12,Hogar,App,3,74400.0,0.0
T001365,C00170,2023-08-25,Moda,Tienda,3,135300.0,0.0
T003347,C00424,2024-05-17,Belleza,Tienda,3,47100.0,0.0
T005977,C00773,2024-07-14,Mercado,Tienda,3,55500.0,0.0
T004216,C00538,2025-03-21,Belleza,App,1,,0.2
T001093,C00139,2024-12-24,Moda,App,1,79800.0,0.0
T004436,C00570,2024-07-31,Mercado,Tienda,3,76300.0,0.0
T003738,C00472,2025-06-07,Belleza,Tienda,3,78500.0,0.0
T000598,C00076,2024-08-28,Hogar,Web,3,142100.0,0.1
T001897,C00237,2024-05-22,Mercado,App,3,56400.0,0.0
T006871,C00909,2024-04-05,Mercado,Tienda,2,30400.0,0.0
T010627,C01429,2024-07-25,Mercado,Web,1,40000.0,0.0
T010535,C01413,2024-12-12,Moda,Tienda,3,78400.0,0.1
T000721,C00092,2024-07-18,Mercado,App,2,23800.0,0.0
T010001,C01345,2024-07-16,Hogar,Tienda,1,124500.0,0.0
T000150,C00018,2024-06-11,Moda,Web,2,143800.0,0.0
T008793,C01163,2024-04-27,Hogar,Tienda,1,115400.0,0.0
T009620,C01288,2024-09-17,Mercado,Web,1,37200.0,0.3
T000561,C00071,2024-12-21,Tecnología,Web,2,785200.0,0.0
T006835,C00904,2024-07-30,Hogar,Tienda,1,138600.0,0.0
T002992,C00372,2025-06-08,Hogar,Tienda,1,142800.0,0.0
T001659,C00207,2024-08-18,Mercado,Web,3,35500.0,0.0
T007908,C01045,2023-08-07,Mercado,Tienda,1,30800.0,0.0
T003903,C00493,2024-02-14,Tecnología,Tienda,1,664500.0,0.0
T004621,C00595,2025-03-28,Belleza,App,1,92900.0,0.0
T003478,C00435,2025-06-01,Mercado,Tienda,1,48600.0,0.1
T007667,C01011,2024-01-17,Moda,Tienda,3,256600.0,0.0
T010611,C01426,2025-05-06,Tecnología,App,2,725300.0,0.0
T009349,C01249,2024-06-24,Tecnología,App,2,902000.0,0.0
T004040,C00518,2025-04-03,Mercado,Tienda,1,40600.0,0.2
T007966,C01054,2023-09-30,Moda,Web,1,125800.0,0.0
T005274,C00680,2024-06-16,Hogar,Tienda,1,159000.0,0.0
T004447,C00572,2023-10-06,Mercado,Web,2,32600.0,0.0
T007575,C01000,2023-10-18,Moda,App,3,56800.0,0.0
T007223,C00955,2023-12-19,Mercado,App,2,42200.0,0.2
T000979,C00129,2025-05-04,Mercado,Tienda,1,51600.0,0.0
T010391,C01393,2024-06-05,Hogar,Tienda,-1,126000.0,0.0
T001975,C00248,2024-04-07,Belleza,Tienda,1,47200.0,0.0
T008659,C01146,2024-02-18,Mercado,Web,1,46700.0,0.0
T006650,C00876,2024-01-19,Moda,Tienda,1,96600.0,0.0
T011019,C01482,2024-12-23,Mercado,Tienda,1,38600.0,0.0
T004214,C00538,2024-08-31,Hogar,App,1,144300.0,0.0
T010022,C01348,2024-11-13,Tecnología,Tienda,2,643600.0,0.1
T000773,C00100,2024-07-06,Moda,Tienda,3,180400.0,0.1
T003262,C00414,2025-02-01,Mercado,Tienda,3,29300.0,0.0
T002195,C00275,2024-03-13,Mercado,Web,3,59700.0,0.0
T004471,C00577,2024-03-26,Mercado,App,2,36600.0,0.3
T004550,C00587,2024-06-20,Tecnología,Tienda,3,907900.0,0.0
T007793,C01025,2025-02-27,Hogar,App,1,30600.0,0.0
T010005,C01345,2024-07-19,Mercado,Tienda,2,42400.0,0.0
T003624,C00459,2024-12-29,Hogar,Tienda,3,121700.0,0.0
T000366,C00046,2025-03-20,Hogar,App,2,80600.0,0.2
T005157,C00668,2025-02-05,Moda,Tienda,3,191000.0,0.0
T004003,C00510,2023-08-12,Moda,Tienda,3,144800.0,0.0
T003230,C00410,2025-05-27,Hogar,Web,3,130700.0,0.0
T005380,C00697,2023-11-11,Mercado,Tienda,1,56900.0,0.1
T008053,C01065,2023-12-22,Tecnología,App,3,394200.0,0.3
T010820,C01456,2024-06-09,Mercado,Tienda,3,59800.0,0.1
T007374,C00973,2024-12-04,Moda,App,3,94900.0,0.3
T009358,C01252,2025-06-12,Hogar,App,2,131500.0,0.0
T010128,C01361,2023-10-06,Mercado,Tienda,2,34100.0,0.0
T004525,C00584,2024-12-10,Belleza,App,1,59300.0,0.3
T008930,C01180,2024-05-22,Hogar,Tienda,2,58600.0,0.2
T003223,C00409,2024-02-23,Mercado,Tienda,3,50500.0,0.0
T005278,C00683,2024-08-17,Hogar,App,1,147000.0,0.0
T003878,C00488,2024-08-10,Mercado,App,1,54200.0,0.0
T007579,C01000,2024-06-08,Moda,Web,2,145500.0,0.0
T001732,C00217,2024-08-18,Moda,Tienda,1,71600.0,0.0
T007714,C01015,2023-10-15,Moda,Web,1,161100.0,0.0
T002148,C00268,2025-05-12,Belleza,Tienda,1,39500.0,0.0
T000446,C00055,2024-06-09,Mercado,App,3,69700.0,0.0
T004664,C00599,2025-03-25,Mercado,Tienda,2,52500.0,0.0
T011039,C01486,2024-12-19,Hogar,Tienda,1,110500.0,0.3
T004437,C00570,2024-08-02,Belleza,Tienda,1,46000.0,0.3
T006111,C00794,2024-11-15,Hogar,Tienda,2,73000.0,0.0
T002529,C00317,2025-01-03,Mercado,Tienda,1,57900.0,0.0
T004139,C00529,2025-04-06,Mercado,Tienda,2,63200.0,0.0
T004998,C00644,2024-08-30,Belleza,Web,2,66400.0,0.0
T005803,C00750,2025-05-05,Moda,Tienda,2,202200.0,0.0
T011068,C01491,2024-03-22,Mercado,App,2,26800.0,0.0
T009985,C01342,2025-02-05,Mercado,App,1,31500.0,0.0
T008339,C01105,2025-02-05,Hogar,Tienda,3,171500.0,0.0
T001333,C00169,2024-07-25,Mercado,Tienda,3,29300.0,0.0
T004572,C00589,2024-08-07,Hogar,Tienda,1,96200.0,0.0
T009161,C01218,2024-07-22,Tecnología,Web,2,569900.0,0.0
T008616,C01138,2025-01-03,Mercado,App,3,32400.0,0.3
T009409,C01254,2025-01-08,Moda,Tienda,1,181900.0,0.3
T005570,C00721,2024-06-05,Mercado,Tienda,2,48200.0,0.0
T000540,C00067,2025-01-20,Mercado,App,1,41400.0,0.2
T007411,C00978,2024-07-23,Mercado,Tienda,1,34000.0,0.0
T000599,C00077,2024-01-30,Tecnología,App,3,638700.0,0.0
T003174,C00402,2024-02-12,Hogar,Web,1,63000.0,0.0
T004689,C00600,2023-05-06,Moda,Tienda,2,129000.0,0.0
T003384,C00427,2025-02-05,Hogar,App,1,169900.0,0.0
T003429,C00432,2025-06-27,Belleza,Tienda,2,65000.0,0.0
T010839,C01457,2024-06-07,Hogar,Tienda,3,99400.0,0.0
T006511,C00855,2024-06-07,Hogar,Tienda,1,128900.0,0.0
T005478,C00711,2024-09-16,Moda,Tienda,2,239900.0,0.1
T002487,C00311,2024-07-05,Belleza,Web,3,74700.0,0.0
T004379,C00564,2024-04-24,Mercado,Web,3,72700.0,0.0
T002525,C00317,2023-07-10,Mercado,App,2,40200.0,0.0
T010612,C01426,2024-11-03,Moda,Tienda,2,178300.0,0.2
T004676,C00600,2025-04-21,Mercado,Web,2,35200.0,0.0
T006114,C00794,2024-12-29,Mercado,Tienda,3,32800.0,0.0
T010366,C01389,2024-12-27,Belleza,App,2,60800.0,0.2
T002712,C00338,2025-02-20,Moda,Tienda,1,130800.0,0.0
T006979,C00921,2025-03-04,Hogar,App,2,124800.0,0.0
T006661,C00878,2025-01-23,Hogar,Tienda,3,102400.0,0.0
T010059,C01353,2024-12-26,Belleza,App,3,96600.0,0.3
T009888,C01327,2025-03-10,Mercado,Web,2,54300.0,0.0
T000039,C00003,2023-08-19,Hogar,Tienda,3,131100.0,0.0
T010690,C01438,2024-05-24,Mercado,App,2,47000.0,0.0
T003055,C00383,2024-06-18,Hogar,Tienda,3,78200.0,0.0
T004295,C00552,2024-08-10,Belleza,Tienda,2,77500.0,0.0
T007699,C01014,2025-06-14,Mercado,App,1,45000.0,0.0
T010414,C01397,2023-12-14,Mercado,App,1,35500.0,0.1
T010587,C01421,2023-09-08,Tecnología,Tienda,1,830800.0,0.0
T007752,C01018,2025-04-25,Tecnología,Tienda,2,559900.0,0.3
T006655,C00877,2024-10-23,Mercado,Web,-1,49500.0,0.0
T006872,C00910,2023-05-24,Moda,Web,2,205400.0,0.0
T000271,C00032,2023-11-15,Mercado,Tienda,2,58700.0,0.0
T002013,C00252,2023-10-07,Mercado,Tienda,1,,0.0
T010303,C01382,2024-04-30,Moda,Tienda,1,152100.0,0.0
T009042,C01199,2025-02-27,Mercado,App,1,41600.0,0.0
T006252,C00817,2025-06-26,Hogar,Tienda,1,76500.0,0.0
T005864,C00759,2023-12-22,Mercado,App,3,53600.0,0.0
T006304,C00823,2024-06-24,Hogar,Tienda,2,105700.0,0.0
T002931,C00366,2025-02-17,Hogar,Tienda,2,146600.0,0.0
T007497,C00988,2025-05-21,Moda,Tienda,1,103500.0,0.0
T002924,C00366,2024-08-16,Belleza,Tienda,1,69900.0,0.0
T005392,C00699,2024-04-23,Mercado,Tienda,2,48900.0,0.0
T008103,C01073,2025-03-03,Hogar,Web,1,165900.0,0.2
T007080,C00938,2024-08-03,Hogar,Tienda,2,190500.0,0.1
T006541,C00861,2025-01-24,Moda,Tienda,1,66900.0,0.0
T006438,C00845,2024-04-21,Hogar,Tienda,1,92600.0,0.0
T008217,C01089,2023-10-29,Moda,App,2,136100.0,0.0
T004025,C00514,2023-10-06,Mercado,Tienda,3,35800.0,0.0
T010559,C01417,2025-04-21,Mercado,App,3,43200.0,0.0
T001677,C00208,2024-05-23,Hogar,Tienda,2,157400.0,0.0
T007003,C00924,2024-06-02,Mercado,Web,2,54600.0,0.0
T004075,C00522,2023-10-15,Belleza,App,1,73900.0,0.3
T010035,C01350,2024-03-13,Mercado,Tienda,3,47600.0,0.0
T005058,C00652,2024-11-27,Mercado,Web,1,56200.0,0.0
T009603,C01285,2024-11-13,Mercado,Tienda,1,42100.0,0.2
T006514,C00855,2024-05-23,Mercado,Tienda,3,35200.0,0.0
T007769,C01021,2024-07-16,Moda,App,1,92600.0,0.0
T009794,C01318,2024-12-05,Mercado,App,3,37500.0,0.0
T006991,C00923,2025-06-08,Hogar,Tienda,3,122500.0,0.0
T006303,C00823,2025-01-07,Belleza,Tienda,3,91200.0,0.0
T002379,C00301,2024-04-19,Moda,Tienda,3,177400.0,0.0
T004921,C00637,2024-05-14,Mercado,Tienda,2,35200.0,0.0
T007335,C00968,2024-07-20,Mercado,Web,3,44000.0,0.0
T001666,C00208,2024-07-29,Tecnología,App,1,421100.0,0.0
T011067,C01491,2024-02-19,Mercado,Tienda,3,68300.0,0.0
T006976,C00920,2024-02-05,Hogar,App,1,131200.0,0.2
T004323,C00554,2024-07-28,Moda,Web,3,145800.0,0.1
T006805,C00900,2025-05-28,Moda,Web,2,131300.0,0.0
T003742,C00473,2025-06-20,Hogar,Tienda,1,94000.0,0.0
T007982,C01056,2025-01-12,Mercado,App,1,38500.0,0.2
T004306,C00552,2024-07-21,Belleza,Tienda,1,85900.0,0.0
T005659,C00731,2024-04-23,Mercado,Tienda,3,48400.0,0.0
T001088,C00139,2025-04-29,Moda,Tienda,1,184200.0,0.3
T001171,C00147,2024-09-18,Tecnología,Tienda,1,476100.0,0.0
T001252,C00160,2025-05-22,Mercado,Tienda,1,44700.0,0.0
T009806,C01320,2025-05-19,Mercado,App,3,51000.0,0.0
T001848,C00234,2024-05-16,Belleza,Tienda,1,84700.0,0.0
T000035,C00003,2025-05-21,Moda,App,3,197800.0,0.0
T003975,C00503,2025-01-07,Hogar,Tienda,2,109700.0,0.0
T009001,C01193,2025-02-21,Moda,Tienda,3,171100.0,0.0
T001431,C00179,2025-05-03,Hogar,Tienda,3,90900.0,0.0
T006119,C00795,2024-07-22,Mercado,Web,1,60600.0,0.1
T007341,C00969,2024-12-21,Moda,Tienda,2,222100.0,0.3
T007850,C01033,2024-11-02,Mercado,App,1,45200.0,0.0
T004840,C00625,2024-10-01,Mercado,Tienda,3,51300.0,0.2
T007091,C00938,2025-03-10,Belleza,Web,1,59900.0,0.0
T006934,C00917,2024-10-05,Hogar,App,3,132600.0,0.0
T002531,C00317,2025-01-01,Mercado,Tienda,1,35400.0,0.0
T008377,C01112,2024-11-13,Hogar,Web,1,45200.0,0.0
T005496,C00714,2024-08-17,Hogar,Tienda,3,157400.0,0.0
T003771,C00475,2024-03-22,Mercado,Tienda,3,71200.0,0.0
T009666,C01294,2024-07-17,Belleza,Tienda,1,66500.0,0.0
T008099,C01073,2024-12-04,Hogar,Tienda,3,114700.0,0.0
T000304,C00038,2024-04-03,Mercado,App,2,38500.0,0.1
T000314,C00039,2025-05-13,Mercado,App,2,23700.0,0.0
T009976,C01340,2025-05-24,Hogar,Tienda,1,159600.0,0.0
T005095,C00657,2024-10-30,Hogar,Tienda,2,160100.0,0.0
T000245,C00029,2024-11-04,Moda,App,2,129400.0,0.2
T009837,C01321,2024-02-04,Belleza,App,3,70800.0,0.0
T007930,C01048,2024-03-19,Belleza,Tienda,1,89800.0,0.0
T006666,C00879,2024-04-18,Mercado,Tienda,2,49300.0,0.0
T008792,C01163,2023-11-29,Hogar,App,1,82400.0,0.0
T000936,C00119,2024-09-29,Hogar,App,1,104500.0,0.0
T003529,C00442,2023-11-29,Mercado,Tienda,2,56300.0,0.0
T010149,C01363,2024-07-14,Moda,App,3,156100.0,0.0
T007637,C01006,2025-01-15,Moda,Tienda,3,183000.0,0.0
T004459,C00575,2024-09-20,Belleza,App,1,57400.0,0.0
T006301,C00823,2023-07-29,Moda,Tienda,3,128200.0,0.0
T002270,C00284,2024-12-22,Belleza,App,2,33100.0,0.1
T005517,C00715,2024-07-28,Mercado,Tienda,1,61200.0,0.0
T009449,C01261,2024-04-02,Hogar,Tienda,1,149300.0,0.0
T000279,C00033,2025-06-11,Mercado,App,2,41900.0,0.0
T010755,C01446,2024-09-21,Mercado,App,3,40300.0,0.0
T001453,C00183,2024-02-10,Belleza,Web,2,67700.0,0.2
T005753,C00746,2025-01-25,Moda,Tienda,1,156500.0,0.0
T009451,C01261,2024-05-07,Moda,App,3,142000.0,0.0
T000547,C00068,2024-10-03,Mercado,App,2,34600.0,0.1
T004463,C00575,2024-04-01,Mercado,Web,1,52600.0,0.0
T000120,C00015,2024-09-04,Mercado,Tienda,3,45200.0,0.0
T001269,C00161,2025-06-14,Moda,App,3,118100.0,0.3
T005756,C00746,2024-12-03,Hogar,App,3,143300.0,0.1
T009058,C01201,2025-04-02,Moda,Web,2,98300.0,0.0
T010698,C01440,2024-07-20,Moda,Tienda,2,165100.0,0.0
T007900,C01042,2024-10-08,Mercado,App,2,28900.0,0.0
T005086,C00655,2025-03-10,Mercado,Web,1,9100.0,0.3
T001120,C00141,2024-01-08,Mercado,Tienda,1,55100.0,0.0
T009543,C01273,2024-05-02,Mercado,Web,3,67200.0,0.0
T007917,C01046,2025-05-04,Mercado,Tienda,1,37700.0,0.0
T001466,C00185,2023-04-04,Belleza,Web,1,93000.0,0.0
T006268,C00819,2024-09-27,Moda,Tienda,2,264600.0,0.0
T001370,C00171,2025-05-24,Mercado,Tienda,2,34500.0,0.0
T001062,C00136,2025-02-24,Belleza,Web,2,99700.0,0.0
T004043,C00518,2025-03-23,Mercado,Tienda,-1,28900.0,0.0
T004727,C00605,2025-01-10,Tecnología,App,1,849400.0,0.0
T007261,C00960,2024-10-10,Mercado,Web,3,34900.0,0.1
T003932,C00497,2024-05-10,Hogar,Tienda,2,153400.0,0.2
T010326,C01383,2023-07-25,Tecnología,App,1,703000.0,0.0
T000132,C00015,2024-11-10,Belleza,Tienda,2,55300.0,0.3
T006571,C00867,2024-08-25,Mercado,App,1,59100.0,0.0
T004340,C00556,2023-09-24,Tecnología,Web,2,940700.0,0.3
T007640,C01007,2025-03-15,Belleza,Tienda,1,32600.0,0.3
T008711,C01154,2025-01-27,Hogar,Tienda,1,108000.0,0.3
T006634,C00875,2025-04-28,Hogar,Web,3,155900.0,0.0
T003612,C00455,2024-04-08,Hogar,Tienda,2,163300.0,0.0
T009652,C01292,2024-04-19,Mercado,Tienda,1,62800.0,0.1
T007149,C00945,2025-01-16,Tecnología,Tienda,1,769100.0,0.1
T006983,C00922,2024-03-15,Tecnología,Tienda,1,832400.0,0.0
T008101,C01073,2025-06-29,Belleza,Tienda,3,65000.0,0.0
T010483,C01409,2025-02-17,Hogar,Web,2,41200.0,0.0
T003382,C00427,2024-07-06,Mercado,App,3,46100.0,0.2
T004667,C00599,2024-10-30,Mercado,App,2,54800.0,0.0
T005639,C00728,2023-04-04,Mercado,Tienda,2,35100.0,0.0
T009359,C01252,2023-10-18,Belleza,Web,2,108900.0,0.0
T008020,C01061,2024-06-25,Belleza,Web,3,73000.0,0.0
T003603,C00453,2025-01-21,Mercado,App,2,14400.0,0.2
T000435,C00053,2025-01-30,Moda,Tienda,2,147800.0,0.0
T001903,C00237,2023-12-15,Mercado,Tienda,3,45500.0,0.2
T008773,C01160,2023-09-01,Hogar,Web,2,117300.0,0.2
T005285,C00683,2024-08-09,Moda,Tienda,2,161800.0,0.0
T002421,C00304,2025-01-13,Mercado,App,1,37700.0,0.0
T002780,C00346,2025-01-17,Mercado,Web,2,35700.0,0.0
T003709,C00470,2024-08-18,Mercado,Web,1,40600.0,0.0
T004795,C00615,2025-05-15,Tecnología,App,2,404800.0,0.0
T009872,C01325,2023-03-23,Mercado,Web,3,48000.0,0.3
T001881,C00236,2025-01-29,Belleza,Tienda,3,61100.0,0.0
T006674,C00879,2024-05-19,Moda,Web,2,143900.0,0.0
T000893,C00114,2024-11-20,Hogar,Tienda,1,103700.0,0.1
T004912,C00636,2025-02-10,Mercado,App,3,67000.0,0.0
T009408,C01254,2023-06-24,Mercado,Tienda,2,41800.0,0.0
T008476,C01123,2024-10-09,Hogar,Tienda,2,137200.0,0.0
T000281,C00033,2025-03-14,Moda,Tienda,2,159900.0,0.1
T004035,C00517,2024-02-12,Hogar,Tienda,1,146100.0,0.0
T007215,C00954,2024-05-22,Mercado,Tienda,3,40500.0,0.3
T000918,C00117,2024-06-05,Mercado,App,2,49700.0,0.0
T010251,C01377,2023-06-16,Belleza,App,3,44100.0,0.0
T002984,C00371,2023-11-16,Mercado,Tienda,1,43100.0,0.0
T004263,C00547,2023-05-02,Moda,Tienda,1,136300.0,0.0
T001829,C00232,2025-05-18,Hogar,Web,2,95100.0,0.0
T005856,C00759,2024-01-20,Moda,Tienda,3,141000.0,0.0
T008806,C01164,2024-07-03,Mercado,Web,2,31100.0,0.0
T003353,C00425,2025-01-12,Hogar,Tienda,3,78900.0,0.0
T009821,C01320,2024-11-15,Belleza,Tienda,2,117100.0,0.3
T005831,C00755,2023-12-23,Mercado,Tienda,3,45500.0,0.3
T004854,C00628,2024-02-26,Mercado,Tienda,1,38800.0,0.0
T008489,C01125,2023-10-06,Mercado,App,3,40400.0,0.0
T009775,C01315,2024-03-25,Hogar,Tienda,3,126500.0,0.0
T008315,C01102,2024-05-12,Hogar,Tienda,1,65900.0,0.0
T009965,C01339,2024-12-25,Mercado,App,2,32800.0,0.0
T008174,C01085,2023-09-03,Mercado,Tienda,2,31500.0,0.1
T008615,C01138,2025-01-27,Moda,Web,3,148400.0,0.1
T008346,C01107,2024-06-03,Hogar,Tienda,2,115400.0,0.3
T008722,C01157,2024-12-25,Moda,Tienda,3,110400.0,0.0
T011023,C01483,2025-05-12,Belleza,Web,1,38400.0,0.0
T009257,C01235,2023-07-22,Mercado,App,3,47300.0,0.0
T004551,C00587,2023-08-25,Moda,Tienda,2,85400.0,0.0
T009050,C01199,2024-09-01,Mercado,Web,3,32300.0,0.1
T007831,C01031,2024-04-23,Mercado,Web,1,15900.0,0.0
T007556,C00996,2024-10-04,Hogar,Tienda,3,165200.0,0.0
T004915,C00636,2025-03-08,Moda,Tienda,3,87900.0,0.0
T007546,C00994,2024-08-03,Hogar,Tienda,2,149700.0,0.0
T000646,C00082,2023-11-23,Belleza,Web,1,67900.0,0.0
T008271,C01098,2024-09-28,Hogar,Tienda,3,87500.0,0.2
T001846,C00234,2025-04-24,Hogar,Tienda,3,163900.0,0.0
T003056,C00383,2024-06-18,Mercado,Web,3,38800.0,0.3
T004115,C00527,2024-09-08,Moda,Web,1,178100.0,0.3
T006784,C00897,2024-09-20,Moda,Web,1,86900.0,0.0
T010358,C01389,2024-12-13,Mercado,Web,1,45300.0,0.3
T010167,C01364,2024-08-16,Tecnología,App,1,890800.0,0.0
T010242,C01375,2024-08-10,Moda,Tienda,3,122800.0,0.0
T003856,C00485,2024-11-23,Tecnología,App,3,650700.0,0.0
T001750,C00219,2024-02-10,Mercado,Tienda,1,43000.0,0.0
T009521,C01271,2024-08-23,Tecnología,App,1,967900.0,0.0
T002008,C00252,2023-07-11,Mercado,Tienda,3,58500.0,0.0
T001525,C00191,2024-04-01,Belleza,Tienda,1,63500.0,0.1
T002193,C00275,2025-02-21,Hogar,Tienda,3,138800.0,0.0
T002585,C00322,2024-01-09,Mercado,App,2,43200.0,0.0
T008918,C01178,2024-03-11,Mercado,Tienda,2,55200.0,0.0
T007633,C01006,2024-07-22,Belleza,Tienda,1,91800.0,0.0
T002735,C00340,2024-06-15,Moda,Tienda,2,179900.0,0.0
T005032,C00648,2024-09-04,Belleza,App,3,65100.0,0.0
T003050,C00383,2024-06-18,Moda,Tienda,3,143400.0,0.0
T005266,C00679,2023-05-06,Mercado,Tienda,2,51000.0,0.0
T003731,C00472,2025-01-20,Hogar,App,3,137700.0,0.0
T006330,C00828,2024-06-27,Mercado,Tienda,3,44700.0,0.0
T003259,C00413,2024-01-05,Moda,App,3,117200.0,0.0
T006478,C00850,2024-08-09,Mercado,Tienda,3,66200.0,0.0
T009148,C01216,2024-12-28,Hogar,Tienda,1,89100.0,0.1
T010753,C01445,2024-01-03,Mercado,App,3,47400.0,0.0
T009741,C01310,2024-12-19,Mercado,Tienda,1,30600.0,0.0
T000102,C00012,2023-11-10,Moda,Tienda,3,117700.0,0.0
T009423,C01256,2024-11-11,Mercado,App,2,49600.0,0.0
T009442,C01259,2025-02-25,Moda,Web,1,133400.0,0.0
T000141,C00017,2024-06-23,Tecnología,App,2,885600.0,0.3
T008857,C01172,2025-03-21,Mercado,Tienda,2,45700.0,0.1
T002213,C00277,2024-08-16,Moda,App,1,200500.0,0.0
T003772,C00475,2024-04-21,Mercado,Tienda,2,31100.0,0.1
T008114,C01075,2024-02-19,Belleza,App,2,104700.0,0.0
T010416,C01397,2024-09-04,Moda,Tienda,2,109300.0,0.3
T007928,C01048,2024-05-03,Mercado,App,3,24200.0,0.0
T007691,C01014,2025-06-22,Hogar,App,1,93400.0,0.0
T003141,C00397,2024-10-16,Moda,Tienda,1,254100.0,0.0
T000552,C00069,2024-01-08,Mercado,Web,3,49400.0,0.0
T005604,C00725,2024-04-05,Mercado,App,1,41000.0,0.0
T004267,C00548,2024-09-02,Mercado,Web,1,28400.0,0.3
T006700,C00882,2024-06-03,Moda,Tienda,1,87500.0,0.2
T008274,C01098,2024-09-03,Hogar,Tienda,3,140200.0,0.0
T010655,C01433,2025-03-24,Hogar,App,3,113900.0,0.3
T009635,C01289,2024-09-26,Tecnología,App,2,591200.0,0.0
T010822,C01456,2025-03-19,Mercado,App,1,38000.0,0.0
T000782,C00101,2024-12-02,Moda,Web,2,122900.0,0.1
T004391,C00565,2024-02-29,Moda,Tienda,2,115300.0,0.0
T008609,C01137,2024-06-21,Mercado,App,2,41400.0,0.3
T009437,C01259,2025-01-28,Moda,Web,1,168800.0,0.0
T000659,C00083,2024-03-05,Hogar,Tienda,2,100500.0,0.0
T000874,C00114,2024-09-18,Mercado,Web,1,62800.0,0.0
T009924,C01332,2024-04-15,Moda,App,1,111600.0,0.0
T006868,C00909,2024-09-28,Mercado,App,1,45500.0,0.0
T005819,C00754,2024-03-24,Mercado,Tienda,2,44400.0,0.0
T002217,C00279,2024-09-14,Belleza,App,2,72500.0,0.0
T009946,C01335,2025-02-19,Mercado,Tienda,2,42700.0,0.1
T009849,C01323,2024-12-13,Hogar,Tienda,1,115600.0,0.0
T006067,C00787,2024-11-04,Mercado,Tienda,1,64100.0,0.0
T007105,C00941,2025-02-26,Belleza,Tienda,1,70400.0,0.0
T005794,C00750,2024-05-28,Hogar,Tienda,1,68000.0,0.0
T000458,C00057,2024-02-12,Mercado,Tienda,2,60100.0,0.0
T007377,C00973,2024-12-03,Hogar,App,1,102100.0,0.3
T003748,C00473,2023-12-28,Mercado,App,3,64900.0,0.0
T002575,C00322,2023-08-05,Hogar,App,3,88200.0,0.1
T011013,C01481,2025-01-06,Mercado,Web,2,38700.0,0.0
T001886,C00237,2024-06-13,Moda,Tienda,3,190400.0,0.3
T003505,C00438,2025-04-14,Tecnología,Tienda,3,591700.0,0.0
T000467,C00058,2024-05-12,Hogar,App,1,167900.0,0.0
T006539,C00861,2024-12-08,Mercado,Web,1,41300.0,0.0
T007726,C01016,2024-04-05,Mercado,Web,1,36500.0,0.0
T001072,C00138,2025-05-01,Mercado,Web,3,38500.0,0.0
T000269,C00031,2024-09-07,Hogar,Tienda,1,105000.0,0.0
T003763,C00474,2024-07-12,Belleza,App,3,36400.0,0.0
T006492,C00853,2024-06-16,Belleza,Tienda,2,100500.0,0.3
T007028,C00930,2024-09-14,Moda,Tienda,2,119300.0,0.0
T004416,C00568,2024-02-17,Mercado,App,3,36500.0,0.0
T000340,C00043,2023-12-19,Mercado,Tienda,1,26400.0,0.0
T006210,C00810,2024-11-24,Belleza,Tienda,2,45800.0,0.0
T001879,C00236,2025-05-05,Hogar,Tienda,2,124600.0,0.0
T005362,C00693,2024-03-17,Mercado,Tienda,3,70000.0,0.3
T002556,C00318,2024-07-31,Belleza,Tienda,2,87300.0,0.2
T009263,C01236,2023-12-13,Belleza,Tienda,3,17000.0,0.2
T010763,C01447,2023-09-18,Hogar,Tienda,1,167500.0,0.0
T008538,C01130,2024-10-30,Moda,App,2,132500.0,0.0
T000077,C00007,2024-08-22,Hogar,Web,3,,0.2
T005113,C00660,2025-05-19,Moda,Tienda,1,140900.0,0.0
T001917,C00239,2025-05-27,Belleza,Tienda,1,82600.0,0.0
T010426,C01398,2024-02-21,Moda,App,2,130600.0,0.0
T010081,C01355,2023-12-20,Belleza,Tienda,3,60700.0,0.2
T000503,C00063,2023-10-08,Belleza,App,3,53600.0,0.0
T007234,C00957,2023-11-01,Moda,App,2,187300.0,0.0
T009216,C01225,2024-02-01,Mercado,App,3,55200.0,0.0
T006211,C00810,2024-10-23,Mercado,App,3,60600.0,0.2
T010996,C01480,2024-12-07,Moda,Web,2,178300.0,0.2
T002179,C00273,2024-09-10,Mercado,Tienda,3,45900.0,0.2
T007290,C00964,2025-04-15,Mercado,App,3,31400.0,0.0
T005882,C00760,2025-06-20,Belleza,Tienda,2,74200.0,0.0
T005558,C00721,2023-12-31,Mercado,Tienda,2,38200.0,0.2
T010897,C01467,2023-12-01,Hogar,App,1,113400.0,0.0
T008894,C01177,2023-06-02,Tecnología,Tienda,2,566800.0,0.0
T006569,C00867,2025-02-26,Hogar,App,3,120900.0,0.0
T008111,C01075,2023-09-22,Mercado,Web,2,82900.0,0.0
T002348,C00292,2025-04-18,Mercado,Tienda,2,30100.0,0.0
T009705,C01303,2023-11-04,Mercado,Tienda,3,48900.0,0.0
T009884,C01326,2025-05-24,Tecnología,Tienda,2,402000.0,0.3
T008070,C01068,2025-06-15,Hogar,Tienda,1,46700.0,0.3
T003613,C00456,2023-07-26,Mercado,Web,3,57900.0,0.0
T007916,C01046,2025-01-16,Mercado,Tienda,1,29100.0,0.0
T000576,C00074,2024-03-08,Belleza,Tienda,2,81800.0,0.3
T001038,C00135,2024-06-27,Mercado,Tienda,1,29000.0,0.0
T004531,C00585,2024-08-28,Belleza,Web,1,95200.0,0.0
T001681,C00209,2024-09-28,Mercado,Tienda,2,44400.0,0.0
T003084,C00388,2024-12-28,Mercado,Tienda,3,43100.0,0.0
T011115,C01498,2025-03-22,Belleza,App,3,92300.0,0.0
T003349,C00424,2024-01-27,Tecnología,Web,2,738900.0,0.0
T004044,C00518,2024-10-18,Belleza,Web,2,54400.0,0.0
T007840,C01032,2024-09-11,Moda,Web,2,227300.0,0.0
T007324,C00967,2023-12-12,Mercado,Web,2,22900.0,0.3
T001270,C00161,2025-02-12,Mercado,Tienda,1,56200.0,0.0
T005679,C00734,2024-04-22,Mercado,Tienda,2,43400.0,0.0
T007087,C00938,2024-12-05,Belleza,Web,1,63200.0,0.0
T006388,C00838,2025-06-08,Hogar,Tienda,2,177700.0,0.0
T006672,C00879,2025-06-16,Mercado,App,3,34100.0,0.3
T003164,C00401,2024-08-21,Mercado,App,1,69300.0,0.0
T008825,C01165,2024-03-03,Hogar,Tienda,1,195000.0,0.0
T006186,C00805,2023-09-20,Mercado,Tienda,3,11400.0,0.0
T003381,C00427,2025-06-03,Moda,Tienda,1,184500.0,0.2
T000805,C00102,2024-08-06,Tecnología,Tienda,2,851900.0,0.1
T001276,C00162,2024-09-18,Mercado,App,3,60500.0,0.0
T004432,C00570,2024-08-07,Belleza,Tienda,3,132500.0,0.0
T001001,C00130,2025-06-13,Mercado,App,3,59500.0,0.0
T007807,C01028,2025-05-21,Mercado,Tienda,2,30200.0,0.0
T002549,C00317,2024-08-08,Mercado,Tienda,2,47900.0,0.1
T006652,C00877,2025-03-28,Hogar,Tienda,1,103900.0,0.0
T009329,C01248,2024-06-04,Hogar,App,3,161000.0,0.0
T008389,C01112,2024-03-31,Hogar,Tienda,2,164800.0,0.0
T010783,C01448,2025-05-07,Belleza,Tienda,1,66100.0,0.0
T010456,C01405,2024-12-17,Mercado,App,1,45300.0,0.0
T005656,C00730,2024-06-20,Mercado,Tienda,3,48300.0,0.0
T006709,C00885,2023-12-27,Moda,App,1,107100.0,0.0
T000604,C00077,2024-03-27,Mercado,Tienda,2,38200.0,0.0
T010905,C01468,2024-01-11,Mercado,Web,2,45200.0,0.2
T002805,C00349,2025-03-12,Mercado,Tienda,3,24200.0,0.0
T008223,C01090,2024-03-14,Hogar,App,1,148700.0,0.0
T001955,C00245,2024-09-09,Mercado,App,2,54600.0,0.0
T004781,C00613,2025-01-24,Hogar,App,3,77300.0,0.0
T009922,C01332,2024-02-18,Hogar,Web,2,56800.0,0.0
T009919,C01332,2024-02-09,Moda,Tienda,3,97400.0,0.0
T009382,C01253,2024-08-06,Mercado,App,1,74300.0,0.2
T002298,C00286,2024-05-29,Mercado,Tienda,1,51600.0,0.0
T001598,C00200,2024-06-09,Hogar,App,2,135000.0,0.0
T011116,C01498,2024-05-07,Hogar,Tienda,2,203400.0,0.1
T001027,C00134,2023-12-07,Mercado,Tienda,1,33400.0,0.1
T008371,C01111,2023-07-11,Hogar,Tienda,1,109500.0,0.0
T008514,C01127,2023-08-19,Hogar,App,1,92200.0,0.0
T002422,C00304,2024-04-10,Mercado,Web,3,44600.0,0.0
T002317,C00288,2024-02-24,Belleza,Tienda,1,81900.0,0.0
T003114,C00392,2024-08-12,Hogar,Tienda,2,139400.0,0.0
T000771,C00100,2024-11-25,Mercado,Web,3,20100.0,0.0
T009302,C01243,2024-09-19,Moda,Web,3,175900.0,0.0
T010789,C01449,2024-08-03,Moda,Tienda,3,148200.0,0.1
T005041,C00649,2023-12-13,Hogar,App,3,134600.0,0.0
T001005,C00131,2024-01-21,Tecnología,Tienda,3,899700.0,0.0
T000915,C00117,2024-05-09,Moda,Tienda,2,176800.0,0.0
T007317,C00967,2024-10-31,Mercado,App,3,46200.0,0.0
T006333,C00829,2025-03-27,Tecnología,Web,1,882800.0,0.0
T008219,C01090,2023-09-06,Mercado,App,1,30400.0,0.1
T011099,C01496,2024-09-25,Moda,Tienda,3,130400.0,0.0
T000635,C00082,2023-12-24,Mercado,Tienda,2,34500.0,0.0
T003152,C00399,2024-06-12,Mercado,Tienda,3,37600.0,0.0
T008581,C01136,2024-10-14,Belleza,App,2,74200.0,0.0
T003671,C00464,2024-09-18,Mercado,Tienda,1,22200.0,0.0
T007366,C00972,2024-01-15,Mercado,Web,1,51300.0,0.0
T002822,C00352,2023-07-22,Hogar,Web,1,174900.0,0.0
T006134,C00798,2024-11-16,Mercado,App,3,43700.0,0.2
T006647,C00876,2025-01-08,Belleza,Tienda,1,111200.0,0.0
T003253,C00411,2024-06-07,Moda,Tienda,2,149800.0,0.0
T004660,C00599,2024-08-15,Mercado,Tienda,2,50700.0,0.0
T008589,C01136,2024-12-19,Moda,App,1,125600.0,0.2
T009108,C01209,2024-03-25,Mercado,Tienda,2,38200.0,0.0
T003852,C00484,2025-01-03,Moda,Tienda,3,172200.0,0.0
T006806,C00900,2024-04-03,Moda,Tienda,2,128200.0,0.1
T009229,C01229,2024-07-12,Moda,Tienda,3,198800.0,0.0
T001026,C00134,2024-02-01,Hogar,Tienda,3,105500.0,0.0
T002072,C00260,2024-01-22,Belleza,Tienda,2,91300.0,0.0
T004300,C00552,2024-07-30,Moda,Tienda,3,158900.0,0.2
T009491,C01267,2024-04-10,Hogar,Tienda,3,134500.0,0.0
T001480,C00186,2023-07-27,Moda,Web,2,149200.0,0.0
T009553,C01275,2023-05-23,Belleza,App,1,89500.0,0.0
T007927,C01048,2023-04-29,Mercado,Tienda,3,24300.0,0.0
T004006,C00510,2023-12-21,Moda,Tienda,2,147200.0,0.0
T008206,C01086,2024-10-08,Mercado,Tienda,1,31000.0,0.0
T002991,C00371,2023-06-17,Mercado,Tienda,2,62200.0,0.0
T000869,C00113,2025-01-12,Moda,Tienda,2,132300.0,0.0
T007838,C01032,2024-08-17,Mercado,Tienda,3,43600.0,0.3
T001321,C00165,2023-07-09,Hogar,App,1,118500.0,0.0
T006488,C00852,2023-04-28,Belleza,App,2,70000.0,0.0
T011081,C01493,2023-12-04,Moda,Web,2,121700.0,0.1
T002327,C00289,2025-02-15,Mercado,App,2,19000.0,0.0
T010983,C01478,2024-08-04,Mercado,App,1,33800.0,0.0
T003568,C00449,2023-12-09,Hogar,Web,2,170800.0,0.0
T008230,C01091,2025-02-05,Moda,Tienda,3,200100.0,0.1
T001414,C00175,2024-04-27,Mercado,Tienda,3,70800.0,0.0
T009095,C01208,2023-11-19,Mercado,Tienda,3,21000.0,0.2
T005344,C00691,2025-02-21,Hogar,App,3,182400.0,0.0
T002601,C00324,2024-05-18,Tecnología,Tienda,2,736200.0,0.3
T002526,C00317,2024-01-29,Mercado,App,1,60000.0,0.0
T005223,C00675,2025-04-13,Hogar,Tienda,1,87500.0,0.0
T002245,C00282,2024-09-02,Mercado,Web,2,37300.0,0.0
T009127,C01212,2025-03-28,Mercado,Web,1,31700.0,0.0
T011065,C01490,2024-08-29,Belleza,App,3,69900.0,0.0
T000698,C00085,2024-05-11,Hogar,Tienda,2,86000.0,0.3
T003121,C00394,2024-03-01,Moda,App,3,170000.0,0.0
T010810,C01454,2024-04-20,Mercado,Web,1,73800.0,0.3
T002501,C00313,2024-04-22,Moda,Tienda,3,177200.0,0.0
T010898,C01467,2023-08-26,Hogar,Web,1,165400.0,0.2
T008196,C01085,2024-10-16,Mercado,App,2,32000.0,0.0
T006030,C00781,2024-08-26,Hogar,Tienda,1,130500.0,0.0
T009228,C01229,2024-05-14,Moda,Tienda,1,112900.0,0.0
T007748,C01017,2024-05-30,Tecnología,Web,2,824100.0,0.3
T008627,C01141,2025-01-04,Mercado,Web,3,38100.0,0.0
T004413,C00568,2024-02-02,Tecnología,Web,1,268900.0,0.0
T005617,C00726,2024-02-04,Mercado,Web,3,75500.0,0.0
T003438,C00433,2023-07-16,Mercado,Tienda,2,53700.0,0.0
T003602,C00453,2025-04-17,Moda,Tienda,3,210200.0,0.0
T002021,C00254,2024-07-31,Tecnología,Web,2,515500.0,0.3
T007205,C00952,2025-04-13,Hogar,App,1,130200.0,0.0
T010920,C01470,2023-08-02,Hogar,Tienda,2,156200.0,0.0
T008664,C01148,2024-03-20,Tecnología,Tienda,1,570100.0,0.0
T005184,C00671,2024-07-02,Mercado,Web,1,26700.0,0.0
T010225,C01373,2024-08-16,Mercado,Tienda,1,26700.0,0.0
T004220,C00538,2025-04-25,Hogar,Tienda,1,110900.0,0.0
T008168,C01084,2024-05-17,Hogar,Tienda,1,164600.0,0.0
T008210,C01087,2024-06-18,Mercado,Tienda,3,79400.0,0.0
T005785,C00749,2024-02-12,Belleza,App,1,99800.0,0.0
T010870,C01461,2024-10-12,Hogar,App,1,78400.0,0.0
T009990,C01342,2024-08-31,Hogar,Tienda,3,89000.0,0.2
T008052,C01065,2024-11-16,Moda,Web,1,156200.0,0.2
T000790,C00101,2024-08-11,Tecnología,App,2,462100.0,0.1
T002856,C00358,2024-06-22,Mercado,App,2,64700.0,0.0
T009217,C01226,2024-12-09,Belleza,Tienda,2,77500.0,0.2
T009796,C01318,2024-11-04,Belleza,Tienda,2,53500.0,0.1
T002639,C00330,2025-06-26,Belleza,Tienda,3,71400.0,0.0
T006733,C00890,2025-05-25,Belleza,App,3,79200.0,0.1
T010943,C01473,2024-06-19,Mercado,Tienda,2,40900.0,0.0
T003871,C00487,2023-07-03,Hogar,Web,1,137900.0,0.0
T004028,C00514,2025-06-14,Hogar,App,2,62100.0,0.1
T000975,C00127,2025-02-10,Hogar,App,3,88100.0,0.1
T001627,C00204,2025-03-30,Mercado,App,2,43200.0,0.0
T003461,C00435,2023-08-06,Mercado,Tienda,2,68900.0,0.2
T001284,C00163,2024-01-17,Mercado,App,2,65000.0,0.0
T003976,C00503,2024-06-26,Mercado,Tienda,2,54000.0,0.0
T002108,C00264,2023-01-29,Moda,Web,2,210800.0,0.0
T007230,C00957,2024-06-11,Mercado,Web,1,47300.0,0.0
T007902,C01043,2024-05-28,Moda,Tienda,2,93900.0,0.0
T005214,C00673,2025-06-04,Moda,App,3,153500.0,0.2
T008704,C01154,2024-09-12,Mercado,Tienda,3,41700.0,0.0
T005912,C00764,2023-12-25,Mercado,App,2,35500.0,0.3
T009725,C01307,2023-11-26,Hogar,Tienda,2,61000.0,0.0
T007901,C01043,2023-04-13,Mercado,Tienda,3,32200.0,0.1
T004219,C00538,2025-01-25,Belleza,Web,2,72100.0,0.0
T010422,C01397,2024-07-14,Moda,Tienda,1,68500.0,0.0
T005633,C00728,2024-03-04,Moda,Web,2,99400.0,0.0
T002783,C00346,2023-03-18,Moda,Web,3,119100.0,0.2
T001131,C00143,2025-04-02,Moda,Tienda,1,87700.0,0.3
T006455,C00847,2024-05-27,Mercado,Tienda,1,83900.0,0.0
T003565,C00449,2023-11-20,Mercado,Tienda,3,62600.0,0.0
T005962,C00771,2024-09-14,Tecnología,Web,2,753200.0,0.0
T008543,C01131,2024-05-13,Belleza,App,3,90900.0,0.2
T000737,C00094,2024-06-10,Hogar,App,1,103400.0,0.0
T003792,C00477,2023-09-29,Mercado,Tienda,1,20700.0,0.0
T007820,C01029,2025-01-16,Mercado,Web,3,33500.0,0.0
T003096,C00390,2024-05-29,Belleza,Tienda,1,100600.0,0.0
T007055,C00934,2025-03-05,Tecnología,Tienda,2,820800.0,0.0
T010709,C01440,2024-07-14,Mercado,Web,2,45000.0,0.1
T009073,C01204,2024-03-19,Moda,Tienda,1,147000.0,0.0
T003921,C00497,2024-05-14,Tecnología,Tienda,2,366200.0,0.0
T002010,C00252,2023-05-03,Moda,App,3,130500.0,0.0
T004834,C00624,2025-02-28,Hogar,Web,1,170400.0,0.0
T003220,C00409,2023-12-19,Moda,Tienda,2,154700.0,0.2
T010866,C01461,2024-10-14,Hogar,Tienda,2,149600.0,0.0
T007316,C00967,2024-02-08,Hogar,Web,2,187000.0,0.0
T009328,C01248,2023-05-15,Belleza,App,3,47400.0,0.0
T000453,C00056,2025-05-07,Belleza,Tienda,1,85900.0,0.0
T000442,C00055,2025-04-25,Moda,Tienda,1,129500.0,0.2
T000615,C00078,2025-01-18,Belleza,Tienda,1,71700.0,0.1
T010836,C01457,2024-12-03,Belleza,Web,2,58200.0,0.3
T010439,C01402,2024-02-24,Hogar,Tienda,2,99600.0,0.0
T004732,C00605,2023-12-01,Belleza,Tienda,1,50700.0,0.0
T008849,C01170,2025-02-05,Hogar,Tienda,1,64000.0,0.0
T006982,C00922,2024-01-24,Mercado,Tienda,3,31200.0,0.0
T009413,C01255,2024-08-10,Mercado,App,1,33000.0,0.2
T002734,C00340,2023-07-16,Hogar,App,1,51500.0,0.0
T000429,C00052,2024-10-13,Moda,Web,3,123200.0,0.1
T004648,C00598,2025-03-12,Belleza,App,3,116200.0,0.3
T002174,C00273,2024-02-10,Belleza,Tienda,2,72300.0,0.0
T004475,C00578,2024-07-24,Belleza,App,1,102700.0,0.0
T002430,C00305,2024-10-01,Hogar,Web,1,90300.0,0.0
T008026,C01061,2024-01-06,Mercado,App,1,37900.0,0.0
T010990,C01479,2024-09-23,Hogar,Web,3,146900.0,0.0
T001635,C00205,2024-10-10,Moda,App,3,143600.0,0.2
T009290,C01242,2024-04-24,Tecnología,Tienda,2,399900.0,0.0
T001180,C00149,2025-05-22,Mercado,Web,2,48100.0,0.0
T000640,C00082,2024-10-12,Hogar,App,2,126300.0,0.0
T001950,C00244,2024-08-23,Moda,Web,1,207500.0,0.0
T005062,C00652,2025-02-18,Hogar,App,3,127900.0,0.0
T002240,C00281,2025-02-23,Tecnología,Web,1,816700.0,0.0
T007678,C01013,2024-06-19,Hogar,Tienda,1,76900.0,0.2
T005829,C00755,2024-08-22,Moda,Tienda,2,157500.0,0.0
T001128,C00143,2025-02-15,Moda,Tienda,3,126100.0,0.0
T001768,C00222,2025-03-04,Mercado,App,1,63600.0,0.2
T002638,C00329,2024-03-29,Moda,App,3,110400.0,0.0
T010564,C01418,2025-01-30,Mercado,App,3,63200.0,0.0
T005983,C00774,2023-12-13,Moda,Tienda,1,217500.0,0.0
T008107,C01074,2023-09-23,Mercado,Tienda,3,41700.0,0.0
T007933,C01049,2024-11-26,Moda,Tienda,1,253200.0,0.0
T005364,C00693,2025-03-08,Belleza,Web,1,64900.0,0.0
T003318,C00421,2025-03-27,Mercado,Tienda,2,32300.0,0.3
T001460,C00184,2024-12-28,Belleza,Tienda,2,54300.0,0.1
T000965,C00124,2024-07-01,Hogar,Tienda,2,109700.0,0.0
T000363,C00045,2024-10-18,Tecnología,Tienda,3,738100.0,0.0
T010765,C01447,2023-11-04,Hogar,Web,2,106900.0,0.0
T000207,C00024,2025-02-08,Moda,Tienda,2,216500.0,0.0
T008522,C01128,2024-02-03,Moda,Tienda,3,99700.0,0.0
T000344,C00043,2024-02-21,Mercado,Tienda,1,48900.0,0.0
T010750,C01444,2023-10-11,Hogar,App,2,127000.0,0.3
T003773,C00475,2024-03-20,Mercado,Tienda,3,38700.0,0.0
T001705,C00212,2024-02-25,Mercado,App,1,32900.0,0.2
T004635,C00597,2023-01-23,Hogar,Tienda,1,156000.0,0.1
T003083,C00388,2025-06-13,Moda,App,2,114600.0,0.0
T010343,C01385,2025-04-22,Mercado,Web,3,49900.0,0.0
T006726,C00887,2025-04-06,Tecnología,Tienda,2,394400.0,0.3
T009106,C01209,2024-02-07,Mercado,App,3,31200.0,0.0
T007367,C00972,2024-08-22,Mercado,Tienda,2,84700.0,0.0
T009113,C01210,2024-03-09,Belleza,Tienda,2,68000.0,0.0
T006819,C00901,2025-03-20,Mercado,Web,2,67100.0,0.3
T001285,C00163,2024-08-11,Belleza,App,1,65300.0,0.0
T009834,C01321,2024-08-09,Tecnología,Tienda,2,338200.0,0.2
T007818,C01029,2025-03-20,Mercado,Tienda,2,43400.0,0.2
T001073,C00138,2023-11-27,Belleza,Web,3,40800.0,0.3
T005057,C00652,2024-12-06,Mercado,App,1,44900.0,0.0
T007138,C00942,2024-06-18,Mercado,Tienda,1,50800.0,0.0
T007553,C00995,2025-01-12,Hogar,Tienda,3,96800.0,0.0
T000327,C00041,2024-06-20,Mercado,App,2,35900.0,0.0
T008576,C01134,2024-02-13,Moda,App,1,30500.0,0.0
T010109,C01359,2024-01-10,Mercado,App,2,60400.0,0.0
T004057,C00519,2023-02-20,Mercado,Tienda,2,60900.0,0.1
T000885,C00114,2024-10-09,Moda,Web,3,238700.0,0.0
T002922,C00365,2025-01-07,Mercado,Tienda,-1,45900.0,0.1
T001067,C00137,2024-05-19,Mercado,Web,3,32300.0,0.0
T007767,C01020,2023-05-18,Mercado,Tienda,1,29800.0,0.0
T006353,C00833,2023-12-07,Mercado,Tienda,1,52100.0,0.0
T007237,C00957,2023-12-17,Belleza,Web,2,36400.0,0.0
T001972,C00247,2023-11-20,Mercado,Tienda,3,44300.0,0.2
T001749,C00219,2023-10-14,Tecnología,Web,3,477300.0,0.3
T010875,C01462,2024-06-27,Hogar,Web,2,116900.0,0.2
T005347,C00691,2024-11-01,Belleza,App,1,58100.0,0.2
T010397,C01395,2024-08-07,Hogar,Tienda,3,92500.0,0.0
T010971,C01477,2025-02-13,Moda,Tienda,3,211100.0,0.0
T009907,C01330,2025-01-14,Belleza,Web,1,90400.0,0.0
T002237,C00281,2025-06-08,Belleza,App,3,60600.0,0.0
T009647,C01291,2024-10-29,Mercado,App,3,50900.0,0.0
T003761,C00474,2024-10-02,Mercado,Tienda,2,55600.0,0.1
T008117,C01076,2023-06-08,Moda,Web,2,136500.0,0.0
T010545,C01415,2024-12-18,Hogar,App,3,154600.0,0.2
T009418,C01256,2024-11-24,Mercado,Tienda,3,40400.0,0.3
T004519,C00584,2024-12-07,Moda,App,2,106300.0,0.0
T010561,C01417,2025-04-20,Moda,Tienda,3,169600.0,0.0
T008237,C01092,2025-01-24,Hogar,Tienda,1,55800.0,0.0
T011041,C01486,2024-11-12,Belleza,Tienda,3,81200.0,0.3
T002775,C00345,2024-01-06,Hogar,Tienda,2,156900.0,0.1
T002591,C00322,2024-05-30,Hogar,App,3,134900.0,0.0
T000333,C00042,2023-04-03,Hogar,Tienda,1,153200.0,0.0
T009256,C01235,2024-06-15,Hogar,Tienda,3,114400.0,0.0
T000371,C00046,2024-11-12,Mercado,Tienda,1,50500.0,0.1
T006472,C00850,2024-08-22,Mercado,Web,1,50300.0,0.0
T003961,C00501,2024-04-20,Moda,App,1,35600.0,0.3
T010105,C01358,2025-01-14,Hogar,Tienda,2,101000.0,0.0
T009063,C01202,2024-03-23,Mercado,App,1,38300.0,0.0
T006097,C00792,2024-11-09,Mercado,Tienda,3,20800.0,0.2
T007591,C01001,2024-01-03,Mercado,App,2,28200.0,0.0
T007627,C01004,2024-02-21,Mercado,App,3,56600.0,0.1
T002048,C00257,2025-03-28,Tecnología,Web,1,729500.0,0.3
T002909,C00363,2024-08-30,Mercado,Web,2,15200.0,0.0
T008166,C01083,2024-08-22,Hogar,Tienda,2,87000.0,0.0
T002884,C00361,2023-06-15,Mercado,App,2,49400.0,0.0
T010778,C01447,2024-03-23,Mercado,App,2,51900.0,0.0
T000317,C00039,2025-03-10,Mercado,Tienda,1,43700.0,0.0
T001236,C00158,2024-09-11,Mercado,Web,3,64700.0,0.0
T009103,C01209,2023-07-30,Mercado,Web,2,75000.0,0.0
T002002,C00251,2024-10-18,Belleza,App,3,58600.0,0.0
T003874,C00487,2024-04-06,Hogar,App,3,135900.0,0.0
T005017,C00646,2025-04-08,Belleza,Web,3,31700.0,0.3
T006164,C00801,2025-04-28,Belleza,Tienda,1,48300.0,0.0
T002543,C00317,2023-11-29,Mercado,App,3,55300.0,0.1
T001349,C00169,2023-04-23,Belleza,Tienda,2,45700.0,0.3
T002651,C00331,2024-07-13,Hogar,Tienda,2,115100.0,0.0
T010553,C01416,2025-03-28,Mercado,Tienda,1,43600.0,0.1
T001869,C00235,2025-03-29,Mercado,App,2,55500.0,0.0
T010294,C01381,2024-09-16,Belleza,App,2,67900.0,0.3
T000675,C00083,2024-02-27,Mercado,App,2,64300.0,0.0
T002508,C00314,2023-12-10,Belleza,Tienda,2,86600.0,0.0
T011058,C01490,2024-04-29,Mercado,App,2,44900.0,0.0
T000746,C00095,2024-07-10,Hogar,Tienda,1,172800.0,0.0
T009082,C01207,2023-09-24,Hogar,App,2,117700.0,0.0
T002416,C00304,2024-03-15,Tecnología,Tienda,2,738000.0,0.0
T002440,C00306,2023-12-23,Tecnología,App,3,656700.0,0.0
T008974,C01189,2024-05-28,Moda,App,1,126200.0,0.0
T006386,C00838,2024-04-23,Mercado,App,1,42200.0,0.0
T000677,C00083,2024-02-21,Mercado,Tienda,2,42000.0,0.1
T000883,C00114,2024-09-13,Belleza,App,2,86800.0,0.0
T004919,C00636,2025-02-09,Moda,App,2,137800.0,0.0
T010656,C01433,2024-08-12,Mercado,Web,1,42600.0,0.0
T003043,C00382,2023-02-01,Mercado,Tienda,1,37700.0,0.1
T007593,C01001,2024-02-06,Mercado,App,3,52300.0,0.0
T002271,C00284,2024-02-07,Hogar,Tienda,1,176000.0,0.0
T007643,C01007,2024-10-25,Mercado,Tienda,2,33900.0,0.0
T008325,C01103,2024-04-07,Mercado,Tienda,2,35800.0,0.0
T007813,C01028,2025-01-22,Belleza,Tienda,2,65600.0,0.1
T009514,C01270,2024-10-29,Mercado,Tienda,2,47600.0,0.0
T008006,C01059,2024-05-10,Mercado,Tienda,1,28000.0,0.0
T009674,C01296,2024-10-06,Belleza,Tienda,1,49900.0,0.3
T008358,C01109,2024-08-16,Mercado,App,3,47700.0,0.0
T007078,C00938,2024-07-07,Belleza,Web,1,62000.0,0.0
T007353,C00970,2024-11-28,Belleza,Tienda,2,109100.0,0.0
T005108,C00660,2024-10-07,Mercado,Tienda,3,52400.0,0.0
T008306,C01101,2024-11-16,Hogar,Tienda,2,103400.0,0.0
T003988,C00506,2024-09-27,Mercado,Tienda,3,56500.0,0.2
T004249,C00544,2024-09-18,Mercado,Tienda,3,61500.0,0.0
T008414,C01114,2025-03-29,Mercado,Web,1,37200.0,0.0
T002264,C00283,2024-01-17,Hogar,Tienda,1,126000.0,0.0
T000418,C00051,2025-05-12,Belleza,Web,1,84700.0,0.0
T008001,C01059,2024-11-11,Mercado,App,3,55400.0,0.0
T004673,C00599,2024-06-02,Belleza,Tienda,1,67000.0,0.0
T010231,C01374,2024-10-20,Tecnología,Tienda,1,361000.0,0.0
T006995,C00924,2023-12-04,Hogar,Web,3,118700.0,0.0
T003815,C00481,2025-05-30,Hogar,Tienda,2,169200.0,0.0
T002978,C00371,2023-12-21,Mercado,Tienda,3,40500.0,0.0
T000468,C00058,2024-02-22,Tecnología,Web,3,975400.0,0.0
T009557,C01275,2025-03-06,Moda,Tienda,2,160700.0,0.0
T004899,C00632,2025-01-28,Tecnología,App,2,508600.0,0.0
T005333,C00689,2024-08-06,Belleza,App,1,59200.0,0.0
T004992,C00644,2024-06-01,Hogar,Web,1,90700.0,0.0
T008963,C01186,2025-01-17,Tecnología,Tienda,1,720300.0,0.2
T001662,C00207,2024-09-15,Tecnología,Tienda,3,647600.0,0.0
T003894,C00491,2024-06-10,Hogar,Tienda,1,139200.0,0.0
T007024,C00928,2025-03-06,Mercado,Web,3,27800.0,0.0
T008602,C01137,2023-10-16,Moda,Tienda,2,98900.0,0.0
T005141,C00665,2025-03-25,Moda,Web,3,208000.0,0.0
T002286,C00285,2024-11-25,Mercado,Tienda,2,67200.0,0.0
T006877,C00911,2025-02-19,Mercado,Web,2,46900.0,0.0
T000476,C00060,2023-09-04,Moda,Tienda,2,134500.0,0.0
T006323,C00825,2024-04-23,Mercado,Tienda,2,43200.0,0.0
T006066,C00787,2024-07-04,Hogar,App,1,114700.0,0.2
T007242,C00958,2025-05-28,Belleza,App,1,78500.0,0.0
T009243,C01232,2025-02-17,Mercado,Web,1,33200.0,0.0
T001596,C00200,2024-06-09,Moda,Web,1,190800.0,0.0
T000940,C00119,2024-08-14,Moda,App,3,190400.0,0.0
T001953,C00245,2024-08-09,Mercado,App,3,74700.0,0.0
T004967,C00640,2025-03-17,Hogar,Tienda,2,80800.0,0.0
T000929,C00118,2025-05-08,Mercado,App,3,50500.0,0.1
T001513,C00190,2024-09-02,Tecnología,Web,3,592900.0,0.0
T003407,C00428,2025-06-28,Mercado,Web,2,59200.0,0.0
T008573,C01134,2024-02-14,Mercado,Tienda,1,60600.0,0.0
T006748,C00894,2025-01-29,Hogar,Tienda,3,190600.0,0.0
T003995,C00509,2025-04-11,Mercado,Tienda,2,55400.0,0.0
T004866,C00630,2024-04-08,Hogar,Tienda,2,63700.0,0.0
T009496,C01267,2025-03-13,Hogar,Tienda,1,97700.0,0.0
T003972,C00503,2024-09-23,Hogar,Tienda,2,168100.0,0.0
T000022,C00002,2024-11-15,Belleza,Tienda,2,80400.0,0.0
T006829,C00902,2024-01-30,Tecnología,Web,1,628200.0,0.0
T010148,C01363,2024-08-16,Mercado,Web,3,31200.0,0.0
T002658,C00333,2024-05-20,Belleza,Web,2,93100.0,0.0
T005903,C00762,2023-11-29,Mercado,App,3,51300.0,0.3
T001311,C00165,2024-05-23,Hogar,App,3,97600.0,0.0
T007045,C00933,2025-05-03,Hogar,Tienda,3,96100.0,0.0
T008879,C01175,2023-11-27,Tecnología,Tienda,3,753500.0,0.1
T006149,C00801,2024-11-18,Mercado,App,2,29000.0,0.0
T007510,C00991,2025-05-24,Mercado,App,1,56600.0,0.0
T008345,C01106,2024-12-12,Mercado,Web,3,51400.0,0.1
T008553,C01132,2024-07-11,Mercado,App,3,49400.0,0.0
T002979,C00371,2023-09-23,Tecnología,App,3,349000.0,0.0
T009353,C01251,2023-05-07,Moda,Web,3,153800.0,0.1
T008427,C01116,2024-07-01,Moda,Web,2,172600.0,0.0
T005583,C00722,2025-03-04,Hogar,Web,1,129400.0,0.0
T006537,C00860,2024-09-13,Tecnología,Tienda,3,811500.0,0.0
T003442,C00434,2024-07-24,Mercado,Web,2,64200.0,0.0
T006631,C00875,2024-07-09,Moda,App,3,158100.0,0.0
T003020,C00377,2024-03-10,Tecnología,Tienda,2,724500.0,0.0
T001159,C00146,2024-04-07,Mercado,Tienda,1,47900.0,0.0
T003851,C00484,2025-05-19,Tecnología,App,2,554900.0,0.0
T001160,C00146,2024-07-14,Hogar,Tienda,1,120000.0,0.0
T006208,C00810,2024-09-02,Mercado,Tienda,3,78100.0,0.0
T005115,C00661,2024-06-02,Tecnología,Tienda,1,408000.0,0.0
T003363,C00426,2025-04-08,Moda,Web,3,133300.0,0.0
T007814,C01028,2024-12-19,Hogar,App,2,154500.0,0.3
T004968,C00640,2025-02-04,Belleza,App,3,62800.0,0.0
T010482,C01409,2024-03-04,Hogar,Tienda,2,140700.0,0.0
T009532,C01273,2024-07-20,Tecnología,Web,2,1140900.0,0.0
T001663,C00207,2024-04-24,Mercado,Web,1,45300.0,0.0
T009044,C01199,2024-09-12,Mercado,App,1,46200.0,0.2
T006293,C00822,2024-02-05,Moda,Tienda,2,89300.0,0.0
T002110,C00264,2024-08-08,Hogar,App,2,135600.0,0.3
T002800,C00348,2024-09-08,Mercado,App,1,73400.0,0.0
T004534,C00585,2023-11-25,Belleza,Tienda,3,54100.0,0.2
T006506,C00854,2024-11-15,Moda,Tienda,2,94400.0,0.0
T003912,C00495,2024-07-02,Tecnología,Tienda,2,247800.0,0.0
T006251,C00817,2025-05-11,Moda,Tienda,1,71600.0,0.0
T003338,C00423,2025-01-05,Mercado,Tienda,3,70000.0,0.3
T003492,C00436,2024-04-16,Mercado,App,1,58700.0,0.2
T003556,C00447,2023-08-17,Belleza,App,3,59700.0,0.0
T001424,C00177,2023-10-15,Belleza,Tienda,2,98700.0,0.0
T010736,C01442,2024-10-01,Hogar,App,1,151900.0,0.0
T001374,C00172,2024-12-25,Moda,Tienda,3,7400.0,0.3
T010928,C01471,2024-09-29,Mercado,App,1,48900.0,0.0
T002954,C00368,2024-05-20,Moda,Tienda,2,33500.0,0.0
T008623,C01140,2024-04-05,Moda,Tienda,1,114800.0,0.3
T010551,C01416,2024-04-16,Belleza,Tienda,1,5000.0,0.0
T000403,C00050,2024-11-23,Belleza,Tienda,1,73700.0,0.2
T005846,C00757,2025-02-27,Hogar,App,1,137600.0,0.0
T000758,C00097,2024-07-16,Mercado,Web,1,45400.0,0.0
T006495,C00854,2025-05-20,Hogar,Tienda,1,120700.0,0.0
T008204,C01086,2025-04-24,Moda,Tienda,3,92200.0,0.0
T004939,C00638,2025-04-12,Hogar,App,2,106100.0,0.0
T004405,C00567,2024-11-18,Belleza,Tienda,3,60900.0,0.3
T001153,C00145,2024-04-18,Tecnología,Tienda,1,778900.0,0.0
T003032,C00380,2024-10-14,Hogar,Tienda,2,169400.0,0.0
T004616,C00594,2024-07-28,Moda,Tienda,1,180200.0,0.0
T008751,C01159,2025-02-06,Moda,Tienda,3,135200.0,0.3
T007875,C01037,2023-07-21,Belleza,Web,2,60300.0,0.0
T008749,C01159,2025-03-17,Belleza,Tienda,2,75900.0,0.0
T006038,C00784,2024-12-03,Mercado,Tienda,1,34400.0,0.3
T009693,C01299,2024-06-17,Moda,Tienda,2,145900.0,0.3
T009755,C01312,2025-04-04,Mercado,Tienda,1,39600.0,0.0
T010168,C01364,2024-08-11,Mercado,App,3,32700.0,0.1
T003144,C00398,2024-11-19,Tecnología,App,3,751600.0,0.3
T010060,C01353,2023-11-25,Hogar,App,3,89400.0,0.0
T003714,C00470,2024-10-09,Belleza,Web,2,87500.0,0.0
T002645,C00331,2024-03-06,Moda,Tienda,2,155800.0,0.0
T003598,C00453,2024-03-16,Hogar,Tienda,2,126900.0,0.0
T008183,C01085,2023-09-25,Mercado,Tienda,1,31100.0,0.2
T009757,C01312,2025-05-26,Moda,Tienda,1,188500.0,0.3
T010026,C01349,2024-05-24,Belleza,Tienda,2,82700.0,0.0
T007227,C00956,2024-07-01,Hogar,Tienda,1,118500.0,0.3
T004143,C00529,2025-02-23,Mercado,Tienda,2,75000.0,0.0
T000925,C00118,2024-06-26,Belleza,Tienda,1,88800.0,0.0
T006505,C00854,2023-07-28,Moda,Tienda,1,213100.0,0.0
T003875,C00488,2024-08-07,Moda,Tienda,1,164700.0,0.0
T002533,C00317,2023-09-11,Hogar,Web,2,109200.0,0.0
T004074,C00521,2024-10-11,Mercado,App,2,53800.0,0.0
T009654,C01292,2023-09-09,Hogar,Tienda,3,102200.0,0.0
T002720,C00338,2025-01-13,Mercado,Web,2,44500.0,0.0
T002968,C00369,2025-04-14,Mercado,Tienda,1,28600.0,0.0
T009068,C01203,2024-03-30,Moda,Web,2,177300.0,0.2
T006540,C00861,2024-12-31,Belleza,Tienda,1,61800.0,0.1
T006870,C00909,2024-12-05,Belleza,Web,3,82000.0,0.0
T007868,C01035,2024-04-01,Moda,App,2,175700.0,0.0
T005677,C00734,2024-10-27,Tecnología,App,1,1041000.0,0.0
T010362,C01389,2024-09-19,Moda,Web,2,86700.0,0.0
T004922,C00637,2024-05-08,Tecnología,Tienda,3,487800.0,0.2
T005958,C00770,2025-01-06,Hogar,Tienda,1,126200.0,0.0
T004797,C00617,2025-06-19,Moda,Tienda,1,82200.0,0.0
T004328,C00555,2024-10-27,Belleza,Web,2,74900.0,0.0
T002483,C00310,2024-07-22,Belleza,Tienda,3,78000.0,0.0
T005710,C00739,2024-10-03,Mercado,Web,1,,0.3
T002022,C00254,2024-12-30,Tecnología,Tienda,1,530300.0,0.2
T007942,C01050,2024-02-07,Mercado,App,3,46200.0,0.0
T007504,C00990,2024-09-06,Moda,Tienda,2,92900.0,0.0
T000008,C00001,2024-10-02,Mercado,Tienda,2,47900.0,0.0
T004205,C00537,2024-03-24,Mercado,App,3,35300.0,0.3
T010056,C01353,2024-05-27,Mercado,App,2,42100.0,0.0
T006442,C00846,2024-08-14,Mercado,Tienda,2,53200.0,0.1
T000935,C00119,2025-03-11,Mercado,Tienda,3,43600.0,0.0
T004468,C00577,2024-02-16,Belleza,Tienda,2,74400.0,0.0
T008754,C01159,2024-11-02,Mercado,Tienda,3,,0.0
T010529,C01413,2023-10-30,Belleza,Tienda,1,65000.0,0.0
T010645,C01433,2024-01-17,Moda,Tienda,2,127100.0,0.0
T008617,C01138,2024-09-20,Mercado,Tienda,3,53900.0,0.0
T008561,C01133,2024-05-04,Mercado,App,1,71700.0,0.0
T010567,C01418,2024-10-14,Mercado,Tienda,3,49100.0,0.0
T008853,C01171,2024-12-11,Mercado,Web,2,47300.0,0.0
T009789,C01318,2024-11-19,Belleza,Tienda,1,88900.0,0.2
T004509,C00583,2024-04-03,Mercado,Tienda,1,41400.0,0.0
T004290,C00551,2024-12-10,Mercado,Tienda,3,44800.0,0.0
T008334,C01104,2024-11-12,Moda,Tienda,1,143200.0,0.0
T001827,C00232,2025-01-17,Mercado,App,2,38000.0,0.1
T010495,C01410,2024-10-24,Tecnología,Tienda,1,135900.0,0.0
T003123,C00394,2025-05-26,Hogar,Tienda,3,118000.0,0.0
T005793,C00750,2024-11-29,Mercado,Tienda,3,47200.0,0.0
T010995,C01480,2024-01-07,Belleza,Web,1,120300.0,0.0
T008567,C01133,2024-07-18,Mercado,Tienda,3,40800.0,0.0
T003985,C00506,2024-10-04,Mercado,App,2,50900.0,0.0
T009714,C01304,2024-08-01,Mercado,Tienda,2,42300.0,0.0
T007727,C01016,2024-11-15,Mercado,Tienda,3,42200.0,0.0
T006227,C00812,2024-08-22,Hogar,Tienda,3,166400.0,0.0
T004528,C00585,2023-11-06,Tecnología,Tienda,3,617600.0,0.1
T003356,C00426,2025-02-14,Tecnología,Tienda,3,547800.0,0.0
T000806,C00102,2024-05-10,Belleza,Tienda,2,73800.0,0.0
T009723,C01306,2023-09-02,Hogar,Tienda,2,88800.0,0.0
T010438,C01402,2025-02-05,Mercado,Tienda,1,34700.0,0.1
T000747,C00096,2024-10-04,Moda,App,1,177100.0,0.0
T009933,C01334,2025-04-01,Mercado,App,2,50900.0,0.0
T001721,C00214,2024-10-18,Mercado,Tienda,2,55600.0,0.0
T008062,C01067,2024-07-30,Mercado,Tienda,3,35900.0,0.1
T009663,C01294,2024-05-14,Moda,Tienda,2,174700.0,0.0
T010856,C01459,2024-09-14,Mercado,Tienda,2,39800.0,0.0
T000523,C00065,2024-05-16,Hogar,App,2,119500.0,0.0
T002222,C00280,2023-12-27,Belleza,App,1,44800.0,0.3
T009909,C01330,2023-12-09,Belleza,Tienda,2,65100.0,0.0
T009428,C01258,2025-01-12,Hogar,App,2,128000.0,0.0
T003793,C00477,2023-10-28,Moda,App,3,208300.0,0.2
T003076,C00387,2024-09-01,Mercado,App,2,39500.0,0.0
T000488,C00061,2024-09-28,Mercado,Tienda,3,29800.0,0.0
T006919,C00915,2025-01-16,Belleza,Web,2,96600.0,0.0
T009337,C01249,2025-03-06,Hogar,Web,1,97300.0,0.0
T009292,C01242,2023-12-08,Hogar,App,2,125500.0,0.2
T005227,C00675,2024-10-02,Tecnología,App,1,597200.0,0.0
T005546,C00720,2024-11-30,Hogar,Web,3,186700.0,0.2
T001130,C00143,2024-01-23,Mercado,Web,3,19200.0,0.0
T004268,C00548,2024-06-22,Tecnología,App,2,414400.0,0.2
T006978,C00921,2025-05-04,Mercado,Tienda,2,57800.0,0.0
T000198,C00022,2023-10-29,Hogar,Tienda,3,58400.0,0.0
T010511,C01411,2023-11-06,Belleza,Tienda,3,59000.0,0.1
T004717,C00603,2024-04-06,Moda,App,1,132700.0,0.0
T003800,C00478,2024-05-07,Mercado,Tienda,2,21700.0,0.0
T007017,C00926,2023-12-02,Belleza,Tienda,3,63000.0,0.0
T003978,C00503,2024-07-15,Hogar,App,3,88200.0,0.0
T007291,C00964,2024-11-22,Hogar,Web,1,137800.0,0.0
T007796,C01025,2024-09-11,Belleza,Tienda,2,66400.0,0.0
T004318,C00553,2025-04-07,Belleza,Web,2,82600.0,0.0
T000557,C00070,2023-07-07,Belleza,Tienda,2,49100.0,0.2
T006972,C00920,2024-02-01,Hogar,Tienda,1,219400.0,0.0
T010007,C01346,2025-01-08,Mercado,Tienda,2,42700.0,0.0
T010466,C01407,2023-12-01,Belleza,App,2,81400.0,0.1
T009768,C01313,2024-08-04,Belleza,Tienda,1,72700.0,0.0
T006048,C00785,2025-04-11,Moda,App,1,203200.0,0.0
T009135,C01213,2023-09-26,Belleza,App,1,81900.0,0.0
T010502,C01410,2024-07-14,Tecnología,Web,2,609500.0,0.0
T008590,C01136,2024-11-02,Mercado,Tienda,3,39700.0,0.3
T010313,C01383,2023-04-12,Mercado,Tienda,1,59500.0,0.1
T008629,C01141,2024-01-05,Hogar,App,1,102600.0,0.0
T009630,C01288,2024-09-12,Mercado,App,2,67900.0,0.0
T004121,C00528,2024-09-07,Mercado,Tienda,3,62100.0,0.2
T000060,C00006,2024-03-01,Belleza,Web,2,81700.0,0.0
T001612,C00203,2024-09-24,Belleza,App,3,54800.0,0.1
T001565,C00196,2024-06-12,Mercado,Tienda,2,45500.0,0.0
T010958,C01475,2024-12-03,Moda,Tienda,3,121500.0,0.3
T004842,C00625,2024-10-07,Mercado,App,3,45200.0,0.0
T002481,C00310,2025-04-24,Mercado,Tienda,2,38300.0,0.1
T002142,C00267,2025-06-01,Mercado,Tienda,1,36600.0,0.1
T003666,C00464,2024-10-06,Belleza,Tienda,2,70200.0,0.0
T007391,C00976,2024-04-05,Mercado,Tienda,2,33600.0,0.0
T002889,C00361,2023-07-09,Mercado,App,3,46500.0,0.0
T001889,C00237,2024-01-22,Belleza,App,2,52000.0,0.0
T004553,C00587,2025-03-25,Mercado,Web,1,55600.0,0.0
T007950,C01051,2024-07-08,Mercado,App,3,31200.0,0.0
T004136,C00529,2025-01-27,Tecnología,Web,1,973300.0,0.1
T009998,C01344,2025-04-16,Moda,Tienda,3,113800.0,0.0
T001782,C00224,2025-05-09,Moda,Tienda,2,205700.0,0.0
T006468,C00850,2024-11-13,Belleza,Tienda,2,41300.0,0.2
T007595,C01001,2023-12-29,Hogar,Web,3,106400.0,0.1
T001135,C00144,2023-10-06,Mercado,App,2,56600.0,0.0
T000112,C00013,2024-06-16,Moda,App,3,113000.0,0.2
T009019,C01195,2023-11-19,Belleza,Web,3,78800.0,0.0
T002024,C00255,2025-03-08,Mercado,App,3,42400.0,0.0
T009169,C01218,2025-03-13,Mercado,Web,3,40100.0,0.0
T000529,C00066,2024-02-25,Belleza,Tienda,1,48000.0,0.0
T000853,C00111,2024-07-17,Tecnología,App,3,589500.0,0.0
T008658,C01146,2023-08-17,Mercado,Tienda,1,72700.0,0.0
T002090,C00261,2024-03-01,Mercado,Tienda,1,50500.0,0.1
T005741,C00743,2024-07-09,Mercado,Tienda,1,45500.0,0.0
T009920,C01332,2023-10-13,Tecnología,Web,2,588300.0,0.0
T003261,C00413,2023-05-08,Hogar,Web,2,92200.0,0.0
T002269,C00284,2024-12-08,Mercado,App,3,59100.0,0.0
T001997,C00250,2024-06-05,Mercado,Tienda,3,46300.0,0.0
T000837,C00108,2025-05-26,Belleza,Tienda,2,64900.0,0.3
T008864,C01173,2024-10-06,Mercado,Tienda,2,38900.0,0.0
T003404,C00428,2023-12-17,Moda,App,2,139400.0,0.1
T004154,C00530,2024-05-01,Hogar,App,3,133600.0,0.0
T008888,C01176,2023-11-04,Mercado,Web,2,46700.0,0.0
T001610,C00203,2024-05-24,Mercado,Tienda,2,50000.0,0.0
T008194,C01085,2024-09-17,Tecnología,App,2,646900.0,0.0
T009206,C01224,2023-10-29,Mercado,Tienda,2,66800.0,0.0
T007142,C00944,2025-04-28,Hogar,App,2,60200.0,0.0
T006026,C00781,2025-06-05,Mercado,Tienda,1,46100.0,0.0
T000264,C00030,2024-07-30,Belleza,Tienda,2,55300.0,0.0
T009151,C01217,2024-06-03,Mercado,Web,3,57900.0,0.0
T000526,C00065,2025-04-16,Belleza,Tienda,1,60200.0,0.0
T003154,C00399,2025-01-27,Belleza,Tienda,3,89500.0,0.0
T007036,C00930,2024-04-16,Mercado,Tienda,3,49800.0,0.2
T008446,C01119,2023-07-27,Hogar,App,1,82500.0,0.0
T001814,C00230,2025-06-07,Hogar,Web,1,80400.0,0.0
T002967,C00369,2024-10-30,Mercado,App,2,45700.0,0.0
T007221,C00955,2024-07-16,Hogar,Tienda,2,96500.0,0.0
T005736,C00743,2024-09-04,Mercado,Tienda,3,36800.0,0.0
T004248,C00544,2024-07-30,Mercado,Web,2,30700.0,0.2
T000783,C00101,2024-08-03,Mercado,Tienda,3,46600.0,0.0
T000519,C00065,2023-08-29,Mercado,Web,1,26200.0,0.0
T008998,C01193,2025-05-14,Hogar,Tienda,2,59500.0,0.0
T004420,C00570,2024-07-23,Mercado,Tienda,1,45400.0,0.0
T006427,C00843,2024-10-07,Mercado,Tienda,1,40400.0,0.0
T003967,C00501,2024-11-15,Moda,Tienda,3,169900.0,0.0
T006625,C00874,2024-11-02,Mercado,App,3,52400.0,0.2
T004807,C00618,2024-09-12,Mercado,Web,3,49700.0,0.0
T010978,C01478,2025-02-18,Hogar,Web,2,124000.0,0.0
T001709,C00213,2024-04-27,Mercado,Web,2,59700.0,0.0
T004567,C00589,2024-10-25,Mercado,Tienda,2,56300.0,0.0
T005811,C00753,2023-12-25,Mercado,Tienda,2,49100.0,0.0
T003964,C00501,2024-07-31,Tecnología,Tienda,2,648800.0,0.0
T010832,C01456,2024-01-07,Hogar,Tienda,1,122800.0,0.0
T007695,C01014,2024-04-22,Moda,App,3,139000.0,0.0
T005149,C00667,2024-03-03,Moda,Tienda,3,157200.0,0.3
T009564,C01275,2024-08-21,Mercado,Tienda,1,14300.0,0.0
T010013,C01347,2024-09-02,Mercado,Tienda,2,50000.0,0.0
T003196,C00405,2025-03-13,Hogar,Web,3,90900.0,0.1
T011088,C01494,2025-05-06,Belleza,App,2,68100.0,0.0
T010749,C01444,2024-03-17,Tecnología,Tienda,2,873900.0,0.0
T007408,C00977,2023-06-26,Mercado,App,3,35600.0,0.0
T010528,C01413,2024-10-28,Moda,Web,1,137300.0,0.0
T000889,C00114,2024-06-28,Tecnología,Tienda,1,625500.0,0.0
T005025,C00646,2024-09-12,Mercado,Tienda,1,46500.0,0.0
T006668,C00879,2025-04-17,Hogar,App,2,176900.0,0.0
T005472,C00710,2025-04-14,Tecnología,Tienda,2,327100.0,0.0
T009367,C01252,2024-12-13,Moda,Tienda,3,141900.0,0.0
T001891,C00237,2024-04-17,Hogar,App,1,143700.0,0.0
T000539,C00067,2024-02-20,Mercado,Web,2,33000.0,0.0
T004350,C00558,2025-02-20,Tecnología,Tienda,3,639100.0,0.0
T005520,C00715,2025-01-25,Mercado,Web,1,28700.0,0.0
T003078,C00388,2025-06-03,Mercado,Tienda,2,63200.0,0.2
T006568,C00867,2024-10-25,Moda,Web,3,168600.0,0.0
T000394,C00049,2025-03-12,Belleza,Tienda,1,78300.0,0.0
T004099,C00525,2025-03-23,Moda,Web,2,163800.0,0.2
T003726,C00472,2024-11-04,Moda,App,2,164500.0,0.2
T010914,C01470,2025-02-08,Moda,Tienda,1,118600.0,0.0
T003408,C00429,2023-10-12,Belleza,Tienda,3,58500.0,0.0
T010044,C01351,2025-04-18,Mercado,App,1,42100.0,0.0
T004913,C00636,2025-04-11,Moda,Web,2,208800.0,0.0
T002630,C00327,2024-04-18,Hogar,Tienda,1,105600.0,0.2
T009529,C01272,2024-06-08,Mercado,App,2,63300.0,0.0
T008131,C01078,2023-12-12,Mercado,Web,1,41400.0,0.0
T007613,C01003,2024-10-25,Moda,App,3,129200.0,0.0
T007266,C00961,2025-05-26,Mercado,Tienda,2,47000.0,0.0
T003840,C00484,2025-02-11,Tecnología,Tienda,3,685600.0,0.0
T003657,C00463,2025-03-14,Mercado,Tienda,3,51400.0,0.0
T008022,C01061,2024-12-09,Moda,Web,2,165000.0,0.1
T000477,C00060,2025-03-23,Mercado,Tienda,3,42300.0,0.0
T003186,C00404,2024-08-12,Belleza,Web,1,46100.0,0.0
T000600,C00077,2025-03-25,Hogar,Tienda,3,126700.0,0.0
T003276,C00414,2024-11-21,Moda,Tienda,2,145000.0,0.0
T004948,C00639,2024-02-26,Mercado,Tienda,2,24200.0,0.0
T009213,C01225,2023-12-13,Mercado,App,1,23600.0,0.0
T002181,C00274,2024-01-27,Belleza,Tienda,1,108100.0,0.0
T010936,C01472,2024-12-30,Hogar,App,1,195600.0,0.0
T006814,C00901,2024-07-26,Mercado,App,2,65100.0,0.0
T004624,C00596,2024-07-18,Mercado,Web,2,34800.0,0.0
T010273,C01379,2024-06-11,Tecnología,App,2,507600.0,0.1
T007851,C01033,2024-02-08,Mercado,App,1,47400.0,0.0
T006181,C00805,2023-12-23,Moda,App,1,170300.0,0.0
T003346,C00424,2024-07-09,Belleza,Tienda,2,70400.0,0.0
T002164,C00271,2024-02-29,Moda,App,2,101600.0,0.0
T010314,C01383,2023-04-15,Belleza,Tienda,2,56500.0,0.3
T000945,C00120,2024-01-19,Mercado,Tienda,2,45700.0,0.0
T000196,C00022,2023-08-06,Belleza,Tienda,1,94500.0,0.0
T003873,C00487,2024-04-02,Hogar,Tienda,3,104500.0,0.0
T003052,C00383,2024-06-18,Hogar,App,-1,151400.0,0.0
T009250,C01234,2024-02-09,Moda,App,3,161300.0,0.1
T003526,C00442,2024-04-01,Belleza,App,3,74000.0,0.0
T009149,C01216,2025-01-07,Moda,App,2,53300.0,0.0
T001987,C00250,2024-06-27,Mercado,Tienda,2,42100.0,0.0
T000352,C00044,2025-05-09,Moda,Tienda,1,92600.0,0.1
T009376,C01253,2024-07-04,Moda,App,1,195500.0,0.0
T001582,C00198,2024-12-07,Moda,Tienda,3,203800.0,0.2
T007280,C00963,2024-12-14,Mercado,Tienda,3,35400.0,0.1
T006975,C00920,2025-05-26,Mercado,Tienda,1,42400.0,0.0
T004193,C00536,2024-06-08,Belleza,App,2,69400.0,0.0
T006325,C00826,2023-12-18,Mercado,Tienda,3,41100.0,0.1
T008780,C01160,2023-10-17,Moda,Tienda,1,174200.0,0.0
T006847,C00905,2025-03-18,Mercado,App,1,55900.0,0.0
T005312,C00687,2023-12-20,Hogar,Tienda,2,115200.0,0.2
T009400,C01254,2024-07-03,Belleza,App,2,66000.0,0.0
T008964,C01186,2024-09-23,Moda,App,2,144700.0,0.0
T003422,C00431,2024-03-28,Mercado,Web,2,30500.0,0.0
T003693,C00468,2023-12-23,Belleza,Web,2,61700.0,0.1
T005871,C00760,2023-10-04,Moda,App,2,151300.0,0.0
T008233,C01091,2024-04-14,Belleza,App,1,47800.0,0.0
T001764,C00222,2025-05-03,Mercado,App,1,19800.0,0.2
T003880,C00488,2024-08-15,Mercado,Tienda,2,44100.0,0.0
T004881,C00630,2024-06-03,Mercado,Tienda,2,59100.0,0.0
T001626,C00204,2024-04-02,Mercado,App,1,52400.0,0.1
T001387,C00172,2024-09-25,Hogar,App,1,137400.0,0.0
T010773,C01447,2024-11-13,Belleza,Web,2,78100.0,0.0
T001332,C00168,2025-01-08,Moda,App,2,139400.0,0.0
T006302,C00823,2024-09-29,Moda,Tienda,1,182400.0,0.3
T010138,C01362,2024-06-18,Mercado,Tienda,3,36200.0,0.0
T002227,C00280,2024-02-23,Moda,Tienda,1,123000.0,0.0
T002046,C00257,2024-08-20,Hogar,Tienda,3,132200.0,0.0
T003306,C00418,2024-01-11,Mercado,Tienda,1,35000.0,0.3
T004389,C00565,2024-12-13,Moda,App,3,91100.0,0.0
T003168,C00402,2023-10-10,Mercado,Web,3,44100.0,0.0
T010308,C01383,2023-05-25,Mercado,App,2,60800.0,0.0
T008272,C01098,2024-12-02,Mercado,Tienda,3,42600.0,0.3
T000732,C00093,2025-04-15,Belleza,App,2,71600.0,0.0
T001201,C00154,2025-06-06,Belleza,Tienda,3,77800.0,0.0
T006524,C00858,2025-01-25,Belleza,Tienda,3,97200.0,0.1
T010670,C01435,2025-03-16,Mercado,Tienda,1,36400.0,0.0
T009211,C01225,2024-06-20,Mercado,Tienda,2,18400.0,0.0
T008965,C01187,2025-02-08,Moda,Tienda,2,171600.0,0.0
T003770,C00475,2025-04-27,Mercado,Tienda,1,44700.0,0.0
T004671,C00599,2024-01-06,Mercado,Web,1,60300.0,0.0
T000433,C00053,2024-08-18,Tecnología,App,1,420700.0,0.0
T002701,C00337,2025-05-01,Mercado,Web,3,45900.0,0.0
T009629,C01288,2024-02-01,Moda,Tienda,1,121900.0,0.0
T004747,C00608,2023-09-24,Hogar,Tienda,2,65800.0,0.0
T006952,C00919,2024-05-16,Hogar,Tienda,3,104400.0,0.0
T001472,C00185,2023-12-16,Hogar,Tienda,2,112100.0,0.2
T006216,C00811,2024-01-09,Belleza,Tienda,2,66000.0,0.1
T006651,C00877,2024-04-30,Mercado,App,3,29200.0,0.2
T007365,C00972,2024-04-12,Hogar,App,3,39200.0,0.0
T010008,C01346,2025-04-26,Hogar,App,2,110500.0,0.0
T007594,C01001,2024-01-19,Mercado,Web,2,41400.0,0.0
T006276,C00820,2025-02-08,Mercado,Tienda,2,28300.0,0.2
T009199,C01223,2025-05-02,Belleza,Tienda,1,90300.0,0.3
T008692,C01152,2024-07-14,Hogar,Tienda,2,111900.0,0.0
T010116,C01359,2024-05-12,Mercado,Tienda,3,38900.0,0.1
T001265,C00161,2024-03-01,Mercado,Tienda,1,22300.0,0.0
T009175,C01219,2024-09-27,Hogar,Tienda,1,125500.0,0.0
T005937,C00768,2024-04-12,Hogar,Web,2,141100.0,0.0
T005767,C00748,2025-03-27,Mercado,App,3,65400.0,0.3
T002557,C00318,2023-12-15,Mercado,Tienda,1,58500.0,0.1
T000606,C00077,2024-03-09,Tecnología,Web,1,943700.0,0.0
T003379,C00427,2025-03-04,Mercado,Tienda,3,54200.0,0.0
T004153,C00530,2023-05-22,Moda,App,2,185200.0,0.0
T009285,C01241,2023-12-13,Mercado,Web,3,62200.0,0.0
T010295,C01381,2024-10-23,Moda,Web,3,174700.0,0.0
T007165,C00948,2025-05-18,Mercado,Tienda,2,31000.0,0.0
T006326,C00827,2024-06-16,Hogar,Tienda,3,164300.0,0.2
T008835,C01167,2023-05-21,Hogar,Tienda,2,95500.0,0.3
T010481,C01408,2024-03-25,Belleza,Web,3,52400.0,0.0
T004336,C00556,2023-09-05,Moda,App,1,155900.0,0.2
T003508,C00439,2024-03-01,Moda,App,3,177700.0,0.0
T003359,C00426,2025-05-11,Mercado,App,1,40400.0,0.0
T009146,C01215,2025-02-07,Tecnología,App,1,743400.0,0.1
T002050,C00257,2024-11-15,Mercado,Web,2,36900.0,0.0
T007806,C01027,2024-07-22,Hogar,Web,1,101400.0,0.2
T004392,C00565,2024-08-27,Hogar,Tienda,1,141900.0,0.0
T000661,C00083,2024-02-02,Mercado,Tienda,2,40300.0,0.0
T005146,C00667,2024-10-21,Moda,App,3,222600.0,0.2
T004361,C00559,2023-07-12,Tecnología,Tienda,2,390200.0,0.1
T005173,C00670,2024-04-15,Hogar,Tienda,1,74400.0,0.1
T004501,C00582,2025-03-17,Moda,Tienda,1,134100.0,0.0
T008424,C01116,2025-04-29,Belleza,Tienda,2,96400.0,0.0
T001258,C00160,2025-01-06,Moda,Tienda,1,154700.0,0.0
T000645,C00082,2023-08-07,Mercado,Web,2,26000.0,0.0
T002316,C00287,2023-06-01,Mercado,App,2,22500.0,0.2
T007600,C01001,2023-12-16,Hogar,Web,1,132300.0,0.2
T005669,C00731,2025-03-31,Hogar,Tienda,3,124200.0,0.0
T008359,C01109,2024-08-20,Mercado,Tienda,2,56700.0,0.2
T008470,C01123,2024-02-05,Moda,App,2,156000.0,0.0
T000006,C00001,2025-01-19,Mercado,Tienda,3,30900.0,0.0
T002166,C00271,2024-12-24,Belleza,App,2,67500.0,0.0
T008215,C01089,2024-09-18,Belleza,App,3,90000.0,0.0
T004431,C00570,2024-08-12,Mercado,Web,3,38800.0,0.0
T001511,C00190,2025-05-31,Mercado,Web,2,41300.0,0.0
T010941,C01473,2024-07-03,Hogar,App,2,140900.0,0.0
T001080,C00138,2024-02-10,Belleza,Tienda,1,53200.0,0.0
T003436,C00433,2023-11-23,Mercado,App,1,33400.0,0.0
T004591,C00592,2024-05-08,Belleza,Tienda,1,66100.0,0.0
T001586,C00199,2023-11-04,Belleza,Tienda,2,85900.0,0.0
T000383,C00047,2024-09-03,Hogar,Tienda,1,135800.0,0.1
T006904,C00914,2024-12-18,Mercado,Tienda,3,72400.0,0.1
T007273,C00961,2025-05-13,Moda,Web,1,212200.0,0.3
T008516,C01127,2024-10-19,Hogar,Web,1,111300.0,0.0
T004145,C00529,2024-10-08,Belleza,Tienda,1,84000.0,0.0
T001455,C00184,2025-03-28,Belleza,Web,1,72500.0,0.0
T007525,C00993,2024-02-22,Hogar,App,2,139800.0,0.1
T006132,C00798,2024-11-24,Mercado,Tienda,2,34000.0,0.0
T000094,C00011,2024-09-06,Moda,Tienda,3,123400.0,0.0
T011123,C01499,2024-06-02,Hogar,App,3,127000.0,0.1
T002289,C00285,2024-01-18,Mercado,App,3,31600.0,0.0
T008381,C01112,2025-04-20,Mercado,App,1,48800.0,0.0
T001099,C00140,2023-10-24,Mercado,Tienda,3,39600.0,0.1
T001978,C00248,2024-02-15,Tecnología,Tienda,3,751600.0,0.0
T002762,C00343,2024-10-24,Mercado,Tienda,2,45000.0,0.2
T001894,C00237,2024-05-21,Mercado,App,3,45000.0,0.1
T004409,C00568,2023-09-01,Belleza,Tienda,2,47600.0,0.3
T004337,C00556,2024-02-22,Mercado,Tienda,1,48700.0,0.2
T010068,C01354,2024-12-28,Belleza,Tienda,3,77700.0,0.1
T007740,C01017,2025-06-23,Mercado,Tienda,2,49800.0,0.0
T005175,C00671,2025-05-11,Mercado,App,3,59300.0,0.2
T006273,C00820,2025-02-03,Moda,Tienda,3,103600.0,0.0
T007068,C00937,2025-01-31,Mercado,App,3,38600.0,0.0
T004832,C00623,2025-06-08,Hogar,Tienda,3,116900.0,0.0
T008906,C01177,2023-05-29,Tecnología,Tienda,2,489100.0,0.0
T005404,C00702,2024-03-05,Mercado,Tienda,3,40000.0,0.0
T008089,C01071,2024-06-14,Tecnología,App,3,599400.0,0.0
T007171,C00949,2024-05-27,Mercado,App,2,39900.0,0.0
T005402,C00701,2023-10-15,Mercado,Tienda,2,53100.0,0.0
T001850,C00234,2024-07-07,Hogar,Tienda,3,145600.0,0.0
T007765,C01020,2024-09-26,Moda,App,2,167800.0,0.0
T009759,C01312,2024-10-30,Mercado,App,2,35100.0,0.0
T008453,C01120,2024-01-13,Tecnología,Web,1,860000.0,0.0
T004678,C00600,2023-11-23,Tecnología,Web,1,539600.0,0.0
T003081,C00388,2025-03-02,Mercado,Web,3,55100.0,0.0
T001377,C00172,2023-03-18,Mercado,Tienda,2,45100.0,0.3
T009499,C01267,2023-05-22,Mercado,Tienda,1,58400.0,0.0
T000482,C00060,2025-02-12,Moda,Web,2,165700.0,0.1
T005607,C00725,2025-02-03,Mercado,App,3,47800.0,0.0
T008372,C01111,2023-10-18,Belleza,App,1,78900.0,0.0
T008222,C01090,2025-05-01,Mercado,Tienda,1,30800.0,0.0
T005879,C00760,2023-11-28,Mercado,Tienda,2,41000.0,0.0
T001356,C00170,2025-06-23,Belleza,Web,3,59700.0,0.0
T010431,C01399,2025-02-26,Belleza,App,3,39700.0,0.0
T005385,C00698,2025-01-27,Hogar,Web,3,152200.0,0.0
T006874,C00910,2023-08-27,Tecnología,App,2,256900.0,0.0
T007904,C01044,2024-04-04,Mercado,App,1,40700.0,0.0
T001602,C00202,2024-05-15,Moda,Tienda,2,105400.0,0.0
T008028,C01062,2024-07-02,Mercado,Tienda,3,41600.0,0.0
T004010,C00511,2023-09-23,Mercado,Tienda,3,69900.0,0.1
T004401,C00567,2024-05-04,Mercado,App,2,38500.0,0.0
T010544,C01415,2025-03-19,Mercado,App,3,55000.0,0.0
T004587,C00592,2024-05-07,Mercado,Tienda,2,31200.0,0.1
T004461,C00575,2025-05-29,Belleza,Web,1,27700.0,0.0
T003697,C00469,2024-10-29,Belleza,Tienda,2,38800.0,0.0
T009083,C01207,2024-12-03,Tecnología,App,2,550400.0,0.0
T009560,C01275,2025-01-09,Mercado,Tienda,2,39800.0,0.0
T002397,C00303,2025-03-23,Moda,Tienda,2,219500.0,0.2
T003727,C00472,2024-06-18,Mercado,Web,3,76800.0,0.0
T007984,C01056,2023-05-09,Mercado,Tienda,2,39400.0,0.0
T008540,C01130,2024-10-22,Hogar,Tienda,1,100000.0,0.2
T001037,C00135,2025-04-15,Hogar,App,1,112100.0,0.3
T008000,C01059,2024-09-25,Mercado,Tienda,1,42000.0,0.2
T002906,C00363,2024-03-13,Mercado,App,1,54000.0,0.0
T007136,C00942,2024-08-21,Mercado,Tienda,2,18700.0,0.0
T004710,C00603,2025-06-08,Moda,App,1,81600.0,0.0
T006050,C00786,2024-01-19,Hogar,Tienda,1,127000.0,0.0
T007137,C00942,2024-03-17,Mercado,App,1,65800.0,0.0
T010389,C01393,2024-05-17,Mercado,App,2,44300.0,0.0
T010023,C01348,2024-06-25,Belleza,Web,2,67900.0,0.2
T009859,C01324,2023-05-16,Mercado,Tienda,2,39800.0,0.0
T001503,C00190,2024-12-27,Belleza,Web,2,82800.0,0.1
T011128,C01499,2025-03-30,Moda,Web,3,129700.0,0.0
T007065,C00937,2024-12-09,Moda,Web,1,165900.0,0.1
T009304,C01243,2024-06-09,Moda,Tienda,3,173000.0,0.0
T000516,C00065,2024-11-29,Moda,Tienda,1,122100.0,0.0
T011112,C01497,2025-03-11,Moda,Tienda,2,99500.0,0.1
T006955,C00919,2024-08-06,Mercado,Web,1,61700.0,0.0
T009153,C01217,2023-11-17,Belleza,Web,2,114800.0,0.0
T009481,C01266,2025-01-29,Tecnología,Tienda,1,269800.0,0.0
T003595,C00452,2025-01-13,Moda,App,3,245200.0,0.0
T009465,C01265,2025-03-22,Hogar,App,2,60000.0,0.0
T000950,C00121,2024-08-05,Hogar,App,3,92600.0,0.0
T004326,C00555,2024-07-20,Belleza,Tienda,1,105100.0,0.0
T000287,C00034,2024-05-01,Hogar,App,1,174000.0,0.0
T002360,C00296,2024-11-29,Mercado,App,1,38600.0,0.2
T008313,C01102,2025-03-04,Mercado,Tienda,2,54200.0,0.0
T000064,C00006,2025-01-10,Hogar,Web,2,81200.0,0.0
T004398,C00567,2024-05-21,Belleza,Tienda,1,64600.0,0.2
T002551,C00317,2024-09-13,Hogar,Tienda,2,135800.0,0.0
T002963,C00369,2024-05-26,Mercado,Tienda,1,68100.0,0.0
T005354,C00692,2023-11-04,Moda,Tienda,1,165300.0,0.0
T010900,C01467,2023-10-13,Moda,Web,2,136700.0,0.3
T008697,C01153,2024-05-25,Mercado,Tienda,2,54800.0,0.0
T005671,C00732,2023-09-25,Hogar,Web,3,62500.0,0.0
T009200,C01223,2025-05-16,Mercado,App,1,52700.0,0.0
T003434,C00433,2023-07-19,Mercado,Tienda,3,46800.0,0.0
T003729,C00472,2024-02-03,Moda,Web,2,154500.0,0.0
T007428,C00980,2025-06-25,Mercado,Tienda,1,43300.0,0.3
T000808,C00103,2024-12-23,Mercado,Tienda,1,14900.0,0.0
T005120,C00661,2025-02-21,Hogar,Tienda,2,92300.0,0.0
T001731,C00217,2024-08-11,Tecnología,Web,1,930900.0,0.0
T001479,C00186,2023-02-28,Hogar,Tienda,3,105700.0,0.0
T009808,C01320,2024-05-15,Mercado,App,2,58900.0,0.0
T002253,C00283,2024-04-27,Mercado,App,3,36000.0,0.0
T004574,C00590,2024-01-07,Mercado,Tienda,2,41500.0,0.0
T000957,C00122,2024-07-09,Mercado,Tienda,2,55300.0,0.0
T007486,C00987,2025-06-27,Tecnología,Web,3,299700.0,0.0
T004575,C00590,2023-12-29,Hogar,App,1,118000.0,0.0
T004838,C00624,2024-05-19,Mercado,App,1,69100.0,0.2
T002044,C00257,2024-06-22,Mercado,Tienda,3,48100.0,0.0
T010659,C01433,2024-05-26,Hogar,App,1,134800.0,0.0
T003572,C00449,2024-08-03,Tecnología,Web,1,927300.0,0.2
T000772,C00100,2024-07-27,Mercado,App,1,60400.0,0.3
T011005,C01480,2024-07-31,Hogar,Web,3,103000.0,0.2
T009634,C01289,2024-10-07,Hogar,App,2,204100.0,0.0
T010361,C01389,2025-04-27,Moda,App,1,115100.0,0.1
T009906,C01330,2024-05-30,Hogar,Tienda,1,137600.0,0.0
T001500,C00189,2023-11-22,Mercado,Tienda,2,48500.0,0.2
T010096,C01357,2024-12-02,Mercado,Web,3,51000.0,0.0
T008941,C01182,2024-04-10,Mercado,App,1,64900.0,0.0
T000632,C00082,2025-04-25,Mercado,Tienda,1,62200.0,0.0
T009621,C01288,2025-01-10,Hogar,Web,3,120400.0,0.0
T007111,C00941,2024-09-15,Mercado,App,1,50800.0,0.0
T010557,C01416,2024-09-14,Mercado,App,1,50900.0,0.0
T002254,C00283,2024-12-12,Hogar,Web,1,120900.0,0.1
T001720,C00214,2024-02-23,Hogar,Tienda,2,126000.0,0.2
T002312,C00286,2024-07-30,Mercado,Tienda,1,53900.0,0.1
T007757,C01019,2024-04-23,Belleza,Tienda,3,48500.0,0.0
T009584,C01280,2023-12-19,Mercado,Tienda,1,25400.0,0.0
T011008,C01481,2024-12-16,Belleza,Tienda,3,65100.0,0.0
T004736,C00606,2024-02-29,Mercado,Tienda,1,40400.0,0.0
T000265,C00030,2024-05-12,Mercado,Tienda,1,24500.0,0.0
T007019,C00927,2023-10-20,Moda,Tienda,1,150900.0,0.0
T004623,C00596,2024-07-18,Belleza,App,2,90000.0,0.3
T007093,C00938,2024-09-08,Mercado,Tienda,2,61500.0,0.2
T004262,C00547,2023-08-19,Moda,Web,2,172200.0,0.0
T010817,C01455,2025-05-14,Hogar,Tienda,1,105000.0,0.3
T008322,C01103,2024-02-11,Mercado,Tienda,3,59200.0,0.1
T010197,C01370,2024-09-20,Hogar,Tienda,2,190200.0,0.0
T001656,C00207,2024-09-23,Belleza,App,3,94300.0,0.0
T000531,C00066,2024-02-22,Mercado,Tienda,1,33700.0,0.3
T007421,C00979,2024-07-14,Hogar,Web,2,76300.0,0.0
T004895,C00632,2025-04-08,Moda,Tienda,2,150700.0,0.0
T000849,C00110,2023-11-28,Mercado,Web,1,51000.0,0.0
T004383,C00565,2025-02-26,Mercado,Tienda,3,67900.0,0.0
T001425,C00178,2024-04-06,Mercado,Tienda,3,69300.0,0.0
T002669,C00333,2025-04-12,Belleza,App,1,99700.0,0.0
T000657,C00082,2023-11-16,Moda,Tienda,3,97600.0,0.0
T007283,C00963,2024-12-07,Mercado,Web,3,47300.0,0.0
T009497,C01267,2023-10-02,Tecnología,App,1,420100.0,0.0
T008121,C01077,2024-11-07,Belleza,App,1,42000.0,0.0
T008916,C01178,2024-03-11,Belleza,Tienda,2,54000.0,0.0
T005067,C00652,2025-03-15,Mercado,Tienda,2,36200.0,0.0
T009274,C01238,2024-11-23,Belleza,App,1,118100.0,0.0
T005567,C00721,2023-09-02,Tecnología,Tienda,3,679500.0,0.2
T007511,C00991,2024-11-21,Mercado,Tienda,1,15700.0,0.0
T001773,C00223,2023-08-24,Hogar,App,3,173600.0,0.0
T002027,C00255,2024-02-06,Moda,App,2,107500.0,0.2
T001535,C00192,2025-06-10,Mercado,Web,3,40800.0,0.0
T011057,C01490,2024-03-30,Belleza,Tienda,1,116200.0,0.0
T003332,C00423,2025-05-25,Mercado,Web,1,36200.0,0.0
T005457,C00709,2024-12-27,Mercado,App,3,40600.0,0.0
T002827,C00354,2023-11-10,Belleza,App,3,79900.0,0.0
T008454,C01120,2025-04-12,Hogar,Tienda,2,164500.0,0.0
T001078,C00138,2024-08-15,Moda,App,1,138400.0,0.0
T004009,C00510,2024-07-30,Hogar,Tienda,2,67600.0,0.0
T000821,C00106,2024-09-30,Mercado,Web,3,18900.0,0.2
T005712,C00739,2024-03-09,Mercado,Tienda,1,40700.0,0.3
T010967,C01476,2025-06-04,Mercado,Tienda,2,43800.0,0.0
T002817,C00351,2025-06-20,Moda,Tienda,1,149800.0,0.0
T009021,C01195,2023-10-13,Belleza,App,3,79800.0,0.3
T001915,C00239,2023-09-24,Hogar,Tienda,1,83700.0,0.3
T001822,C00231,2024-09-20,Mercado,App,3,46700.0,0.0
T011086,C01494,2024-08-13,Tecnología,Tienda,2,695500.0,0.0
T010266,C01378,2025-04-12,Moda,App,3,228700.0,0.0
T002203,C00276,2024-07-10,Mercado,App,2,31400.0,0.0
T007569,C00998,2023-07-28,Mercado,App,3,34200.0,0.1
T001998,C00250,2025-01-13,Belleza,Tienda,2,52300.0,0.0
T008348,C01107,2024-04-01,Tecnología,Tienda,1,867900.0,0.3
T007440,C00981,2024-12-02,Moda,App,1,201500.0,0.2
T004452,C00573,2023-12-23,Belleza,Tienda,2,49200.0,0.0
T006413,C00841,2025-04-07,Moda,Tienda,2,151600.0,0.1
T004670,C00599,2025-02-19,Moda,Tienda,1,169400.0,0.0
T004357,C00559,2023-07-29,Moda,Tienda,2,68800.0,0.0
T001249,C00160,2025-03-05,Mercado,Tienda,3,78800.0,0.0
T010369,C01390,2024-10-01,Hogar,Tienda,3,87900.0,0.2
T007893,C01040,2024-11-24,Belleza,Tienda,2,50800.0,0.3
T004052,C00518,2024-10-05,Belleza,Tienda,2,71000.0,0.0
T001307,C00165,2024-07-21,Mercado,Tienda,1,53700.0,0.2
T010280,C01380,2024-07-07,Moda,App,1,264800.0,0.0
T009688,C01298,2024-07-21,Mercado,App,3,49400.0,0.0
T010692,C01439,2024-06-03,Mercado,App,3,42900.0,0.0
T002496,C00312,2023-11-07,Hogar,Tienda,3,138500.0,0.0
T009596,C01282,2023-11-04,Mercado,Tienda,3,52100.0,0.3
T006964,C00919,2025-04-14,Mercado,Web,2,57100.0,0.0
T003574,C00449,2023-12-05,Mercado,Web,2,38400.0,0.0
T007710,C01015,2025-03-13,Mercado,Tienda,3,60600.0,0.0
T001306,C00165,2025-01-10,Mercado,Tienda,3,33100.0,0.0
T006993,C00924,2024-01-16,Mercado,App,2,62700.0,0.0
T000833,C00108,2024-04-06,Mercado,Tienda,3,57100.0,0.0
T000176,C00021,2025-03-10,Belleza,Tienda,3,99100.0,0.0
T002214,C00277,2024-11-26,Mercado,Tienda,3,34800.0,0.1
T009306,C01243,2023-03-27,Tecnología,Tienda,2,476300.0,0.2
T005308,C00686,2024-08-31,Hogar,Tienda,2,81000.0,0.0
T008409,C01114,2024-07-02,Belleza,Web,2,94700.0,0.0
T000756,C00096,2025-06-06,Hogar,Web,2,75700.0,0.3
T003706,C00470,2024-01-02,Mercado,Tienda,2,82900.0,0.3
T009157,C01218,2024-03-15,Mercado,Web,1,52500.0,0.0
T006781,C00896,2024-06-23,Belleza,Web,1,55500.0,0.0
T009701,C01301,2024-10-30,Moda,App,2,196400.0,0.0
T001405,C00174,2024-08-23,Belleza,Tienda,1,53100.0,0.0
T005151,C00667,2024-12-24,Mercado,Tienda,2,52600.0,0.0
T000076,C00007,2024-03-24,Moda,Tienda,1,161600.0,0.0
T006393,C00838,2023-12-22,Hogar,App,3,95500.0,0.0
T005036,C00648,2025-04-10,Mercado,App,1,41700.0,0.0
T001057,C00136,2024-07-26,Mercado,App,1,43600.0,0.0
T006058,C00787,2024-06-29,Hogar,Tienda,2,189000.0,0.0
T005341,C00691,2024-12-20,Hogar,App,3,11200.0,0.0
T009062,C01201,2024-06-28,Moda,Tienda,1,141400.0,0.0
T000946,C00120,2024-02-23,Mercado,Tienda,3,50000.0,0.2
T005910,C00764,2024-05-26,Moda,Tienda,1,125600.0,0.0
T008600,C01137,2024-05-03,Hogar,Tienda,2,159200.0,0.1
T009541,C01273,2024-08-14,Belleza,Tienda,3,49800.0,0.0
T009385,C01253,2025-04-20,Hogar,Tienda,2,65500.0,0.0
T007207,C00952,2024-03-04,Moda,Tienda,3,220400.0,0.0
T008804,C01164,2025-03-25,Mercado,App,1,47700.0,0.0
T004394,C00566,2024-01-13,Mercado,App,1,50800.0,0.0
T001847,C00234,2024-10-19,Belleza,Tienda,1,69200.0,0.0
T002332,C00289,2025-02-06,Mercado,Tienda,2,5000.0,0.0
T009364,C01252,2024-03-08,Mercado,Tienda,3,31200.0,0.0
T010775,C01447,2024-07-18,Belleza,Tienda,3,79000.0,0.0
T010002,C01345,2024-07-18,Tecnología,Tienda,2,726600.0,0.0
T011040,C01486,2024-04-14,Mercado,Tienda,1,12600.0,0.0
T001573,C00197,2025-05-28,Moda,App,1,34700.0,0.0
T009760,C01312,2025-03-04,Hogar,Tienda,3,117900.0,0.1
T001748,C00219,2023-11-01,Mercado,Tienda,2,39500.0,0.1
T005152,C00668,2024-03-26,Moda,App,1,210000.0,0.0
T008296,C01099,2024-05-04,Mercado,App,2,29100.0,0.0
T006063,C00787,2023-12-03,Moda,App,1,150300.0,0.2
T007742,C01017,2024-12-18,Hogar,Tienda,1,167100.0,0.0
T009383,C01253,2024-05-15,Tecnología,Tienda,2,886100.0,0.0
T008016,C01060,2024-09-26,Mercado,Web,1,38600.0,0.0
T002165,C00271,2023-11-04,Moda,Tienda,3,121100.0,0.2
T001810,C00229,2024-03-29,Hogar,Tienda,3,139400.0,0.0
T009435,C01259,2024-02-04,Hogar,App,3,126200.0,0.3
T009060,C01201,2024-12-24,Hogar,Tienda,2,173100.0,0.0
T003910,C00494,2023-10-28,Mercado,Tienda,2,64400.0,0.0
T009971,C01339,2024-12-06,Mercado,App,2,16800.0,0.3
T003005,C00375,2023-12-29,Mercado,App,2,36600.0,0.0
T006768,C00896,2024-07-19,Tecnología,Tienda,3,586900.0,0.3
T003704,C00470,2025-01-19,Belleza,Tienda,1,78100.0,0.0
T004011,C00511,2024-06-30,Belleza,Web,2,72500.0,0.0
T008167,C01083,2024-08-20,Mercado,Tienda,2,54700.0,0.1
T006070,C00788,2025-06-28,Hogar,Tienda,2,122600.0,0.0
T005090,C00656,2025-02-19,Hogar,Web,3,87200.0,0.1
T004066,C00521,2024-02-03,Hogar,Web,3,179600.0,0.0
T008885,C01176,2023-12-24,Mercado,Web,1,45600.0,0.3
T009876,C01325,2023-11-07,Tecnología,Web,3,534400.0,0.1
T004548,C00587,2023-08-07,Belleza,Tienda,1,76400.0,0.0
T007913,C01046,2024-12-30,Hogar,Tienda,3,85700.0,0.3
T004203,C00537,2025-02-06,Tecnología,App,1,630500.0,0.0
T003639,C00461,2024-08-21,Mercado,App,1,63900.0,0.0
T007276,C00962,2024-07-04,Tecnología,App,3,637500.0,0.1
T007094,C00938,2025-06-02,Moda,Tienda,2,119200.0,0.0
T006011,C00779,2024-05-20,Hogar,Web,1,162500.0,0.0
T002066,C00260,2024-04-28,Mercado,App,2,37400.0,0.0
T001074,C00138,2024-12-10,Moda,App,2,158100.0,0.0
T001263,C00161,2024-12-16,Belleza,Tienda,2,92600.0,0.3
T004577,C00590,2024-09-04,Mercado,Web,3,47300.0,0.0
T008285,C01099,2024-05-14,Belleza,Tienda,2,59400.0,0.3
T009746,C01311,2024-11-08,Hogar,Web,3,120600.0,0.3
T010872,C01461,2024-12-26,Moda,App,1,123500.0,0.0
T010310,C01383,2024-04-19,Hogar,Web,1,106600.0,0.0
T010021,C01348,2025-01-17,Mercado,Tienda,1,37700.0,0.0
T008508,C01126,2025-03-14,Hogar,Tienda,1,103500.0,0.1
T006899,C00914,2024-11-22,Moda,Tienda,2,230700.0,0.0
T008065,C01068,2025-01-27,Mercado,Tienda,3,47500.0,0.2
T004570,C00589,2024-09-27,Mercado,Web,2,45400.0,0.0
T004462,C00575,2025-03-05,Mercado,App,1,42300.0,0.0
T001952,C00245,2024-11-12,Mercado,Tienda,2,26000.0,0.0
T006279,C00820,2024-03-29,Hogar,App,1,91500.0,0.0
T002913,C00363,2024-12-26,Belleza,Tienda,3,76300.0,0.0
T000153,C00018,2024-03-12,Hogar,Tienda,3,130900.0,0.0
T001418,C00176,2024-01-09,Mercado,Tienda,2,50100.0,0.3
T010201,C01370,2024-12-07,Hogar,Web,2,150900.0,0.3
T001328,C00167,2024-09-06,Mercado,App,1,43600.0,0.0
T005714,C00739,2025-06-29,Mercado,App,3,62900.0,0.3
T006436,C00844,2024-08-31,Mercado,Tienda,3,58700.0,0.0
T007225,C00956,2023-08-03,Mercado,App,2,32300.0,0.0
T010809,C01454,2023-08-22,Mercado,Tienda,1,43200.0,0.0
T000725,C00093,2024-08-23,Mercado,Web,1,25000.0,0.0
T000351,C00044,2023-11-27,Mercado,App,2,49600.0,0.2
T004862,C00630,2024-02-09,Mercado,Tienda,3,51400.0,0.2
T003977,C00503,2025-05-04,Belleza,Tienda,3,84800.0,0.0
T005311,C00687,2023-05-01,Mercado,App,1,34100.0,0.0
T004285,C00551,2025-03-27,Belleza,App,3,65600.0,0.0
T010505,C01411,2024-04-18,Mercado,Tienda,2,47600.0,0.3
T005516,C00715,2024-12-31,Moda,Web,3,127200.0,0.3
T004730,C00605,2025-03-19,Belleza,Web,1,69400.0,0.0
T008929,C01180,2024-06-29,Hogar,Tienda,1,171600.0,0.0
T006751,C00894,2023-10-03,Mercado,Tienda,1,45200.0,0.0
T008277,C01099,2024-10-18,Hogar,Tienda,3,83600.0,0.0
T007557,C00996,2025-01-27,Hogar,Tienda,1,106500.0,0.0
T010398,C01395,2024-08-07,Hogar,Tienda,2,132900.0,0.0
T004160,C00531,2023-05-19,Moda,App,2,191300.0,0.0
T004757,C00609,2024-08-10,Hogar,App,2,138800.0,0.3
T008628,C01141,2024-05-22,Hogar,App,2,88700.0,0.0
T007488,C00988,2025-01-10,Belleza,Tienda,3,85300.0,0.0
T003475,C00435,2023-02-15,Belleza,Tienda,3,59200.0,0.0
T006562,C00866,2024-04-11,Hogar,App,2,119900.0,0.1
T003447,C00434,2023-10-05,Mercado,Web,1,47200.0,0.0
T007605,C01001,2023-12-27,Mercado,Tienda,3,57700.0,0.3
T009880,C01326,2025-05-11,Moda,App,1,143400.0,0.1
T008347,C01107,2024-01-29,Moda,Tienda,3,142400.0,0.2
T001856,C00234,2024-07-30,Moda,Tienda,2,85300.0,0.0
T004830,C00623,2024-01-12,Mercado,Web,2,43600.0,0.0
T010261,C01378,2025-04-07,Mercado,Tienda,2,65200.0,0.2
T010503,C01410,2024-05-22,Mercado,Tienda,3,33600.0,0.0
T001593,C00200,2024-06-09,Mercado,Tienda,1,40000.0,0.3
T005303,C00686,2024-11-23,Mercado,Tienda,2,44800.0,0.0
T009160,C01218,2024-04-28,Mercado,Web,2,50300.0,0.0
T005717,C00740,2024-06-02,Mercado,App,1,42800.0,0.0
T007173,C00949,2023-05-13,Mercado,Web,3,44300.0,0.0
T011022,C01483,2024-09-02,Hogar,App,2,60500.0,0.0
T001852,C00234,2024-10-01,Hogar,Tienda,3,144400.0,0.0
T002807,C00350,2024-10-13,Hogar,Tienda,1,91600.0,0.0
T001996,C00250,2024-08-15,Mercado,Web,1,25700.0,0.0
T003824,C00482,2024-03-29,Mercado,Tienda,2,38600.0,0.0
T007369,C00972,2024-07-04,Tecnología,App,1,751000.0,0.0
T000985,C00129,2025-06-21,Moda,App,3,167100.0,0.0
T006389,C00838,2023-11-25,Mercado,Tienda,3,74900.0,0.0
T000485,C00060,2024-07-21,Hogar,Tienda,2,138400.0,0.0
T002637,C00329,2024-01-21,Hogar,Tienda,3,54700.0,0.0
T003383,C00427,2024-07-14,Mercado,Tienda,1,62000.0,0.0
T001603,C00202,2024-05-30,Moda,Tienda,2,257800.0,0.0
T000450,C00056,2025-06-10,Mercado,Tienda,2,35200.0,0.0
T000235,C00027,2024-06-25,Hogar,App,2,128700.0,0.0
T004516,C00584,2024-07-31,Moda,Web,3,85300.0,0.0
T005932,C00767,2025-05-05,Moda,Tienda,2,99800.0,0.0
T004904,C00634,2024-04-01,Belleza,Tienda,1,65700.0,0.3
T004521,C00584,2023-11-22,Hogar,Tienda,1,105100.0,0.0
T001601,C00201,2024-03-28,Hogar,Web,2,148200.0,0.0
T009810,C01320,2024-04-30,Hogar,Tienda,2,96700.0,0.0
T002499,C00313,2023-12-30,Mercado,Tienda,1,46600.0,0.1
T000168,C00020,2024-05-14,Mercado,Tienda,1,51200.0,0.0
T001605,C00202,2024-06-02,Mercado,Tienda,1,37400.0,0.0
T005729,C00742,2024-08-25,Moda,Tienda,3,164300.0,0.0
T002471,C00309,2025-01-08,Moda,Tienda,1,168800.0,0.0
T009392,C01254,2025-02-28,Belleza,Web,1,66400.0,0.0
T009139,C01214,2024-07-09,Belleza,Tienda,2,59400.0,0.2
T009239,C01231,2024-07-01,Mercado,Tienda,1,28000.0,0.1
T002566,C00319,2025-06-28,Mercado,Web,2,33100.0,0.0
T004827,C00622,2024-02-24,Belleza,Tienda,3,65200.0,0.2
T010364,C01389,2024-08-22,Mercado,Web,3,30400.0,0.0
T009015,C01194,2023-11-02,Hogar,App,3,29000.0,0.0
T002654,C00332,2025-04-13,Hogar,Tienda,2,134300.0,0.0
T000086,C00009,2024-05-19,Mercado,Tienda,3,31400.0,0.0
T007770,C01021,2024-01-02,Mercado,App,3,59300.0,0.0
T001791,C00227,2024-08-04,Mercado,Web,3,42700.0,0.0
T002826,C00354,2024-06-22,Mercado,App,1,24500.0,0.0
T010541,C01414,2024-11-16,Mercado,App,2,29600.0,0.1
T010241,C01375,2023-05-11,Hogar,Tienda,2,66600.0,0.0
T002375,C00301,2024-03-01,Mercado,Tienda,1,56900.0,0.0
T010605,C01425,2023-08-09,Tecnología,Tienda,2,551100.0,0.0
T001618,C00204,2024-05-13,Hogar,App,3,78700.0,0.0
T002085,C00261,2024-02-20,Mercado,Tienda,1,35000.0,0.1
T001103,C00140,2023-07-27,Belleza,Tienda,3,107900.0,0.0
T002836,C00355,2025-02-27,Belleza,Web,1,58200.0,0.2
T003283,C00415,2024-03-06,Hogar,App,1,112600.0,0.3
T006527,C00858,2024-12-13,Hogar,Tienda,2,134000.0,0.0
T009411,C01255,2024-01-11,Belleza,App,2,91600.0,0.0
T005924,C00766,2024-10-01,Moda,Tienda,2,129500.0,0.2
T001166,C00147,2025-02-27,Moda,App,2,165700.0,0.0
T001966,C00247,2023-10-31,Moda,Tienda,3,225500.0,0.0
T005009,C00645,2024-08-27,Hogar,Tienda,2,136200.0,0.0
T001369,C00171,2025-06-12,Moda,App,2,126600.0,0.0
T010999,C01480,2024-10-12,Moda,App,2,112500.0,0.0
T008081,C01070,2023-09-25,Mercado,Web,1,50500.0,0.0
T010415,C01397,2024-06-06,Moda,Tienda,1,138300.0,0.0
T003842,C00484,2025-03-22,Mercado,Tienda,2,36800.0,0.0
T007419,C00979,2024-07-14,Hogar,Web,1,38700.0,0.1
T009018,C01195,2023-11-20,Moda,Tienda,1,174000.0,0.0
T005961,C00771,2024-08-18,Hogar,Tienda,1,144500.0,0.0
T000090,C00010,2024-04-29,Moda,Tienda,3,201200.0,0.0
T000083,C00009,2023-12-05,Tecnología,App,2,627800.0,0.0
T004811,C00619,2024-12-30,Tecnología,Tienda,1,667300.0,0.0
T004445,C00572,2023-12-06,Mercado,Web,1,55400.0,0.1
T004498,C00581,2024-01-28,Mercado,App,3,51300.0,0.0
T003426,C00432,2025-04-01,Mercado,Web,3,51000.0,0.0
T003274,C00414,2024-11-24,Moda,App,2,121700.0,0.2
T006229,C00813,2025-03-20,Mercado,Tienda,3,54100.0,0.0
T001085,C00139,2025-03-26,Belleza,App,2,111500.0,0.2
T004158,C00531,2023-12-12,Mercado,Tienda,2,71700.0,0.0
T010338,C01384,2023-11-30,Hogar,App,2,88300.0,0.0
T005004,C00645,2023-08-24,Hogar,Tienda,1,141800.0,0.3
T006151,C00801,2024-11-17,Hogar,Tienda,1,89000.0,0.0
T006602,C00871,2024-02-14,Belleza,App,1,55000.0,0.0
T001865,C00235,2024-07-21,Mercado,Tienda,1,68200.0,0.0
T009813,C01320,2025-05-25,Moda,Web,3,196900.0,0.0
T001519,C00190,2025-05-21,Hogar,Tienda,2,158400.0,0.0
T008767,C01160,2023-09-04,Hogar,Web,1,108500.0,0.0
T006788,C00898,2024-12-23,Hogar,Tienda,1,118000.0,0.0
T000988,C00129,2025-04-30,Mercado,App,2,37900.0,0.0
T008128,C01077,2024-08-10,Tecnología,Tienda,1,646900.0,0.0
T000902,C00115,2025-06-13,Hogar,Tienda,1,158500.0,0.0
T003295,C00417,2024-03-02,Belleza,Tienda,2,33300.0,0.0
T001348,C00169,2024-10-23,Mercado,Web,3,34700.0,0.3
T002251,C00283,2024-04-22,Hogar,App,2,118800.0,0.0
T004348,C00557,2025-03-06,Belleza,Web,3,29400.0,0.3
T007493,C00988,2024-06-25,Tecnología,App,2,412300.0,0.0
T009116,C01211,2023-06-16,Belleza,Web,1,57900.0,0.0
T003689,C00468,2024-02-22,Hogar,Web,2,144900.0,0.0
T008386,C01112,2024-09-12,Tecnología,Tienda,2,452800.0,0.0
T001831,C00232,2023-08-29,Moda,App,3,134400.0,0.0
T003468,C00435,2024-02-02,Mercado,App,3,56300.0,0.0
T000109,C00013,2024-06-16,Mercado,Tienda,3,20600.0,0.0
T010985,C01478,2024-12-19,Moda,Tienda,2,141500.0,0.0
T009360,C01252,2024-06-30,Moda,App,2,249700.0,0.0
T003919,C00496,2025-05-04,Mercado,App,1,33800.0,0.0
T009999,C01345,2024-07-18,Mercado,App,3,47300.0,0.0
T010707,C01440,2024-07-08,Belleza,Tienda,1,78100.0,0.0
T007959,C01052,2023-12-19,Moda,Web,1,160100.0,0.0
T010237,C01375,2025-05-29,Mercado,Tienda,1,56300.0,0.0
T002708,C00337,2025-04-04,Belleza,App,1,44500.0,0.3
T001492,C00188,2024-03-09,Mercado,App,3,60200.0,0.0
T006555,C00864,2024-03-21,Mercado,App,2,28800.0,0.0
T008350,C01108,2025-04-05,Hogar,App,1,120700.0,0.1
T005576,C00722,2023-02-11,Mercado,App,2,63900.0,0.0
T009014,C01194,2024-04-30,Hogar,Tienda,2,143100.0,0.0
T010521,C01413,2024-05-05,Mercado,Tienda,3,38900.0,0.0
T003463,C00435,2024-09-28,Moda,App,2,217500.0,0.0
T006827,C00902,2024-04-26,Mercado,Web,1,38000.0,0.2
T002192,C00275,2025-06-23,Moda,Tienda,3,144000.0,0.0
T008248,C01094,2023-04-27,Belleza,Tienda,1,70500.0,0.0
T007978,C01056,2024-12-13,Tecnología,App,1,603100.0,0.0
T001587,C00199,2024-07-09,Hogar,Tienda,2,106200.0,0.0
T000528,C00065,2023-10-14,Mercado,App,3,43400.0,0.0
T001542,C00193,2023-03-21,Hogar,Tienda,2,120300.0,0.0
T008991,C01193,2025-05-29,Mercado,Tienda,2,57900.0,0.0
T003110,C00392,2024-05-26,Moda,App,1,175900.0,0.0
T003137,C00396,2024-06-21,Belleza,Web,3,55600.0,0.0
T006290,C00822,2024-01-12,Mercado,Web,1,37100.0,0.0
T003022,C00378,2024-02-27,Moda,App,2,199600.0,0.0
T006127,C00797,2023-09-05,Moda,Tienda,1,125100.0,0.0
T001193,C00153,2024-07-12,Tecnología,Tienda,1,430200.0,0.0
T008612,C01138,2025-02-07,Mercado,Tienda,3,50300.0,0.0
T008599,C01137,2023-04-27,Mercado,Tienda,3,36900.0,0.0
T005593,C00724,2024-08-22,Hogar,Tienda,2,164400.0,0.3
T007969,C01055,2024-09-10,Mercado,App,1,45800.0,0.0
T011085,C01494,2025-01-27,Mercado,Tienda,1,28000.0,0.0
T007507,C00990,2024-05-22,Moda,Tienda,2,202000.0,0.0
T000582,C00075,2024-03-13,Moda,App,2,74900.0,0.0
T004955,C00640,2023-08-17,Belleza,Tienda,3,59900.0,0.0
T010821,C01456,2024-03-24,Mercado,Tienda,3,28800.0,0.0
T004103,C00526,2023-07-10,Mercado,Web,2,56400.0,0.2
T007278,C00962,2024-06-07,Hogar,Tienda,1,148500.0,0.0
T000656,C00082,2025-01-16,Mercado,Web,1,32600.0,0.2
T010631,C01430,2024-03-02,Hogar,App,3,124700.0,0.0
T010486,C01409,2023-05-06,Tecnología,Web,2,494000.0,0.0
T000999,C00130,2024-07-15,Moda,Tienda,1,119100.0,0.0
T009836,C01321,2025-05-02,Hogar,Tienda,1,108100.0,0.0
T009598,C01283,2024-11-06,Hogar,Tienda,1,145000.0,0.3
T004524,C00584,2025-04-25,Hogar,Tienda,3,65600.0,0.0
T005479,C00711,2023-11-05,Belleza,Tienda,2,81000.0,0.0
T005940,C00768,2024-04-28,Belleza,Tienda,3,,0.0
T010430,C01399,2024-12-14,Hogar,Tienda,1,60200.0,0.0
T005809,C00752,2024-09-27,Belleza,Tienda,3,52800.0,0.0
T005315,C00688,2023-11-28,Hogar,Web,3,116200.0,0.1
T006626,C00874,2024-09-27,Mercado,Web,1,40800.0,0.2
T004745,C00607,2024-06-20,Mercado,App,3,64000.0,0.0
T010629,C01430,2023-09-17,Hogar,Web,2,117900.0,0.2
T001706,C00212,2024-06-29,Hogar,App,3,97500.0,0.0
T010384,C01392,2024-06-06,Belleza,Tienda,1,82800.0,0.3
T005913,C00764,2023-12-02,Moda,Tienda,2,124800.0,0.0
T002988,C00371,2023-11-30,Mercado,Tienda,3,32100.0,0.1
T005778,C00749,2024-08-26,Belleza,Web,3,80400.0,0.3
T005348,C00691,2024-06-14,Hogar,Tienda,1,156700.0,0.0
T005510,C00714,2024-02-27,Hogar,Tienda,1,132000.0,0.1
T005603,C00725,2024-08-24,Moda,Web,2,110400.0,0.1
T009569,C01276,2024-03-26,Moda,App,2,104500.0,0.0
T005298,C00685,2024-09-03,Belleza,Tienda,1,87100.0,0.0
T010688,C01438,2024-08-08,Mercado,Tienda,1,40600.0,0.0
T009555,C01275,2023-12-09,Belleza,Tienda,3,47900.0,0.1
T006671,C00879,2025-06-21,Mercado,App,1,57400.0,0.0
T002321,C00288,2023-11-23,Hogar,Web,2,131600.0,0.0
T006454,C00846,2023-09-24,Mercado,App,2,47300.0,0.0
T002411,C00304,2024-05-27,Mercado,App,2,40900.0,0.0
T001860,C00235,2024-08-21,Mercado,Tienda,1,30200.0,0.0
T005241,C00676,2024-07-22,Mercado,Tienda,1,41200.0,0.0
T010319,C01383,2023-12-03,Mercado,App,3,46700.0,0.2
T008714,C01155,2025-05-16,Mercado,Web,1,6700.0,0.2
T006685,C00882,2024-06-04,Moda,Tienda,1,141000.0,0.0
T001555,C00194,2025-03-29,Tecnología,Tienda,1,498100.0,0.0
T003183,C00403,2024-08-14,Mercado,Tienda,2,31000.0,0.0
T008971,C01188,2025-01-16,Mercado,Tienda,2,37100.0,0.2
T009220,C01226,2025-01-11,Hogar,Tienda,2,181400.0,0.0
T006926,C00916,2024-09-07,Hogar,App,3,75400.0,0.0
T008326,C01103,2024-12-04,Mercado,Web,1,37300.0,0.0
T001926,C00241,2025-05-05,Mercado,Tienda,2,48000.0,0.0
T004424,C00570,2024-08-09,Mercado,App,2,55000.0,0.0
T003001,C00374,2024-05-28,Hogar,Tienda,1,160100.0,0.0
T002097,C00262,2023-12-02,Tecnología,Tienda,1,696600.0,0.0
T005008,C00645,2023-05-23,Mercado,Tienda,3,42700.0,0.0
T004224,C00538,2025-05-03,Hogar,Tienda,2,104100.0,0.0
T004001,C00509,2024-07-29,Mercado,Tienda,3,38100.0,0.0
T000044,C00004,2024-03-31,Hogar,Web,1,104400.0,0.0
T006092,C00791,2024-02-10,Mercado,Web,2,45200.0,0.0
T001095,C00140,2023-10-11,Hogar,Tienda,1,144600.0,0.1
T002294,C00286,2023-09-12,Hogar,Tienda,1,158800.0,0.0
T010685,C01438,2024-09-26,Mercado,App,1,56700.0,0.0
T004894,C00632,2025-01-18,Mercado,App,3,32500.0,0.0
T008548,C01132,2024-07-26,Hogar,Web,1,147100.0,0.3
T005501,C00714,2024-05-02,Belleza,App,3,91500.0,0.0
T008665,C01148,2024-04-18,Mercado,Tienda,1,56900.0,0.0
T002545,C00317,2024-08-13,Mercado,Tienda,1,61100.0,0.0
T008075,C01069,2025-01-04,Hogar,App,3,101300.0,0.0
T004387,C00565,2024-09-28,Tecnología,App,2,725900.0,0.0
T000471,C00059,2024-09-08,Tecnología,Web,3,580400.0,0.0
T001549,C00194,2024-03-01,Mercado,Tienda,1,53600.0,0.0
T008854,C01171,2025-04-11,Hogar,App,3,207900.0,0.0
T008177,C01085,2025-05-16,Mercado,Tienda,3,51500.0,0.0
T004108,C00526,2024-12-14,Moda,Tienda,3,164500.0,0.1
T003683,C00467,2025-05-11,Moda,Tienda,2,153100.0,0.0
T004022,C00513,2025-04-08,Mercado,App,1,42800.0,0.0
T005838,C00755,2023-11-21,Hogar,App,1,168200.0,0.0
T009235,C01230,2024-08-01,Mercado,App,3,61200.0,0.2
T000174,C00020,2024-12-13,Tecnología,Tienda,2,752000.0,0.1
T009136,C01214,2024-05-14,Mercado,Web,3,40000.0,0.0
T003606,C00454,2024-07-19,Mercado,Tienda,1,37600.0,0.0
T006124,C00796,2024-10-05,Hogar,App,1,89100.0,0.0
T001678,C00209,2024-05-19,Mercado,Web,2,44600.0,0.0
T000854,C00111,2025-06-05,Moda,Web,2,188400.0,0.0
T007217,C00955,2024-06-15,Moda,Tienda,3,93900.0,0.3
T009006,C01193,2023-08-16,Mercado,Web,2,50900.0,0.0
T009628,C01288,2023-12-22,Tecnología,App,2,679800.0,0.0
T000052,C00004,2024-04-21,Moda,Tienda,1,209200.0,0.0
T008657,C01146,2024-06-16,Belleza,Tienda,2,60700.0,0.0
T002111,C00264,2023-11-27,Tecnología,App,3,878300.0,0.0
T006202,C00809,2024-12-27,Moda,Web,2,115000.0,0.2
T003764,C00474,2023-11-20,Mercado,Web,3,30800.0,0.1
T000865,C00112,2023-06-03,Hogar,Tienda,2,168800.0,0.0
T006239,C00814,2024-03-26,Mercado,App,3,44200.0,0.0
T004691,C00601,2024-07-22,Mercado,Tienda,3,49400.0,0.0
T010232,C01374,2024-07-21,Mercado,Tienda,3,67700.0,0.2
T007103,C00940,2024-05-05,Mercado,App,2,40200.0,0.0
T002898,C00363,2025-02-28,Mercado,Web,1,58900.0,0.0
T003090,C00389,2024-12-27,Hogar,Web,3,167900.0,0.0
T004972,C00641,2023-10-23,Belleza,Tienda,2,96800.0,0.0
T010233,C01374,2025-02-10,Belleza,Tienda,1,104900.0,0.0
T005359,C00693,2024-04-04,Moda,Web,3,148100.0,0.0
T008245,C01094,2024-10-19,Hogar,Tienda,2,135400.0,0.3
T009186,C01221,2024-07-31,Tecnología,Tienda,1,598600.0,0.2
T008439,C01119,2023-12-16,Hogar,Tienda,2,146900.0,0.0
T005667,C00731,2023-11-03,Mercado,App,2,38900.0,0.2
T000693,C00084,2024-05-13,Mercado,App,2,44400.0,0.0
T009669,C01295,2024-10-08,Mercado,Web,1,46700.0,0.3
T000230,C00026,2024-09-18,Moda,App,2,88200.0,0.0
T009761,C01312,2025-03-17,Hogar,Tienda,2,147300.0,0.0
T010956,C01475,2024-10-11,Tecnología,Tienda,1,472300.0,0.0
T010728,C01442,2024-07-13,Mercado,App,3,24200.0,0.0
T003853,C00485,2024-12-31,Mercado,App,3,29700.0,0.0
T000502,C00063,2025-03-01,Belleza,Tienda,2,71900.0,0.0
T004004,C00510,2023-12-04,Belleza,Web,1,59400.0,0.2
T010982,C01478,2024-11-21,Tecnología,Web,3,441000.0,0.2
T003502,C00437,2025-05-05,Hogar,App,3,79900.0,0.0
T002840,C00356,2023-12-21,Mercado,Web,2,53500.0,0.0
T005456,C00709,2025-05-29,Hogar,Web,2,89400.0,0.1
T000478,C00060,2023-03-14,Mercado,Tienda,3,46600.0,0.0
T005361,C00693,2023-06-25,Hogar,App,2,161100.0,0.1
T000047,C00004,2025-03-24,Mercado,Tienda,1,45100.0,0.0
T003464,C00435,2024-08-16,Moda,Web,1,119600.0,0.0
T000139,C00016,2024-09-19,Mercado,Tienda,2,48400.0,0.0
T008400,C01113,2024-06-05,Mercado,Tienda,1,47800.0,0.3
T007077,C00938,2024-07-31,Mercado,Web,1,49900.0,0.0
T005314,C00688,2024-04-09,Mercado,Tienda,3,63500.0,0.2
T004485,C00580,2025-02-23,Mercado,Tienda,1,63700.0,0.0
T002382,C00302,2024-05-08,Moda,Tienda,1,178500.0,0.0
T004958,C00640,2024-11-08,Mercado,App,3,50800.0,0.3
T006288,C00822,2024-01-25,Belleza,Web,3,58400.0,0.0
T001613,C00203,2024-09-14,Moda,App,1,161900.0,0.0
T009510,C01270,2025-04-01,Mercado,Tienda,1,54900.0,0.0
T010674,C01436,2025-01-05,Moda,Tienda,3,207000.0,0.0
T000644,C00082,2024-01-19,Mercado,Tienda,1,53800.0,0.0
T002249,C00283,2024-05-01,Hogar,App,2,108200.0,0.0
T009152,C01217,2024-09-12,Mercado,App,3,47800.0,0.0
T008953,C01185,2025-06-19,Mercado,Web,2,34900.0,0.0
T010782,C01448,2025-03-19,Moda,Tienda,2,97000.0,0.0
T001523,C00190,2025-03-17,Moda,Tienda,2,168400.0,0.0
T000612,C00078,2025-06-12,Mercado,App,3,55500.0,0.0
T000160,C00019,2024-08-26,Mercado,App,3,30600.0,0.1
T000927,C00118,2025-02-22,Mercado,App,3,51200.0,0.0
T003825,C00483,2024-11-19,Mercado,Web,3,46600.0,0.3
T008943,C01182,2024-09-05,Belleza,Web,2,31800.0,0.0
T008834,C01167,2024-03-27,Moda,Tienda,2,163500.0,0.2
T009936,C01334,2025-02-16,Moda,Tienda,1,143600.0,0.0
T009094,C01208,2024-06-02,Belleza,Tienda,3,85600.0,0.3
T006852,C00906,2025-06-07,Mercado,Tienda,1,61500.0,0.0
T004792,C00615,2024-02-20,Mercado,App,3,18500.0,0.0
T004568,C00589,2024-07-14,Belleza,Web,1,64100.0,0.0
T004293,C00551,2024-07-13,Moda,App,3,213700.0,0.0
T010890,C01466,2024-11-15,Mercado,Tienda,2,41600.0,0.0
T005352,C00692,2023-09-28,Mercado,App,1,44500.0,0.0
T001746,C00219,2024-03-04,Mercado,Tienda,3,63500.0,0.0
T000986,C00129,2025-02-19,Belleza,App,1,102300.0,0.0
T006128,C00797,2024-01-22,Hogar,Web,1,73000.0,0.0
T001256,C00160,2025-01-04,Moda,Tienda,1,144400.0,0.0
T009447,C01260,2024-03-25,Belleza,Tienda,1,117000.0,0.0
T009580,C01278,2024-07-16,Belleza,Tienda,2,76000.0,0.0
T000053,C00005,2024-06-18,Belleza,Tienda,2,63500.0,0.0
T005351,C00692,2023-08-30,Belleza,App,2,43200.0,0.0
T010256,C01377,2024-03-20,Mercado,Tienda,3,39200.0,0.0
T004284,C00551,2024-07-11,Mercado,Tienda,3,67400.0,0.0
T009381,C01253,2023-08-08,Hogar,Tienda,3,120600.0,0.0
T003674,C00465,2023-10-13,Hogar,Tienda,2,49900.0,0.1
T002216,C00278,2025-02-15,Hogar,Web,3,165000.0,0.0
T004852,C00628,2024-03-26,Belleza,Tienda,2,83800.0,0.0
T006763,C00896,2024-05-16,Mercado,Web,2,30000.0,0.0
T001478,C00186,2023-02-26,Hogar,Web,2,88700.0,0.3
T004617,C00594,2024-09-03,Tecnología,Tienda,2,818800.0,0.0
T008257,C01097,2023-07-23,Mercado,Tienda,1,50500.0,0.0
T006970,C00920,2024-08-15,Hogar,Tienda,2,118000.0,0.0
T009939,C01334,2025-05-02,Mercado,App,3,38600.0,0.2
T003877,C00488,2024-08-14,Belleza,App,1,56000.0,0.0
T009886,C01326,2025-01-03,Hogar,Web,2,46400.0,0.2
T002191,C00275,2024-07-11,Belleza,Tienda,2,49900.0,0.0
T000156,C00019,2024-12-24,Moda,Tienda,1,160700.0,0.1
T007431,C00980,2024-11-24,Moda,Web,1,91700.0,0.0
T008726,C01158,2024-01-17,Moda,Web,1,151000.0,0.0
T009375,C01253,2024-01-17,Belleza,Tienda,2,61500.0,0.0
T000489,C00061,2025-04-06,Mercado,Web,2,37700.0,0.0
T000184,C00021,2023-07-20,Moda,Web,1,203500.0,0.0
T000518,C00065,2023-12-08,Belleza,Tienda,2,88700.0,0.0
T003682,C00467,2025-06-09,Moda,Web,3,156800.0,0.0
T000760,C00097,2024-04-15,Moda,App,1,184300.0,0.0
T007892,C01040,2024-09-08,Mercado,Tienda,2,42200.0,0.1
T008733,C01158,2024-08-03,Belleza,App,1,63100.0,0.0
T002442,C00306,2024-10-10,Mercado,Tienda,2,49800.0,0.0
T010522,C01413,2024-12-07,Mercado,App,2,57800.0,0.2
T007801,C01026,2025-02-16,Tecnología,Tienda,1,708700.0,0.0
T007446,C00983,2025-03-03,Belleza,Web,1,67800.0,0.0
T003167,C00402,2023-11-02,Moda,Tienda,2,169600.0,0.0
T007743,C01017,2024-12-24,Mercado,App,3,29400.0,0.2
T006137,C00798,2025-02-17,Mercado,App,1,39300.0,0.0
T009347,C01249,2024-12-02,Mercado,Web,2,36400.0,0.1
T009989,C01342,2024-08-31,Belleza,Tienda,1,61000.0,0.0
T003091,C00390,2023-12-03,Mercado,App,2,29200.0,0.1
T004366,C00560,2024-09-23,Tecnología,Web,1,522000.0,0.0
T000809,C00103,2024-10-17,Belleza,App,1,53000.0,0.0
T000385,C00047,2025-01-17,Moda,Tienda,2,195100.0,0.0
T002420,C00304,2024-04-30,Mercado,Web,1,27100.0,0.0
T008648,C01143,2025-04-08,Moda,App,3,191300.0,0.0
T000530,C00066,2024-03-16,Mercado,Tienda,3,47600.0,0.0
T004177,C00533,2024-07-23,Hogar,Web,3,156800.0,0.0
T000494,C00062,2024-11-06,Mercado,Tienda,2,52400.0,0.0
T001726,C00216,2025-03-25,Mercado,Tienda,1,37000.0,0.0
T008921,C01178,2024-03-11,Moda,Web,3,207700.0,0.3
T010580,C01420,2023-03-17,Hogar,Web,3,112500.0,0.0
T009034,C01198,2025-01-28,Belleza,App,2,56700.0,0.0
T005896,C00761,2024-11-09,Mercado,Tienda,1,39700.0,0.1
T004489,C00580,2025-03-16,Mercado,Tienda,2,52700.0,0.0
T009355,C01251,2024-05-25,Mercado,Web,2,36400.0,0.0
T003523,C00441,2025-06-13,Moda,Tienda,3,118500.0,0.0
T002790,C00346,2024-01-17,Mercado,Tienda,3,27500.0,0.0
T005040,C00649,2024-05-04,Belleza,App,3,90500.0,0.0
T005808,C00751,2024-04-01,Mercado,Web,2,45800.0,0.0
T002415,C00304,2024-12-28,Hogar,Tienda,3,131600.0,0.0
T003867,C00487,2025-04-11,Moda,Web,2,149300.0,0.0
T002054,C00257,2025-02-17,Tecnología,App,1,735500.0,0.0
T004244,C00544,2024-07-09,Mercado,Web,3,56700.0,0.0
T004782,C00613,2025-04-17,Moda,Tienda,2,122200.0,0.3
T007344,C00969,2023-05-05,Moda,Tienda,2,186400.0,0.0
T001371,C00171,2024-08-10,Moda,Tienda,1,113400.0,0.0
T009167,C01218,2025-03-29,Mercado,App,1,43400.0,0.0
T008008,C01059,2025-02-25,Belleza,Tienda,2,94700.0,0.2
T002472,C00309,2024-06-10,Hogar,App,3,120000.0,0.0
T005304,C00686,2025-03-31,Belleza,Tienda,1,63500.0,0.0
T001956,C00245,2024-08-20,Mercado,Tienda,1,24100.0,0.0
T009165,C01218,2024-07-21,Hogar,Web,3,149500.0,0.0
T005202,C00672,2023-09-28,Mercado,Tienda,2,45600.0,0.3
T010355,C01389,2024-06-26,Moda,Tienda,1,123000.0,0.0
T009470,C01265,2025-05-06,Mercado,Tienda,3,48700.0,0.0
T005390,C00699,2024-04-23,Tecnología,Tienda,1,340100.0,0.3
T006145,C00800,2024-12-17,Moda,App,3,153900.0,0.2
T004885,C00630,2023-12-11,Mercado,Tienda,2,48000.0,0.0
T007987,C01056,2023-04-29,Hogar,Tienda,3,155000.0,0.0
T000996,C00130,2024-09-04,Moda,Tienda,1,162900.0,0.0
T011053,C01489,2024-08-21,Mercado,Tienda,1,31100.0,0.0
T009590,C01282,2025-04-20,Mercado,Tienda,1,42500.0,0.0
T000717,C00091,2025-01-28,Mercado,Tienda,2,28900.0,0.0
T000836,C00108,2024-09-25,Belleza,App,3,78200.0,0.0
T005221,C00674,2024-11-17,Moda,Tienda,2,192000.0,0.1
T005536,C00718,2025-02-19,Hogar,Tienda,2,107800.0,0.0
T005412,C00703,2024-10-15,Mercado,Web,3,35900.0,0.3
T003500,C00437,2025-05-09,Moda,Tienda,1,176200.0,0.2
T007881,C01037,2024-07-23,Moda,App,2,99700.0,0.0
T005229,C00675,2025-01-02,Moda,Tienda,2,170900.0,0.0
T001297,C00165,2023-10-13,Moda,Tienda,3,76200.0,0.0
T003766,C00474,2024-03-06,Belleza,Web,3,72800.0,0.0
T002534,C00317,2024-07-14,Hogar,App,3,103000.0,0.0
T008276,C01098,2025-02-26,Hogar,Tienda,3,157600.0,0.0
T003899,C00492,2024-02-11,Belleza,App,3,51000.0,0.0
T005000,C00644,2024-05-30,Hogar,Tienda,3,105500.0,0.0
T002419,C00304,2024-08-15,Moda,Tienda,2,204200.0,0.0
T009611,C01286,2024-10-24,Mercado,Tienda,2,49300.0,0.0
T005224,C00675,2024-06-30,Belleza,Tienda,1,53700.0,0.0
T010198,C01370,2024-08-07,Moda,Tienda,1,245500.0,0.1
T000283,C00033,2024-09-08,Moda,Web,3,96600.0,0.0
T010219,C01373,2024-10-08,Mercado,App,2,27400.0,0.0
T006373,C00836,2024-12-07,Mercado,Tienda,2,56300.0,0.1
T009305,C01243,2024-01-12,Mercado,Web,1,48100.0,0.2
T007731,C01016,2024-09-13,Mercado,App,3,48800.0,0.0
T010949,C01474,2023-03-02,Mercado,Tienda,3,67400.0,0.2
T003490,C00436,2024-11-08,Belleza,Tienda,1,46800.0,0.1
T006657,C00878,2024-07-20,Hogar,App,2,145600.0,0.0
T002541,C00317,2024-02-02,Mercado,Web,2,62700.0,0.3
T005966,C00772,2024-06-03,Hogar,Tienda,1,123100.0,0.0
T009448,C01261,2024-05-02,Moda,Tienda,1,134300.0,0.0
T001636,C00205,2024-09-10,Tecnología,Tienda,2,822100.0,0.0
T006750,C00894,2023-07-01,Mercado,Web,1,55400.0,0.0
T006347,C00832,2025-06-24,Hogar,App,1,114000.0,0.0
T004317,C00553,2024-06-16,Moda,App,1,175800.0,0.0
T001029,C00135,2025-04-02,Mercado,Web,1,60800.0,0.0
T010236,C01375,2024-05-24,Moda,Tienda,2,157800.0,0.0
T001134,C00144,2024-12-22,Tecnología,Tienda,3,864800.0,0.2
T006730,C00889,2024-04-10,Hogar,App,1,95100.0,0.0
T009988,C01342,2024-06-13,Mercado,App,3,69800.0,0.0
T004119,C00528,2024-06-05,Moda,App,3,92500.0,0.2
T002480,C00309,2024-07-04,Mercado,Web,1,32600.0,0.0
T002162,C00271,2024-02-06,Tecnología,Tienda,3,908700.0,0.3
T002929,C00366,2024-04-17,Moda,Tienda,3,207900.0,0.1
T004208,C00538,2024-07-31,Hogar,Tienda,2,116600.0,0.0
T000456,C00056,2024-11-15,Mercado,Web,1,58500.0,0.0
T000161,C00019,2025-01-11,Hogar,Web,3,124900.0,0.0
T001734,C00217,2024-08-16,Tecnología,Tienda,1,331100.0,0.0
T000037,C00003,2024-07-20,Mercado,Tienda,3,62500.0,0.0
T004333,C00556,2025-03-29,Mercado,App,1,37600.0,0.0
T004917,C00636,2024-04-21,Belleza,Tienda,3,114200.0,0.0
T001702,C00212,2023-09-01,Mercado,App,1,30000.0,0.0
T001010,C00131,2024-02-25,Moda,App,3,141600.0,0.0
T008788,C01162,2024-10-15,Mercado,App,2,62300.0,0.0
T008147,C01080,2024-07-24,Mercado,Tienda,2,39300.0,0.0
T008881,C01176,2024-02-21,Tecnología,Web,2,689000.0,0.0
T009241,C01231,2023-12-29,Belleza,Web,1,48500.0,0.0
T007998,C01058,2025-01-30,Moda,Tienda,3,118100.0,0.0
T005902,C00762,2023-10-11,Mercado,Tienda,1,33900.0,0.0
T003466,C00435,2024-06-11,Mercado,Tienda,2,27300.0,0.0
T005698,C00737,2025-04-27,Tecnología,Web,2,846600.0,0.2
T003495,C00436,2025-03-05,Moda,Web,1,113000.0,0.0
T003834,C00483,2025-06-21,Mercado,App,1,59200.0,0.0
T007422,C00979,2024-07-14,Moda,Tienda,2,82400.0,0.0
T007212,C00953,2024-01-07,Mercado,Tienda,2,24900.0,0.0
T005020,C00646,2024-04-05,Mercado,App,3,45200.0,0.0
T001464,C00185,2023-01-18,Tecnología,Web,3,805800.0,0.0
T001013,C00132,2024-09-09,Belleza,App,1,106300.0,0.0
T002579,C00322,2025-01-11,Moda,Tienda,1,115100.0,0.0
T002744,C00340,2024-08-30,Moda,Web,1,163100.0,0.0
T010565,C01418,2024-01-30,Belleza,Tienda,2,57100.0,0.0
T001520,C00190,2025-04-10,Belleza,App,1,69200.0,0.3
T003028,C00380,2024-07-02,Mercado,Tienda,3,32700.0,0.0
T000294,C00035,2024-12-30,Moda,Tienda,2,190500.0,0.2
T000273,C00032,2024-02-04,Hogar,Web,2,70700.0,0.1
T003780,C00475,2024-06-30,Moda,Web,3,214000.0,0.0
T009538,C01273,2024-06-08,Hogar,Tienda,2,112400.0,0.0
T007299,C00965,2023-10-03,Mercado,App,3,55400.0,0.1
T001156,C00146,2025-03-07,Mercado,Web,2,60000.0,0.0
T006841,C00905,2025-03-26,Moda,Tienda,2,173000.0,0.0
T007865,C01034,2024-01-14,Mercado,Tienda,3,46800.0,0.0
T004505,C00583,2024-05-25,Hogar,Tienda,2,120300.0,0.0
T004168,C00532,2024-07-06,Mercado,Tienda,1,27900.0,0.0
T006526,C00858,2024-06-02,Tecnología,App,3,840800.0,0.0
T004246,C00544,2024-12-06,Mercado,Web,1,45300.0,0.0
T007033,C00930,2023-10-06,Moda,App,2,190000.0,0.0
T002982,C00371,2023-10-11,Belleza,Web,1,58100.0,0.0
T011107,C01497,2023-12-02,Mercado,Tienda,3,71100.0,0.1
T000045,C00004,2024-08-05,Moda,Tienda,1,82000.0,0.0
T003396,C00428,2024-03-04,Hogar,Tienda,2,112300.0,0.0
T004199,C00536,2024-04-03,Belleza,Web,1,63500.0,0.0
T002150,C00268,2025-06-25,Mercado,Web,1,18400.0,0.0
T005925,C00766,2023-09-20,Mercado,Tienda,2,16000.0,0.0
T001343,C00169,2023-08-21,Mercado,Tienda,3,40600.0,0.0
T007500,C00989,2025-05-03,Belleza,App,1,25600.0,0.0
T002509,C00314,2024-08-10,Tecnología,App,1,836100.0,0.0
T000091,C00011,2024-08-26,Mercado,Tienda,1,58800.0,0.1
T010884,C01464,2024-04-28,Hogar,Tienda,1,139800.0,0.0
T003970,C00502,2025-03-23,Belleza,App,1,53800.0,0.0
T009455,C01263,2025-04-11,Tecnología,Web,1,690400.0,0.0
T009770,C01314,2024-10-31,Belleza,Tienda,3,76400.0,0.0
T005394,C00699,2024-04-23,Belleza,Tienda,3,88800.0,0.0
T003713,C00470,2025-05-02,Belleza,Web,2,60900.0,0.0
T009572,C01277,2025-01-15,Mercado,App,3,41100.0,0.0
T004956,C00640,2024-12-31,Hogar,App,1,81400.0,0.3
T000444,C00055,2024-01-03,Belleza,App,1,64900.0,0.0
T004653,C00598,2024-06-16,Moda,Tienda,3,92000.0,0.0
T010811,C01454,2023-09-25,Hogar,Tienda,1,47100.0,0.0
T006787,C00897,2024-12-30,Hogar,Tienda,3,95800.0,0.3
T004690,C00600,2023-11-20,Tecnología,App,3,807400.0,0.1
T002161,C00271,2024-11-09,Mercado,Tienda,3,64400.0,0.0
T004456,C00574,2025-01-10,Mercado,Tienda,2,42000.0,0.3
T009744,C01311,2024-09-21,Belleza,Web,2,83000.0,0.0
T001359,C00170,2024-08-11,Tecnología,App,3,563000.0,0.0
T006429,C00843,2024-12-17,Moda,App,1,135700.0,0.0
T010525,C01413,2024-05-13,Hogar,Tienda,2,98500.0,0.2
T010772,C01447,2023-12-19,Mercado,Tienda,2,44400.0,0.0
T005286,C00683,2024-03-27,Tecnología,App,3,785700.0,0.0
T001046,C00136,2025-03-30,Mercado,Tienda,2,14100.0,0.0
T003917,C00496,2025-05-10,Moda,Web,1,46600.0,0.0
T003816,C00481,2024-03-29,Moda,Web,2,179500.0,0.0
T006729,C00889,2025-05-18,Mercado,Tienda,2,42600.0,0.0
T008660,C01147,2023-11-21,Belleza,Tienda,2,64900.0,0.0
T006463,C00849,2024-01-02,Mercado,Web,3,41200.0,0.0
T000399,C00049,2025-05-31,Moda,Web,3,139300.0,0.1
T007176,C00950,2024-08-04,Hogar,App,3,88400.0,0.0
T002361,C00297,2024-12-17,Moda,Tienda,2,100200.0,0.3
T002750,C00341,2024-03-07,Belleza,Tienda,1,50000.0,0.0
T002291,C00285,2024-03-04,Belleza,Tienda,3,72400.0,0.0
T006078,C00789,2024-08-22,Mercado,Tienda,1,26900.0,0.0
T004270,C00548,2024-01-15,Belleza,Web,2,79500.0,0.0
T006457,C00847,2024-06-10,Mercado,Web,2,51700.0,0.0
T008812,C01164,2024-07-12,Mercado,Tienda,3,28400.0,0.1
T004702,C00602,2024-08-02,Moda,Tienda,2,114300.0,0.0
T000738,C00095,2025-06-16,Hogar,Tienda,3,78400.0,0.0
T002283,C00285,2023-11-30,Mercado,App,1,30900.0,0.2
T007025,C00929,2025-02-08,Hogar,App,3,94100.0,0.2
T010619,C01427,2025-04-05,Mercado,App,2,43800.0,0.0
T006959,C00919,2024-07-15,Mercado,Tienda,3,54700.0,0.0
T001325,C00167,2024-10-24,Hogar,Tienda,3,130600.0,0.3
T001207,C00155,2024-12-20,Mercado,Tienda,1,34200.0,0.0
T002619,C00325,2024-08-26,Moda,App,2,214400.0,0.0
T001740,C00219,2024-09-12,Mercado,App,3,59700.0,0.0
T001604,C00202,2024-06-01,Moda,Tienda,2,153900.0,0.0
T009270,C01237,2025-06-08,Moda,Tienda,3,107000.0,0.0
T005139,C00665,2024-06-03,Mercado,App,1,58700.0,0.0
T002011,C00252,2024-09-09,Hogar,Tienda,1,128200.0,0.0
T000733,C00093,2024-01-13,Tecnología,Web,3,715600.0,0.0
T007878,C01037,2024-07-13,Mercado,Tienda,2,32600.0,0.0
T009747,C01311,2025-06-07,Hogar,Tienda,3,106500.0,0.0
T009927,C01333,2025-02-04,Hogar,Web,1,166600.0,0.0
T006087,C00790,2023-12-04,Mercado,App,1,44300.0,0.0
T005627,C00728,2023-10-27,Belleza,Tienda,2,40700.0,0.0
T002596,C00323,2023-12-05,Mercado,Tienda,1,57600.0,0.3
T007303,C00966,2024-11-20,Moda,Tienda,1,159600.0,0.1
T009390,C01254,2025-02-19,Mercado,Tienda,2,26200.0,0.0
T009493,C01267,2023-07-27,Mercado,Web,1,42100.0,0.0
T005421,C00704,2024-07-21,Moda,Tienda,2,152600.0,0.2
T009205,C01224,2023-11-03,Hogar,Tienda,1,60200.0,0.0
T009412,C01255,2024-10-02,Hogar,App,2,43300.0,0.0
T004863,C00630,2025-04-24,Mercado,App,3,68100.0,0.0
T008534,C01130,2024-09-20,Mercado,Tienda,3,22700.0,0.0
T002969,C00369,2024-09-18,Mercado,Web,3,40200.0,0.0
T007690,C01014,2024-09-21,Hogar,Tienda,3,127300.0,0.0
T007410,C00978,2023-06-24,Moda,Web,2,131800.0,0.0
T002452,C00306,2023-08-21,Belleza,Tienda,2,52100.0,0.0
T003376,C00427,2024-09-06,Moda,App,2,134700.0,0.0
T010171,C01365,2024-08-15,Mercado,App,2,39700.0,0.0
T000324,C00041,2024-08-25,Mercado,Tienda,3,22300.0,0.0
T006064,C00787,2025-04-25,Moda,Tienda,1,141500.0,0.0
T000348,C00044,2023-06-12,Hogar,Tienda,3,139900.0,0.0
T000430,C00053,2025-04-20,Moda,Tienda,1,100800.0,0.0
T006823,C00902,2023-11-21,Mercado,Tienda,2,66700.0,0.0
T009416,C01256,2024-06-15,Mercado,Web,3,59800.0,0.2
T001892,C00237,2024-02-28,Mercado,Tienda,1,57100.0,0.0
T002824,C00353,2024-08-07,Belleza,Web,2,65900.0,0.0
T009039,C01198,2024-07-13,Moda,Web,1,74700.0,0.0
T007098,C00940,2024-02-25,Hogar,App,1,134200.0,0.1
T000852,C00111,2024-11-27,Mercado,Tienda,3,54700.0,0.0
T001727,C00216,2024-11-02,Hogar,App,1,71500.0,0.0
T004816,C00620,2024-08-20,Belleza,App,3,89900.0,0.1
T002961,C00369,2024-07-10,Mercado,Tienda,1,40000.0,0.0
T003209,C00407,2024-06-01,Mercado,Tienda,1,50200.0,0.3
T006115,C00795,2024-04-06,Mercado,Tienda,2,23900.0,0.0
T008289,C01099,2025-01-12,Belleza,App,1,67500.0,0.0
T010800,C01452,2025-05-09,Hogar,Web,2,154500.0,0.0
T010575,C01420,2024-03-19,Belleza,Tienda,3,71300.0,0.0
T002122,C00265,2025-04-13,Mercado,Tienda,2,40900.0,0.0
T005100,C00659,2025-03-15,Moda,App,2,71500.0,0.0
T002333,C00289,2024-12-20,Mercado,Web,3,30300.0,0.2
T000505,C00063,2023-10-13,Mercado,Web,1,63600.0,0.3
T002258,C00283,2024-10-16,Mercado,App,3,56400.0,0.0
T009208,C01224,2024-07-05,Moda,Tienda,2,136100.0,0.0
T011044,C01487,2023-11-02,Moda,App,3,198800.0,0.0
T003511,C00439,2023-10-31,Belleza,Tienda,3,77700.0,0.0
T004810,C00619,2024-03-20,Tecnología,Tienda,2,1069400.0,0.0
T004598,C00593,2024-03-05,Mercado,Web,3,32400.0,0.0
T009698,C01300,2024-12-13,Hogar,Tienda,3,157400.0,0.0
T010385,C01392,2023-08-29,Moda,Tienda,1,240100.0,0.0
T004799,C00617,2023-05-13,Tecnología,Web,2,642600.0,0.2
T007198,C00952,2024-10-18,Mercado,Tienda,1,25200.0,0.0
T010041,C01350,2024-08-05,Mercado,Tienda,1,56400.0,0.0
T010695,C01439,2023-02-06,Tecnología,Web,1,831800.0,0.0
T000970,C00125,2024-08-14,Mercado,Web,3,52200.0,0.0
T001687,C00210,2024-06-20,Moda,Tienda,1,70800.0,0.0
T005451,C00708,2025-04-14,Mercado,Web,2,49300.0,0.2
T006990,C00923,2025-05-13,Belleza,Tienda,1,49100.0,0.0
T010509,C01411,2025-05-06,Mercado,Web,3,54500.0,0.0
T007824,C01030,2024-10-03,Hogar,Web,3,148300.0,0.0
T008876,C01175,2024-02-18,Tecnología,Tienda,3,639400.0,0.0
T003198,C00405,2024-08-09,Mercado,Tienda,1,37000.0,0.0
T005138,C00664,2023-06-03,Hogar,Tienda,1,109100.0,0.0
T002226,C00280,2024-03-31,Mercado,App,1,43200.0,0.0
T003236,C00410,2025-06-08,Hogar,App,1,137800.0,0.0
T008431,C01118,2023-07-14,Moda,Tienda,3,149500.0,0.0
T007999,C01059,2024-02-20,Belleza,Tienda,3,106600.0,0.3
T004458,C00574,2024-06-18,Belleza,App,3,84600.0,0.2
T000941,C00119,2024-11-06,Moda,App,3,169400.0,0.2
T011003,C01480,2024-10-12,Hogar,Tienda,1,152300.0,0.2
T009658,C01292,2024-01-23,Moda,Web,2,189600.0,0.0
T008079,C01070,2023-07-12,Moda,Tienda,2,141600.0,0.0
T006795,C00898,2024-08-06,Hogar,Web,2,46500.0,0.0
T007849,C01033,2024-04-28,Mercado,Tienda,2,76200.0,0.0
T006762,C00896,2024-06-28,Belleza,Tienda,2,22300.0,0.0
T003989,C00507,2024-07-13,Hogar,Tienda,2,141000.0,0.0
T008670,C01149,2025-04-03,Mercado,App,3,40300.0,0.0
T001137,C00144,2023-12-27,Mercado,Tienda,3,38500.0,0.0
T001040,C00135,2025-04-02,Mercado,Web,1,62800.0,0.0
T009826,C01321,2024-09-08,Moda,Tienda,2,89600.0,0.0
T008136,C01078,2023-11-15,Hogar,Web,2,62900.0,0.0
T004826,C00622,2024-05-26,Mercado,App,3,70000.0,0.0
T007143,C00944,2025-05-11,Hogar,App,2,112000.0,0.0
T010010,C01346,2025-05-10,Moda,Web,2,95100.0,0.3
T008172,C01084,2024-05-17,Belleza,Web,1,66600.0,0.0
T009662,C01293,2024-01-09,Moda,Tienda,1,222400.0,0.0
T005438,C00707,2025-03-12,Moda,Tienda,1,98300.0,0.0
T002236,C00281,2025-03-30,Hogar,Tienda,2,74900.0,0.2
T009445,C01260,2024-03-25,Mercado,App,3,19300.0,0.0
T009704,C01302,2025-05-12,Moda,Web,1,166700.0,0.0
T008832,C01166,2024-08-08,Mercado,Web,2,35300.0,0.1
T005927,C00767,2024-09-11,Hogar,Tienda,2,81800.0,0.0
T011130,C01500,2024-08-06,Tecnología,Tienda,2,737000.0,0.0
T008511,C01127,2023-08-24,Moda,Tienda,1,127000.0,0.0
T007267,C00961,2024-08-09,Moda,App,2,142300.0,0.0
T002552,C00317,2024-04-26,Tecnología,Tienda,2,762100.0,0.0
T008462,C01121,2025-05-05,Tecnología,Web,3,440400.0,0.0
T011114,C01497,2024-05-18,Hogar,App,2,143700.0,0.0
T004422,C00570,2024-07-20,Mercado,Web,3,39100.0,0.0
T010223,C01373,2024-06-18,Tecnología,App,1,641800.0,0.0
T003286,C00416,2023-06-14,Hogar,Tienda,2,97400.0,0.0
T006660,C00878,2024-03-27,Mercado,Web,2,40000.0,0.2
T011089,C01494,2025-05-17,Mercado,Tienda,2,31700.0,0.0
T004114,C00527,2024-09-27,Mercado,App,3,75700.0,0.0
T006448,C00846,2025-02-03,Belleza,App,2,97300.0,0.3
T002663,C00333,2023-07-25,Moda,App,3,144400.0,0.1
T008768,C01160,2024-02-17,Tecnología,Tienda,1,771700.0,0.0
T005258,C00678,2024-11-26,Moda,Web,3,149400.0,0.0
T000828,C00107,2025-03-08,Moda,Web,2,97700.0,0.0
T008430,C01118,2024-04-14,Mercado,App,3,48600.0,0.0
T000579,C00074,2023-10-27,Moda,Web,1,178600.0,0.3
T001711,C00213,2025-01-07,Moda,Tienda,1,95200.0,0.0
T006056,C00786,2023-12-11,Moda,Tienda,3,180100.0,0.2
T001643,C00206,2024-02-25,Mercado,App,1,50700.0,0.0
T005346,C00691,2024-11-10,Mercado,Tienda,1,51200.0,0.3
T006367,C00835,2025-06-21,Mercado,Tienda,2,40800.0,0.0
T010401,C01395,2024-08-07,Hogar,App,1,80900.0,0.0
T000227,C00026,2024-08-28,Belleza,Web,2,57100.0,0.1
T005167,C00670,2024-05-20,Belleza,App,1,59800.0,0.0
T005960,C00771,2024-09-16,Mercado,App,1,55300.0,0.0
T006886,C00911,2024-03-19,Mercado,Web,3,43100.0,0.0
T006706,C00884,2024-04-10,Mercado,Web,1,30700.0,0.0
T004190,C00536,2024-05-02,Moda,Tienda,2,96600.0,0.2
T004109,C00526,2024-04-03,Mercado,Tienda,3,77800.0,0.0
T007106,C00941,2025-06-04,Mercado,Tienda,3,61800.0,0.0
T010325,C01383,2024-06-23,Moda,App,3,92400.0,0.2
T006896,C00913,2024-03-26,Moda,Tienda,1,116600.0,0.0
T008604,C01137,2023-04-21,Mercado,App,1,45500.0,0.0
T004172,C00533,2023-12-24,Belleza,Web,1,94600.0,0.0
T000234,C00027,2023-09-05,Moda,Tienda,3,143000.0,0.0
T009037,C01198,2024-04-23,Mercado,Tienda,2,28500.0,0.3
T006556,C00865,2023-11-18,Hogar,Tienda,2,100900.0,0.0
T003740,C00472,2024-04-28,Mercado,Tienda,2,45400.0,0.0
T005883,C00760,2023-02-05,Mercado,Web,3,42300.0,0.0
T000402,C00049,2025-03-17,Moda,Tienda,1,43300.0,0.0
T005802,C00750,2025-04-22,Belleza,Tienda,2,77100.0,0.3
T007542,C00994,2024-04-15,Mercado,Tienda,2,36200.0,0.2
T005332,C00689,2024-08-06,Mercado,Tienda,3,55000.0,0.0
T003218,C00408,2024-10-19,Belleza,Tienda,3,108800.0,0.0
T004397,C00566,2024-03-26,Hogar,Web,3,63500.0,0.2
T009223,C01227,2024-11-14,Moda,App,1,131900.0,0.1
T005293,C00684,2024-05-20,Belleza,Tienda,2,84300.0,0.3
T009702,C01302,2024-08-17,Hogar,Web,2,121300.0,0.0
T000472,C00059,2025-01-17,Belleza,App,2,73500.0,0.0
T006997,C00924,2024-05-08,Belleza,Tienda,3,48700.0,0.0
T004603,C00593,2024-04-08,Hogar,Tienda,2,86600.0,0.3
T010572,C01419,2024-10-10,Moda,Web,3,190400.0,0.0
T002512,C00315,2024-04-20,Belleza,App,2,116700.0,0.0
T002617,C00325,2025-01-19,Hogar,Web,3,110400.0,0.3
T001493,C00188,2024-10-23,Mercado,Web,1,58100.0,0.0
T000709,C00089,2024-08-13,Mercado,Tienda,1,43800.0,0.0
T010986,C01479,2025-06-06,Belleza,Tienda,3,77400.0,0.0
T004870,C00630,2024-11-27,Tecnología,Tienda,2,701600.0,0.1
T006341,C00831,2024-11-10,Mercado,Tienda,2,46200.0,0.0
T002887,C00361,2024-01-09,Mercado,App,2,28800.0,0.0
T002616,C00325,2025-06-03,Hogar,Web,1,109200.0,0.0
T009282,C01240,2025-01-22,Tecnología,Tienda,2,537700.0,0.0
T007158,C00946,2024-06-15,Belleza,App,1,91700.0,0.0
T007069,C00938,2025-05-01,Belleza,App,1,68300.0,0.0
T005268,C00680,2024-08-18,Mercado,Tienda,1,70200.0,0.2
T006469,C00850,2024-08-17,Mercado,Tienda,3,33500.0,0.0
T009781,C01316,2024-03-22,Mercado,App,2,41600.0,0.0
T006136,C00798,2025-01-22,Mercado,App,1,49600.0,0.0
T003357,C00426,2024-08-15,Mercado,Tienda,2,61200.0,0.0
T001167,C00147,2024-05-12,Belleza,App,3,43300.0,0.0
T002385,C00302,2024-08-07,Mercado,Tienda,3,53600.0,0.2
T004637,C00597,2025-02-09,Hogar,Web,3,97700.0,0.0
T003313,C00419,2024-07-16,Belleza,App,3,94100.0,0.0
T007194,C00951,2025-04-03,Tecnología,App,2,725000.0,0.1
T004211,C00538,2024-10-29,Moda,Web,1,104400.0,0.3
T003033,C00380,2024-09-11,Tecnología,App,3,602000.0,0.3
T007153,C00946,2024-06-15,Mercado,Tienda,2,50400.0,0.0
T002459,C00307,2024-01-08,Moda,Tienda,2,164400.0,0.1
T005183,C00671,2024-06-29,Hogar,Tienda,3,152700.0,0.0
T004947,C00639,2024-03-12,Hogar,Tienda,1,174800.0,0.0
T002517,C00315,2024-03-06,Belleza,App,1,45200.0,0.0
T008583,C01136,2024-10-18,Tecnología,Web,2,614800.0,0.0
T005256,C00678,2023-07-12,Moda,Web,3,117700.0,0.0
T002523,C00316,2024-06-06,Moda,Tienda,2,187400.0,0.0
T005929,C00767,2024-07-30,Hogar,Tienda,1,79700.0,0.0
T006453,C00846,2023-10-03,Mercado,Tienda,1,45100.0,0.2
T003060,C00385,2024-08-27,Mercado,Tienda,1,49500.0,0.0
T005796,C00750,2025-04-18,Mercado,Tienda,1,54600.0,0.0
T008596,C01137,2024-04-12,Mercado,Tienda,1,38800.0,0.0
T001506,C00190,2024-10-31,Moda,Web,3,77700.0,0.2
T000027,C00002,2024-08-15,Mercado,Tienda,2,45200.0,0.0
T007895,C01041,2025-04-25,Tecnología,Tienda,3,914800.0,0.0
T006243,C00815,2023-08-22,Moda,Tienda,3,158400.0,0.0
T008300,C01100,2024-03-01,Hogar,App,3,81200.0,0.2
T008661,C01147,2025-03-04,Mercado,Tienda,3,28000.0,0.0
T009352,C01250,2025-05-22,Moda,App,1,157700.0,0.0
T010798,C01452,2025-02-22,Belleza,Tienda,1,34100.0,0.2
T009115,C01211,2023-05-21,Mercado,Web,1,47900.0,0.0
T001774,C00223,2024-10-09,Mercado,Tienda,3,39300.0,0.0
T008288,C01099,2025-04-29,Moda,App,2,170000.0,0.0
T006016,C00779,2024-07-05,Moda,App,3,90300.0,0.0
T008707,C01154,2024-02-26,Belleza,Tienda,1,66500.0,0.1
T010524,C01413,2024-05-30,Mercado,Tienda,3,42000.0,0.1
T009456,C01263,2024-08-24,Belleza,Tienda,2,5000.0,0.0
T008680,C01151,2025-02-27,Hogar,Tienda,2,128700.0,0.0
T009025,C01195,2024-03-21,Mercado,Tienda,2,57200.0,0.0
T005140,C00665,2025-04-10,Mercado,App,3,54900.0,0.0
T007085,C00938,2024-03-26,Mercado,Web,2,29100.0,0.0
T003553,C00446,2024-08-07,Mercado,Tienda,3,44000.0,0.0
T003435,C00433,2023-04-20,Hogar,App,3,115900.0,0.0
T007238,C00957,2023-06-07,Mercado,Tienda,1,51500.0,0.0
T010527,C01413,2023-08-17,Mercado,Web,1,47900.0,0.0
T005198,C00672,2024-08-22,Mercado,Tienda,2,58200.0,0.0
T007659,C01009,2023-12-12,Mercado,Tienda,3,39600.0,0.0
T009504,C01268,2025-05-23,Mercado,Tienda,1,41500.0,0.0
T004255,C00546,2025-06-20,Mercado,Web,1,80600.0,0.0
T004277,C00550,2023-08-04,Mercado,Tienda,3,68000.0,0.0
T003289,C00416,2024-02-26,Mercado,Web,1,64700.0,0.0
T006825,C00902,2023-12-12,Tecnología,Tienda,3,1078100.0,0.0
T005280,C00683,2024-05-20,Mercado,Tienda,3,49200.0,0.0
T001849,C00234,2024-08-03,Hogar,Tienda,3,146600.0,0.0
T003064,C00385,2025-05-09,Tecnología,App,3,639300.0,0.0
T002811,C00351,2024-06-28,Mercado,Web,2,57900.0,0.0
T001082,C00139,2024-10-01,Mercado,Web,3,61200.0,0.0
T003562,C00448,2024-08-02,Mercado,Tienda,3,16300.0,0.0
T007929,C01048,2025-04-08,Moda,Tienda,2,232100.0,0.0
T007736,C01017,2025-02-13,Moda,Web,1,116600.0,0.2
T007819,C01029,2024-09-18,Mercado,Web,3,57100.0,0.0
T009399,C01254,2025-04-02,Mercado,App,2,55600.0,0.0
T001799,C00228,2024-11-13,Mercado,Tienda,1,32400.0,0.3
T007894,C01041,2024-06-27,Mercado,Tienda,2,47400.0,0.0
T004564,C00589,2024-06-24,Hogar,Web,3,126800.0,0.0
T001336,C00169,2024-12-31,Moda,Web,1,167200.0,0.1
T005407,C00703,2024-02-18,Mercado,Tienda,2,47000.0,0.0
T007382,C00974,2023-12-13,Hogar,App,3,85700.0,0.3
T009948,C01335,2024-03-27,Mercado,Web,3,38800.0,0.0
T001144,C00145,2024-02-29,Mercado,Tienda,3,17700.0,0.1
T009830,C01321,2025-01-05,Tecnología,App,2,709400.0,0.0
T009901,C01329,2023-06-22,Mercado,Tienda,2,48000.0,0.0
T006498,C00854,2023-07-30,Mercado,Web,3,43000.0,0.0
T003075,C00387,2024-10-06,Mercado,Tienda,1,11700.0,0.0
T000165,C00020,2023-05-28,Mercado,Web,3,28800.0,0.0
T007292,C00964,2024-02-24,Tecnología,Tienda,1,792600.0,0.1
T000608,C00077,2024-03-12,Hogar,Tienda,1,84300.0,0.0
T006560,C00866,2023-11-24,Mercado,Tienda,3,51800.0,0.0
T003139,C00396,2024-05-27,Mercado,Web,1,27600.0,0.3
T008153,C01081,2024-03-30,Mercado,Tienda,3,36800.0,0.1
T006737,C00892,2025-04-05,Belleza,App,1,100600.0,0.0
T000261,C00030,2024-08-27,Mercado,Tienda,2,40700.0,0.0
T011083,C01493,2024-02-19,Hogar,Tienda,2,,0.0
T007299,C00965,2023-10-03,Mercado,App,3,55400.0,0.1
T002528,C00317,2024-10-26,Belleza,Tienda,2,85200.0,0.0
T000931,C00119,2024-11-17,Mercado,Tienda,3,42300.0,0.0
T008592,C01137,2024-08-26,Moda,Tienda,3,158200.0,0.0
T000636,C00082,2025-03-16,Mercado,Tienda,3,42400.0,0.0
T007122,C00942,2024-07-14,Hogar,Tienda,3,150200.0,0.0
T002677,C00333,2025-01-06,Mercado,App,2,34900.0,0.0
T008530,C01129,2023-10-31,Mercado,App,3,40600.0,0.0
T009970,C01339,2025-04-03,Hogar,App,3,173200.0,0.0
T001314,C00165,2024-05-14,Moda,App,2,215900.0,0.0
T009129,C01212,2024-10-03,Mercado,App,2,43500.0,0.0
T005975,C00773,2024-08-02,Belleza,Tienda,3,59200.0,0.0
T007385,C00975,2024-10-01,Mercado,Tienda,2,60500.0,0.0
T003769,C00475,2024-10-05,Hogar,Tienda,3,142900.0,0.0
T010921,C01470,2024-12-23,Moda,App,2,169200.0,0.0
T004764,C00610,2024-01-17,Mercado,App,2,35800.0,0.3
T009607,C01285,2024-10-13,Belleza,Web,1,61200.0,0.0
T004833,C00624,2024-12-15,Belleza,Tienda,-1,48800.0,0.1
T003307,C00418,2023-05-13,Mercado,Tienda,2,45100.0,0.0
T000784,C00101,2024-06-25,Tecnología,Tienda,3,939700.0,0.0
T001924,C00240,2024-07-08,Tecnología,Tienda,3,746500.0,0.0
T004786,C00613,2024-11-26,Belleza,Tienda,3,45100.0,0.0
T001079,C00138,2025-01-03,Mercado,App,1,34500.0,0.0
T002490,C00311,2024-11-07,Mercado,Web,1,36900.0,0.0
T001398,C00174,2025-01-30,Belleza,Web,1,80800.0,0.0
T006504,C00854,2023-08-10,Mercado,Web,3,40200.0,0.0
T000581,C00074,2025-03-14,Mercado,Web,2,57500.0,0.0
T005328,C00689,2024-08-06,Hogar,Tienda,3,171200.0,0.0
T000548,C00068,2024-12-23,Mercado,Web,1,44800.0,0.0
T003378,C00427,2024-11-21,Mercado,App,2,38800.0,0.0
T003707,C00470,2024-02-07,Belleza,Tienda,2,59300.0,0.0
T006332,C00829,2024-09-14,Mercado,Tienda,2,32500.0,0.1
T000665,C00083,2024-02-05,Mercado,Tienda,2,46600.0,0.3
T007016,C00926,2024-08-08,Mercado,Tienda,3,54700.0,0.1
T002158,C00270,2024-08-06,Moda,Tienda,1,152800.0,0.0
T002206,C00276,2025-06-07,Moda,Tienda,1,176900.0,0.0
T001119,C00141,2024-04-23,Belleza,App,1,73700.0,0.0
T000551,C00069,2023-06-21,Mercado,Tienda,3,43000.0,0.0
T003258,C00413,2023-04-12,Mercado,App,3,58400.0,0.0
T002365,C00299,2024-12-22,Mercado,Web,2,55800.0,0.0
T008717,C01157,2024-06-29,Mercado,App,1,40600.0,0.0
T009844,C01321,2024-12-21,Mercado,Web,3,29900.0,0.0
T006985,C00922,2024-06-13,Mercado,Tienda,1,21100.0,0.3
T010300,C01382,2024-08-30,Hogar,Web,2,106500.0,0.0
T006342,C00831,2024-11-29,Mercado,App,1,38400.0,0.1
T002229,C00280,2023-05-29,Mercado,Tienda,1,44200.0,0.3
T007390,C00976,2024-07-08,Moda,Tienda,1,172700.0,0.0
T010373,C01391,2023-09-05,Hogar,Web,2,88900.0,0.0
T010053,C01353,2024-06-07,Moda,Tienda,3,111600.0,0.2
T011106,C01497,2024-05-27,Mercado,App,3,42700.0,0.0
T007381,C00974,2023-09-18,Mercado,Web,2,60700.0,0.0
T008694,C01153,2024-04-30,Belleza,Web,1,97400.0,0.0
T008681,C01151,2024-03-21,Hogar,Tienda,3,,0.3
T001870,C00235,2024-05-25,Mercado,App,3,40700.0,0.0
T005459,C00709,2025-03-31,Belleza,App,1,62700.0,0.2
T010455,C01405,2024-09-14,Hogar,App,2,118200.0,0.0
T001195,C00153,2024-08-13,Moda,App,1,194700.0,0.0
T002100,C00263,2024-09-18,Hogar,Web,3,82900.0,0.0
T002874,C00360,2025-06-17,Hogar,Tienda,1,127300.0,0.0
T003560,C00448,2025-03-31,Hogar,App,1,75700.0,0.0
T010651,C01433,2024-04-27,Hogar,Tienda,1,103000.0,0.0
T005110,C00660,2025-03-17,Hogar,Web,1,128800.0,0.0
T004609,C00594,2024-03-15,Moda,Tienda,3,12200.0,0.0
T000537,C00067,2024-02-24,Mercado,Web,3,73300.0,0.2
T001821,C00231,2025-03-23,Moda,Web,3,104800.0,0.0
T004020,C00513,2024-09-09,Tecnología,Web,1,682500.0,0.0
T007706,C01014,2024-07-22,Hogar,App,3,162900.0,0.0
T001363,C00170,2025-06-26,Tecnología,Tienda,3,906400.0,0.1
T010395,C01394,2025-01-25,Hogar,Tienda,3,126900.0,0.0
T010846,C01459,2025-03-24,Belleza,Tienda,2,39300.0,0.0
T003009,C00376,2024-05-04,Tecnología,Tienda,2,427100.0,0.2
T005780,C00749,2023-11-07,Hogar,Web,2,163200.0,0.0
T003229,C00410,2024-05-14,Mercado,Tienda,1,37200.0,0.0
T002404,C00303,2024-08-10,Hogar,App,3,138200.0,0.0
T010216,C01372,2023-08-14,Hogar,Tienda,1,133200.0,0.0
T005559,C00721,2024-03-18,Mercado,Tienda,2,37600.0,0.0
T001507,C00190,2025-06-29,Mercado,Tienda,1,33000.0,0.0
T001488,C00187,2024-06-11,Mercado,App,3,35200.0,0.3
T005467,C00709,2025-06-06,Moda,Tienda,1,78000.0,0.0
T000432,C00053,2024-11-22,Hogar,Tienda,2,31300.0,0.0
T002901,C00363,2024-04-30,Mercado,App,1,37500.0,0.0
T009715,C01304,2024-06-25,Moda,App,1,176500.0,0.0
T006610,C00871,2024-02-04,Mercado,App,3,44300.0,0.0
T005906,C00763,2023-12-23,Mercado,Tienda,1,47900.0,0.1
T009453,C01262,2025-02-15,Moda,App,3,168400.0,0.2
T005320,C00688,2024-04-09,Hogar,App,3,42100.0,0.0
T008805,C01164,2024-02-10,Mercado,Tienda,1,50400.0,0.0
T006583,C00867,2024-05-01,Belleza,App,3,69400.0,0.0
T010787,C01448,2025-03-27,Belleza,App,1,78400.0,0.0
T004254,C00545,2024-07-10,Mercado,Tienda,2,49600.0,0.0
T009730,C01308,2024-08-27,Moda,Web,2,116200.0,0.1
T010601,C01425,2023-11-03,Mercado,App,1,50000.0,0.1
T004977,C00641,2024-12-21,Mercado,Tienda,1,47100.0,0.1
T009619,C01288,2024-05-05,Mercado,App,3,29600.0,0.0
T000718,C00091,2024-11-10,Mercado,App,1,46500.0,0.1
T009966,C01339,2024-08-13,Moda,Tienda,1,131700.0,0.0
T002950,C00368,2023-03-29,Moda,Tienda,1,124700.0,0.0
T002337,C00290,2024-05-27,Mercado,App,2,57300.0,0.3
T005665,C00731,2025-04-03,Moda,Web,1,206600.0,0.0
T008291,C01099,2024-01-10,Moda,Web,1,108600.0,0.0
T005634,C00728,2023-07-15,Hogar,Tienda,2,98700.0,0.0
T001158,C00146,2024-08-15,Moda,Tienda,3,142000.0,0.0
T002808,C00350,2024-07-18,Belleza,Tienda,2,71500.0,0.0
T001432,C00180,2024-02-05,Mercado,Web,2,46100.0,0.0
T010293,C01381,2024-06-25,Mercado,Web,1,34200.0,0.0
T002156,C00270,2024-04-10,Moda,Tienda,2,101800.0,0.2
T002733,C00340,2024-05-06,Belleza,Tienda,3,76600.0,0.0
T005136,C00664,2024-02-02,Mercado,Tienda,1,38000.0,0.0
T008696,C01153,2024-04-28,Mercado,App,2,54300.0,0.0
T005859,C00759,2024-04-27,Moda,Tienda,1,151100.0,0.0
T002818,C00351,2025-02-27,Hogar,App,2,156700.0,0.0
T003116,C00392,2024-09-30,Hogar,Tienda,2,131000.0,0.0
T006966,C00919,2024-10-05,Moda,App,3,137000.0,0.0
T009633,C01289,2024-11-05,Tecnología,Tienda,2,607400.0,0.3
T009323,C01247,2024-03-14,Mercado,App,2,44000.0,0.0
T009046,C01199,2025-01-29,Belleza,App,2,50800.0,0.3
T002268,C00283,2025-02-24,Mercado,App,1,50000.0,0.0
T003284,C00415,2024-03-15,Belleza,Tienda,3,69200.0,0.1
T000534,C00066,2024-03-02,Mercado,App,2,36500.0,0.0
T003716,C00470,2024-02-14,Moda,Tienda,1,189900.0,0.2
T008160,C01082,2023-06-05,Belleza,Web,2,75500.0,0.0
T008143,C01079,2024-02-18,Belleza,Web,3,63500.0,0.1
T005262,C00678,2024-09-24,Hogar,Tienda,2,171500.0,0.0
T006416,C00842,2024-09-15,Hogar,Tienda,1,97300.0,0.0
T005693,C00736,2024-10-17,Belleza,Web,3,54200.0,0.0
T008817,C01164,2025-06-29,Mercado,Tienda,3,57300.0,0.0
T009716,C01304,2024-05-15,Mercado,Tienda,3,41700.0,0.0
T009414,C01255,2023-06-10,Hogar,Web,3,126700.0,0.0
T004286,C00551,2024-06-28,Hogar,App,2,160900.0,0.0
T010012,C01347,2024-02-05,Mercado,Tienda,2,54200.0,0.1
T002582,C00322,2024-12-22,Moda,Tienda,2,200100.0,0.2
T000846,C00109,2024-11-02,Tecnología,Tienda,2,756700.0,0.0
T010954,C01475,2025-02-13,Hogar,Tienda,1,152500.0,0.0
T009485,C01267,2023-09-23,Moda,Tienda,1,99400.0,0.0
T000855,C00111,2024-11-13,Belleza,Web,1,95000.0,0.0
T003271,C00414,2025-02-24,Mercado,Tienda,3,55900.0,0.0
T003854,C00485,2024-10-02,Hogar,App,1,123700.0,0.0
T006072,C00788,2025-06-14,Mercado,Tienda,1,52500.0,0.0
T002104,C00263,2025-03-23,Mercado,Tienda,2,42200.0,0.2
T008231,C01091,2025-01-06,Moda,App,2,144500.0,0.2
T007191,C00951,2025-03-13,Mercado,App,3,31700.0,0.0
T003941,C00498,2023-04-25,Mercado,App,2,38700.0,0.0
T009591,C01282,2023-10-17,Moda,App,1,139600.0,0.0
T005930,C00767,2023-12-11,Hogar,Tienda,1,162900.0,0.0
T009289,C01242,2024-05-26,Belleza,Tienda,1,50500.0,0.0
T001531,C00191,2023-03-10,Mercado,Tienda,2,66500.0,0.0
T006663,C00878,2025-05-12,Moda,App,2,84600.0,0.0
T010923,C01471,2024-09-10,Moda,Tienda,1,165500.0,0.0
T003497,C00437,2024-06-12,Mercado,Web,2,16100.0,0.0
T004858,C00629,2024-05-26,Hogar,Tienda,2,167400.0,0.0
T000735,C00094,2024-06-21,Tecnología,Tienda,1,883600.0,0.0
T005992,C00775,2025-01-03,Mercado,Tienda,3,36800.0,0.3
T007543,C00994,2024-03-18,Hogar,App,1,90700.0,0.0
T005731,C00742,2025-06-14,Hogar,Tienda,3,100900.0,0.0
T007700,C01014,2024-02-21,Mercado,Web,1,47900.0,0.0
T004417,C00569,2024-05-07,Moda,Tienda,1,136800.0,0.0
T000151,C00018,2024-06-18,Mercado,Tienda,1,27100.0,0.0
T010727,C01441,2024-04-09,Moda,Tienda,2,216000.0,0.3
T010752,C01445,2023-12-10,Moda,Web,2,190700.0,0.2
T010104,C01358,2024-09-02,Mercado,Web,1,28400.0,0.0
T009317,C01246,2024-02-21,Hogar,Tienda,2,132600.0,0.0
T004194,C00536,2024-02-07,Belleza,App,1,52300.0,0.0
T002112,C00265,2023-09-11,Mercado,App,3,56100.0,0.0
T008818,C01164,2024-05-02,Mercado,Tienda,2,41900.0,0.0
T009918,C01332,2024-05-10,Mercado,App,3,43600.0,0.0
T006704,C00883,2024-03-28,Tecnología,Web,1,668900.0,0.0
T010375,C01391,2024-09-14,Mercado,Web,3,47100.0,0.0
T001208,C00155,2024-09-17,Belleza,Web,3,95700.0,0.2
T005660,C00731,2025-06-10,Mercado,App,2,42100.0,0.0
T004412,C00568,2023-07-26,Belleza,Tienda,2,37800.0,0.0
T008216,C01089,2024-02-02,Belleza,Web,2,31700.0,0.0
T005972,C00773,2024-11-20,Hogar,Tienda,2,62300.0,0.1
T001648,C00207,2024-06-23,Tecnología,Tienda,1,1028200.0,0.1
T007841,C01033,2024-02-10,Moda,Web,3,94700.0,0.0
T001642,C00206,2024-01-05,Moda,App,1,173200.0,0.3
T007031,C00930,2023-11-01,Hogar,Web,3,100400.0,0.0
T009735,C01309,2024-11-22,Hogar,Tienda,2,106800.0,0.3
T008162,C01082,2023-03-15,Hogar,Web,1,157700.0,0.0
T002439,C00306,2023-06-27,Belleza,App,1,70700.0,0.0
T000872,C00113,2025-01-14,Mercado,App,3,49000.0,0.1
T000512,C00065,2024-03-16,Hogar,Tienda,2,64200.0,0.0
T004543,C00586,2024-08-14,Belleza,Tienda,3,72200.0,0.0
T004859,C00629,2023-10-27,Mercado,App,1,37900.0,0.0
T000322,C00040,2023-08-20,Mercado,Tienda,3,56000.0,0.0
T007702,C01014,2024-06-14,Hogar,App,2,184300.0,0.1
T001772,C00223,2024-02-12,Mercado,App,2,54300.0,0.0
T000625,C00080,2025-02-14,Belleza,Tienda,2,98200.0,0.2
T009840,C01321,2023-12-12,Tecnología,App,1,748000.0,0.0
T009378,C01253,2024-07-25,Mercado,Tienda,3,65600.0,0.0
T010443,C01402,2024-12-24,Belleza,Web,2,87900.0,0.0
T003648,C00462,2024-07-17,Mercado,Web,2,44200.0,0.0
T001961,C00246,2025-02-19,Hogar,App,1,153100.0,0.0
T008731,C01158,2023-10-29,Mercado,Web,1,45500.0,0.0
T001061,C00136,2024-11-10,Belleza,Tienda,1,48400.0,0.3
T008407,C01113,2024-11-15,Moda,Tienda,2,152200.0,0.0
T002309,C00286,2024-05-03,Hogar,Tienda,1,165100.0,0.0
T000997,C00130,2024-04-30,Mercado,Tienda,3,44100.0,0.0
T005863,C00759,2023-12-02,Hogar,App,3,108200.0,0.3
T006162,C00801,2024-10-03,Mercado,Tienda,3,55400.0,0.0
T000475,C00060,2025-06-29,Mercado,Web,3,46300.0,0.0
T008066,C01068,2025-04-08,Belleza,Web,3,74300.0,0.0
T005011,C00645,2025-04-02,Tecnología,App,3,632500.0,0.0
T008480,C01124,2024-01-26,Hogar,Tienda,1,86900.0,0.0
T007088,C00938,2023-11-29,Mercado,Web,3,42500.0,0.2
T005326,C00689,2024-08-06,Tecnología,Web,1,449600.0,0.0
T003633,C00460,2023-12-10,Hogar,Web,2,89700.0,0.2
T003812,C00480,2024-02-16,Hogar,Tienda,1,76200.0,0.0
T008700,C01153,2024-05-27,Mercado,App,1,62400.0,0.0
T005433,C00706,2025-06-23,Belleza,Tienda,2,61700.0,0.0
T003901,C00493,2024-01-15,Moda,Tienda,2,79000.0,0.0
T004759,C00610,2024-09-24,Belleza,Web,1,67400.0,0.0
T005338,C00690,2024-05-15,Hogar,App,3,183600.0,0.0
T010093,C01356,2025-04-16,Belleza,Tienda,1,59200.0,0.0
T001992,C00250,2025-02-20,Tecnología,App,3,837400.0,0.0
T004891,C00632,2024-10-18,Mercado,Tienda,3,42400.0,0.2
T003737,C00472,2024-02-26,Moda,Tienda,3,184600.0,0.0
T006073,C00788,2024-08-19,Hogar,Tienda,1,115200.0,0.0
T000268,C00031,2024-11-19,Moda,Web,1,231800.0,0.0
T002447,C00306,2024-04-19,Tecnología,Web,2,592000.0,0.1
T001077,C00138,2024-06-08,Moda,Tienda,3,143900.0,0.0
T002364,C00298,2024-11-13,Mercado,App,3,35900.0,0.3
T009587,C01281,2024-03-11,Mercado,Tienda,1,43400.0,0.0
T001939,C00243,2024-09-16,Mercado,App,3,32900.0,0.0
T003219,C00409,2024-02-12,Belleza,Web,2,33200.0,0.0
T008884,C01176,2024-02-01,Moda,App,2,113500.0,0.0
T005532,C00717,2024-08-19,Hogar,Web,3,136200.0,0.0
T008563,C01133,2024-11-28,Hogar,Tienda,3,164400.0,0.2
T005410,C00703,2023-08-16,Mercado,App,1,13800.0,0.0
T010741,C01442,2024-10-14,Mercado,App,2,63600.0,0.0
T005907,C00763,2023-10-31,Mercado,App,3,54900.0,0.0
T010907,C01468,2023-11-22,Mercado,Web,2,44700.0,0.2
T002983,C00371,2023-08-04,Mercado,Tienda,3,53100.0,0.0
T003179,C00402,2023-07-02,Moda,Tienda,3,223900.0,0.0
T010306,C01383,2024-08-19,Moda,App,2,134500.0,0.0
T003034,C00381,2024-10-11,Tecnología,Tienda,3,779500.0,0.3
T005300,C00685,2024-07-21,Belleza,Tienda,3,70600.0,0.0
T008905,C01177,2023-10-05,Moda,Tienda,2,104500.0,0.0
T010805,C01453,2024-05-25,Mercado,Tienda,1,26300.0,0.0
T007263,C00961,2024-11-15,Moda,App,3,70100.0,0.1
T006443,C00846,2024-07-31,Hogar,Tienda,1,94300.0,0.0
T006848,C00905,2024-01-24,Hogar,Tienda,3,153500.0,0.0
T007634,C01006,2024-09-19,Mercado,App,2,32700.0,0.0
T010420,C01397,2024-03-07,Tecnología,Tienda,3,838900.0,0.0
T002707,C00337,2024-11-07,Hogar,Tienda,2,135800.0,0.0
T010460,C01405,2025-06-08,Hogar,Web,3,145200.0,0.0
T002308,C00286,2024-05-12,Mercado,Tienda,2,49900.0,0.0
T004542,C00585,2024-03-27,Belleza,Tienda,3,88900.0,0.2
T005143,C00665,2024-03-05,Mercado,App,1,19900.0,0.0
T005350,C00692,2023-08-03,Hogar,Web,2,141500.0,0.1
T007182,C00950,2024-07-25,Mercado,Tienda,2,41500.0,0.0
T004645,C00598,2024-12-22,Belleza,App,2,78700.0,0.0
T004265,C00547,2023-10-25,Mercado,Tienda,1,39100.0,0.0
T002488,C00311,2025-05-20,Belleza,Tienda,2,93000.0,0.0
T002425,C00305,2024-04-30,Mercado,Tienda,2,31700.0,0.0
T008811,C01164,2024-08-19,Mercado,Web,2,34500.0,0.0
T002753,C00341,2024-04-14,Mercado,Tienda,1,41300.0,0.0
T007021,C00927,2024-09-11,Moda,App,2,174300.0,0.0
T005182,C00671,2024-05-18,Mercado,Web,1,71800.0,0.3
T007018,C00927,2024-07-31,Belleza,App,1,49500.0,0.0
T005366,C00694,2024-10-03,Hogar,Tienda,1,114400.0,0.0
T002955,C00368,2025-06-13,Mercado,App,1,43300.0,0.0
T003243,C00410,2023-06-18,Hogar,Tienda,3,123900.0,0.0
T005169,C00670,2024-05-20,Mercado,App,2,41000.0,0.0
T004809,C00618,2025-04-02,Mercado,Tienda,2,39700.0,0.0
T007066,C00937,2024-08-27,Belleza,Tienda,1,68300.0,0.0
T004439,C00571,2024-11-13,Hogar,Tienda,1,145800.0,0.2
T007753,C01019,2025-04-29,Belleza,Tienda,1,56700.0,0.0
T008851,C01170,2024-10-30,Mercado,App,3,69200.0,0.0
T009558,C01275,2024-02-14,Moda,App,3,146600.0,0.0
T002209,C00276,2024-09-16,Mercado,Tienda,1,47900.0,0.0
T010098,C01357,2024-06-19,Hogar,Web,3,117200.0,0.0
T006141,C00799,2024-07-07,Belleza,App,1,58300.0,0.0
T010677,C01437,2024-09-11,Hogar,Tienda,3,111400.0,0.0
T004473,C00578,2024-10-08,Moda,Web,2,159000.0,0.0
T008056,C01066,2024-06-14,Mercado,Tienda,2,68700.0,0.0
T007190,C00951,2024-07-10,Belleza,Tienda,1,64600.0,0.0
T007023,C00928,2024-02-04,Hogar,App,1,77500.0,0.0
T003959,C00500,2025-04-08,Belleza,Web,2,58300.0,0.0
T010979,C01478,2024-04-27,Belleza,Tienda,2,38300.0,0.3
T007343,C00969,2023-07-11,Mercado,Tienda,3,44700.0,0.0
T005758,C00747,2023-07-31,Belleza,App,1,44800.0,0.0
T002233,C00281,2025-02-12,Mercado,Tienda,3,44200.0,0.3
T001792,C00227,2024-03-16,Tecnología,Tienda,3,341700.0,0.0
T002902,C00363,2025-03-22,Mercado,Web,3,44600.0,0.3
T010735,C01442,2024-07-13,Mercado,Web,2,47000.0,0.3
T007571,C00999,2024-06-06,Mercado,Web,3,28200.0,0.0
T006028,C00781,2025-06-24,Belleza,Tienda,3,40700.0,0.0
T005069,C00652,2025-03-29,Mercado,App,3,42900.0,0.0
T001185,C00149,2025-04-16,Hogar,Tienda,1,125200.0,0.0
T007180,C00950,2024-07-30,Hogar,App,1,170500.0,0.0
T009710,C01303,2024-09-22,Mercado,Web,1,39100.0,0.0
T008354,C01108,2023-07-05,Mercado,App,1,28100.0,0.0
T008999,C01193,2023-09-30,Mercado,Tienda,2,52000.0,0.0
T009766,C01313,2024-07-31,Moda,Web,2,135500.0,0.0
T010776,C01447,2023-10-06,Mercado,App,3,39100.0,0.0
T002850,C00357,2024-06-17,Mercado,Tienda,1,54900.0,0.0
T011037,C01485,2025-05-18,Mercado,Tienda,1,29800.0,0.0
T003251,C00411,2023-04-02,Moda,Web,1,147500.0,0.0
T008526,C01129,2024-01-04,Belleza,Tienda,2,36000.0,0.0
T002095,C00262,2024-08-27,Belleza,Tienda,3,61800.0,0.0
T000517,C00065,2024-03-11,Hogar,Tienda,3,81500.0,0.2
T005609,C00726,2024-09-19,Moda,Web,1,220800.0,0.3
T002610,C00325,2025-06-04,Hogar,Tienda,1,119500.0,0.0
T010442,C01402,2024-03-19,Moda,Tienda,3,130200.0,0.0
T010417,C01397,2024-07-20,Hogar,Tienda,1,80200.0,0.0
T006179,C00804,2024-08-23,Belleza,Tienda,2,72200.0,0.1
T004883,C00630,2024-04-29,Mercado,Tienda,2,27600.0,0.3
T004053,C00518,2024-11-02,Mercado,Tienda,1,46500.0,0.0
T002606,C00325,2025-05-16,Hogar,Tienda,3,126300.0,0.0
T009682,C01298,2024-03-23,Mercado,Web,1,37000.0,0.0
T005411,C00703,2024-02-15,Mercado,Tienda,2,50600.0,0.0
T010788,C01449,2024-06-24,Hogar,Tienda,1,121700.0,0.0
T000911,C00116,2024-06-19,Mercado,Tienda,2,19700.0,0.0
T001125,C00143,2025-01-04,Mercado,App,1,15400.0,0.0
T003933,C00497,2024-04-29,Belleza,Tienda,2,81400.0,0.0
T002782,C00346,2024-08-23,Mercado,App,1,54100.0,0.0
T007641,C01007,2024-12-23,Moda,App,2,200500.0,0.2
T000140,C00016,2024-09-03,Moda,Tienda,3,185300.0,0.0
T001905,C00237,2024-05-17,Tecnología,Tienda,1,368600.0,0.0
T010471,C01407,2023-08-27,Moda,App,2,153200.0,0.0
T003063,C00385,2024-07-02,Mercado,Tienda,3,43000.0,0.0
T000533,C00066,2024-03-05,Mercado,Tienda,3,43300.0,0.0
T009523,C01271,2024-06-29,Hogar,App,1,101400.0,0.0
T003694,C00468,2023-12-28,Mercado,Tienda,1,26400.0,0.0
T009264,C01236,2025-05-17,Hogar,App,1,149800.0,0.0
T000010,C00001,2024-02-03,Hogar,Tienda,3,157000.0,0.1
T006139,C00799,2024-03-05,Mercado,Web,1,56000.0,0.0
T002786,C00346,2024-12-23,Mercado,App,1,41100.0,0.0
T002724,C00339,2024-10-30,Belleza,Tienda,2,51300.0,0.2
T007864,C01034,2025-06-29,Tecnología,Tienda,2,521200.0,0.0
T008525,C01129,2024-02-21,Hogar,Web,2,156700.0,0.3
T008770,C01160,2024-01-01,Mercado,Tienda,3,51600.0,0.0
T006491,C00853,2024-06-13,Hogar,Tienda,3,163100.0,0.0
T003171,C00402,2023-08-27,Hogar,App,3,164000.0,0.0
T008464,C01121,2025-06-14,Mercado,App,1,42600.0,0.3
T002292,C00285,2023-11-28,Mercado,Web,1,33400.0,0.0
T010374,C01391,2023-11-28,Belleza,App,1,56300.0,0.1
T007602,C01001,2024-03-18,Mercado,Tienda,2,39500.0,0.0
T002681,C00334,2024-11-03,Mercado,Web,3,38400.0,0.0
T003868,C00487,2024-01-17,Belleza,App,1,87900.0,0.3
T006930,C00917,2025-01-05,Mercado,App,3,46200.0,0.0
T007436,C00981,2024-06-30,Mercado,App,3,29700.0,0.0
T003387,C00427,2025-03-15,Hogar,Tienda,3,169300.0,0.0
T009832,C01321,2025-02-11,Mercado,Tienda,1,31900.0,0.0
T009803,C01319,2024-03-26,Hogar,Tienda,2,121700.0,0.0
T004652,C00598,2024-08-25,Mercado,App,1,42200.0,0.0
T008036,C01064,2024-11-03,Mercado,Web,2,40900.0,0.3
T004502,C00582,2024-11-20,Mercado,Tienda,3,74800.0,0.0
T008954,C01185,2024-05-20,Tecnología,App,3,449300.0,0.0
T002864,C00358,2024-01-22,Belleza,Tienda,1,83400.0,0.0
T002088,C00261,2024-08-07,Belleza,Tienda,2,94000.0,0.2
T001465,C00185,2023-10-08,Tecnología,Web,2,554700.0,0.0
T002718,C00338,2025-04-30,Mercado,Tienda,2,49100.0,0.2
T003892,C00490,2024-11-12,Mercado,Tienda,3,13300.0,0.0
T006613,C00872,2024-12-22,Mercado,Tienda,1,48300.0,0.2
T010132,C01361,2024-11-01,Tecnología,Tienda,3,596700.0,0.1
T005434,C00707,2025-04-08,Mercado,Tienda,3,46200.0,0.0
T000066,C00006,2024-11-09,Mercado,App,3,45000.0,0.3
T001289,C00163,2024-12-15,Mercado,Tienda,3,55500.0,0.2
T001826,C00232,2024-11-04,Mercado,Tienda,3,62200.0,0.1
T004877,C00630,2024-12-09,Belleza,App,3,56600.0,0.3
T004817,C00621,2024-07-07,Hogar,Tienda,1,126900.0,0.0
T000857,C00111,2024-07-29,Belleza,Tienda,2,67300.0,0.0
T001406,C00174,2025-02-08,Hogar,Tienda,3,112800.0,0.0
T006201,C00809,2024-11-14,Mercado,Tienda,2,36700.0,0.0
T005938,C00768,2024-05-29,Mercado,Web,1,52400.0,0.0
T008059,C01066,2024-07-13,Belleza,Tienda,2,116300.0,0.0
T001006,C00131,2024-02-10,Hogar,App,1,104500.0,0.0
T010211,C01371,2024-04-29,Mercado,App,2,39400.0,0.0
T008187,C01085,2025-01-05,Mercado,Tienda,1,52600.0,0.0
T008428,C01117,2023-09-30,Tecnología,Tienda,3,510600.0,0.0
T011062,C01490,2024-08-10,Belleza,Tienda,2,23800.0,0.0
T004631,C00597,2023-11-22,Mercado,App,2,48900.0,0.3
T005781,C00749,2024-04-21,Hogar,Tienda,2,118800.0,0.0
T010396,C01394,2025-05-26,Mercado,Tienda,2,41700.0,0.0
T005786,C00749,2024-11-29,Hogar,Tienda,2,137200.0,0.0
T001722,C00214,2024-08-11,Mercado,Tienda,1,50300.0,0.0
T001887,C00237,2024-05-15,Tecnología,App,3,425900.0,0.0
T010024,C01348,2025-03-28,Tecnología,Tienda,2,553300.0,0.2
T005895,C00761,2024-11-17,Hogar,App,1,141300.0,0.0
T003857,C00485,2023-10-18,Belleza,Tienda,3,66200.0,0.0
T003791,C00477,2023-09-11,Hogar,Tienda,2,56700.0,0.0
T002516,C00315,2024-03-17,Mercado,App,1,49400.0,0.0
T009227,C01229,2025-01-11,Hogar,Tienda,3,110700.0,0.0
T008041,C01064,2023-10-18,Hogar,App,2,77500.0,0.0
T001744,C00219,2025-01-11,Hogar,App,2,151700.0,0.0
T009343,C01249,2024-08-20,Mercado,Tienda,2,61000.0,0.1
T000497,C00062,2024-06-29,Mercado,Web,1,52600.0,0.3
T000638,C00082,2025-04-19,Mercado,Tienda,1,35600.0,0.0
T003582,C00451,2025-04-24,Mercado,Tienda,3,40300.0,0.0
T003130,C00395,2024-11-05,Mercado,Tienda,1,51200.0,0.1
T009484,C01266,2024-10-19,Hogar,Tienda,1,114600.0,0.2
T001770,C00223,2024-02-17,Mercado,Tienda,2,23700.0,0.0
T005852,C00757,2024-12-28,Hogar,Web,2,190100.0,0.0
T010345,C01385,2024-09-07,Mercado,Tienda,1,54600.0,0.0
T000511,C00064,2024-04-17,Belleza,Tienda,1,70100.0,0.0
T010661,C01434,2024-01-08,Hogar,Tienda,2,119100.0,0.0
T002062,C00259,2024-03-20,Hogar,Tienda,1,151900.0,0.0
T007320,C00967,2023-08-17,Tecnología,Tienda,1,216600.0,0.0
T005329,C00689,2024-08-06,Mercado,App,3,46300.0,0.0
T008649,C01144,2024-11-11,Mercado,Tienda,1,53000.0,0.0
T001809,C00229,2024-06-16,Belleza,Web,2,85100.0,0.0
T007679,C01013,2023-11-08,Belleza,Tienda,1,72800.0,0.0
T001389,C00172,2023-10-28,Hogar,App,2,108400.0,0.3
T000757,C00096,2024-08-17,Tecnología,Tienda,3,593300.0,0.0
T009346,C01249,2024-06-19,Moda,Web,2,161900.0,0.0
T001266,C00161,2024-08-01,Tecnología,App,3,769700.0,0.0
T008926,C01179,2024-11-13,Mercado,Web,2,48300.0,0.0
T001820,C00231,2024-05-01,Belleza,Web,3,55000.0,0.3
T010230,C01374,2024-11-30,Mercado,App,3,,0.0
T003634,C00460,2024-04-15,Mercado,Tienda,3,62100.0,0.1
T006265,C00818,2025-05-19,Mercado,App,3,46600.0,0.0
T006981,C00921,2024-02-04,Hogar,Tienda,2,75700.0,0.0
T009535,C01273,2024-05-08,Hogar,Tienda,2,112100.0,0.0
T007988,C01056,2024-05-31,Mercado,Web,2,42800.0,0.0
T007540,C00994,2024-08-21,Hogar,App,2,192700.0,0.1
T008970,C01188,2024-10-10,Mercado,Tienda,1,51600.0,0.0
T005118,C00661,2025-04-09,Mercado,Web,2,32800.0,0.0
T010991,C01480,2024-06-21,Mercado,Tienda,1,29200.0,0.0
T010546,C01415,2024-07-12,Hogar,Tienda,1,92000.0,0.0
T010793,C01450,2024-09-14,Belleza,App,3,100700.0,0.1
T008403,C01113,2024-06-04,Belleza,App,3,62100.0,0.0
T010268,C01379,2024-06-11,Mercado,Tienda,1,61600.0,0.0
T006178,C00804,2024-05-21,Belleza,Tienda,2,12000.0,0.2
T006480,C00850,2024-05-24,Tecnología,App,1,460700.0,0.3
T007467,C00987,2025-05-09,Mercado,Tienda,2,57800.0,0.3
T001995,C00250,2025-03-03,Hogar,Web,2,128100.0,0.0
T003394,C00427,2025-04-29,Belleza,App,2,94900.0,0.0
T008575,C01134,2024-02-14,Hogar,Tienda,1,136100.0,0.0
T009737,C01309,2023-11-11,Hogar,Tienda,2,111000.0,0.0
T002842,C00356,2023-11-30,Hogar,Tienda,1,119900.0,0.0
T009454,C01262,2024-06-23,Tecnología,Tienda,3,682100.0,0.2
T004813,C00620,2024-08-02,Moda,App,3,104900.0,0.2
T004164,C00532,2024-08-22,Tecnología,App,2,742400.0,0.0
T008868,C01173,2025-06-17,Mercado,App,3,13000.0,0.0
T003623,C00459,2024-09-05,Mercado,App,2,44600.0,0.0
T008130,C01077,2024-08-19,Hogar,Tienda,3,157400.0,0.2
T000904,C00115,2023-12-14,Mercado,App,3,43100.0,0.1
T007662,C01010,2024-10-30,Belleza,Tienda,3,51400.0,0.0
T002975,C00371,2023-11-07,Moda,Tienda,2,195400.0,0.0
T005439,C00707,2024-08-08,Hogar,App,1,83900.0,0.0
T000573,C00073,2025-04-21,Mercado,Tienda,1,38600.0,0.0
T003533,C00442,2023-12-22,Hogar,App,1,142300.0,0.0
T002692,C00336,2023-03-04,Mercado,Tienda,1,30700.0,0.0
T005127,C00662,2023-08-09,Mercado,Web,1,51700.0,0.1
T003157,C00399,2024-12-23,Hogar,Tienda,3,146400.0,0.2
T009817,C01320,2024-02-13,Belleza,Tienda,3,91200.0,0.0
T008412,C01114,2024-03-13,Belleza,Tienda,3,48300.0,0.1
T010812,C01455,2025-05-05,Hogar,Tienda,1,81500.0,0.0
T005765,C00748,2024-12-25,Mercado,Web,3,64800.0,0.1
T008928,C01180,2024-05-12,Mercado,Web,3,53200.0,0.0
T010229,C01374,2024-10-09,Moda,Tienda,1,214300.0,0.0
T002660,C00333,2024-12-29,Mercado,Web,3,48400.0,0.0
T001107,C00140,2023-12-28,Belleza,App,2,72700.0,0.0
T009054,C01199,2025-01-11,Tecnología,Web,1,976600.0,0.0
T001625,C00204,2024-07-30,Hogar,Tienda,2,100600.0,0.1
T010883,C01464,2024-02-23,Mercado,Tienda,2,36500.0,0.3
T006100,C00792,2024-09-11,Hogar,Tienda,3,172700.0,0.0
T007082,C00938,2025-05-09,Mercado,Web,2,33100.0,0.2
T003512,C00439,2024-06-13,Tecnología,Tienda,1,651800.0,0.0
T000508,C00064,2024-06-12,Hogar,App,2,148200.0,0.0
T007499,C00988,2025-04-12,Mercado,Tienda,1,51300.0,0.0
T005726,C00741,2024-07-12,Moda,Tienda,3,147200.0,0.0
T011135,C01500,2024-11-23,Mercado,App,2,22000.0,0.0
T002698,C00337,2025-05-11,Mercado,Tienda,2,35900.0,0.0
T009162,C01218,2024-05-26,Moda,App,1,191300.0,0.0
T007939,C01050,2024-06-10,Moda,Tienda,2,161500.0,0.0
T005458,C00709,2023-07-05,Mercado,Tienda,2,27200.0,0.0
T003535,C00443,2024-11-21,Mercado,Tienda,2,65200.0,0.0
T006318,C00825,2024-11-11,Mercado,Web,1,61700.0,0.0
T003911,C00494,2024-01-12,Mercado,Tienda,2,52000.0,0.0
T001115,C00140,2024-02-16,Hogar,Tienda,2,183000.0,0.0
T007776,C01022,2024-02-28,Belleza,Tienda,2,98900.0,0.0
T004506,C00583,2024-05-18,Hogar,Web,3,72200.0,0.3
T001863,C00235,2024-10-11,Belleza,App,3,70100.0,0.0
T005653,C00729,2024-10-01,Moda,Web,2,109200.0,0.0
T010084,C01355,2024-06-08,Hogar,Tienda,1,149800.0,0.0
T008421,C01115,2024-03-13,Moda,Web,2,214700.0,0.1
T009336,C01249,2024-08-09,Hogar,Tienda,3,105400.0,0.0
T002036,C00257,2025-02-01,Mercado,Tienda,3,22400.0,0.1
T006573,C00867,2024-05-14,Hogar,App,1,143100.0,0.1
T009899,C01328,2024-10-18,Mercado,Web,1,82100.0,0.0
T002633,C00328,2023-10-27,Mercado,Web,1,45600.0,0.0
T008420,C01115,2024-08-17,Belleza,App,2,46400.0,0.0
T002272,C00284,2025-06-26,Moda,App,1,157300.0,0.0
T004910,C00635,2023-07-10,Mercado,App,3,40200.0,0.0
T001585,C00199,2024-03-01,Belleza,Web,2,67700.0,0.0
T010436,C01401,2024-08-05,Mercado,Web,1,14800.0,0.0
T005007,C00645,2024-02-03,Mercado,Tienda,1,55600.0,0.0
T007308,C00967,2025-02-08,Mercado,Tienda,3,46900.0,0.0
T004980,C00642,2024-08-11,Mercado,App,2,59200.0,0.0
T005762,C00747,2024-09-18,Moda,Tienda,2,121000.0,0.0
T001094,C00139,2025-06-03,Mercado,Tienda,3,39200.0,0.0
T004657,C00599,2024-07-01,Tecnología,App,2,747100.0,0.0
T004960,C00640,2025-03-10,Mercado,Web,1,45000.0,0.0
T002089,C00261,2025-02-06,Tecnología,Tienda,1,987900.0,0.0
T002427,C00305,2023-10-13,Mercado,Web,3,56300.0,0.0
T010079,C01355,2024-10-05,Mercado,Tienda,2,35300.0,0.1
T005854,C00758,2023-09-03,Mercado,Web,1,28300.0,0.0
T010997,C01480,2024-02-25,Belleza,Tienda,1,77800.0,0.2
T008826,C01165,2024-03-26,Moda,Tienda,1,107400.0,0.0
T008771,C01160,2023-10-11,Mercado,Tienda,2,61700.0,0.0
T001688,C00210,2023-11-14,Mercado,Tienda,1,36400.0,0.0
T001634,C00205,2024-06-25,Moda,Web,1,149000.0,0.0
T010623,C01427,2024-11-11,Mercado,Web,2,38000.0,0.3
T001084,C00139,2024-10-03,Mercado,Tienda,3,40600.0,0.3
T006205,C00809,2024-10-18,Mercado,Tienda,1,65000.0,0.0
T010202,C01370,2024-10-10,Tecnología,Web,3,539600.0,0.0
T000303,C00037,2024-07-13,Mercado,Tienda,3,72600.0,0.1
T010887,C01466,2024-06-24,Mercado,Tienda,2,40200.0,0.0
T000070,C00006,2024-05-19,Tecnología,Tienda,3,762400.0,0.1
T000924,C00118,2024-09-22,Mercado,Tienda,3,29700.0,0.0
T008901,C01177,2024-12-21,Moda,Tienda,3,162400.0,0.0
T002746,C00341,2024-02-19,Hogar,Tienda,3,81200.0,0.0
T000330,C00042,2023-01-24,Tecnología,Tienda,3,890800.0,0.0
T005541,C00719,2023-08-24,Hogar,Tienda,2,94500.0,0.3
T008179,C01085,2025-05-25,Mercado,Tienda,2,48200.0,0.0
T001923,C00240,2024-08-27,Mercado,Tienda,1,40000.0,0.0
T007350,C00970,2025-06-04,Mercado,App,1,35500.0,0.0
T005508,C00714,2024-05-09,Mercado,Web,1,46200.0,0.0
T010531,C01413,2024-08-17,Mercado,Tienda,3,35500.0,0.0
T008349,C01108,2025-01-10,Belleza,App,1,81500.0,0.0
T001324,C00167,2025-01-03,Mercado,Tienda,2,59800.0,0.0
T002609,C00325,2024-01-17,Hogar,Tienda,2,186300.0,0.0
T010153,C01363,2024-09-07,Mercado,Tienda,3,56300.0,0.0
T006046,C00785,2025-02-27,Belleza,App,2,86200.0,0.0
T005586,C00722,2025-02-01,Tecnología,App,3,1032100.0,0.0
T003430,C00432,2024-06-02,Mercado,Tienda,1,24500.0,0.0
T003667,C00464,2024-10-24,Moda,Web,2,191600.0,0.0
T007358,C00971,2025-02-07,Moda,Tienda,3,203400.0,0.0
T007754,C01019,2025-06-04,Hogar,Tienda,1,118800.0,0.0
T003645,C00461,2024-05-10,Belleza,App,1,94400.0,0.0
T000407,C00051,2025-02-23,Belleza,Web,1,33900.0,0.0
T007325,C00967,2023-12-11,Tecnología,App,1,845100.0,0.1
T003809,C00480,2024-05-05,Mercado,Web,1,56000.0,0.0
T003406,C00428,2025-04-10,Hogar,Tienda,3,119300.0,0.0
T001783,C00225,2024-05-14,Mercado,Tienda,1,60900.0,0.0
T006891,C00912,2023-11-23,Hogar,App,3,136100.0,0.0
T010666,C01435,2024-04-11,Tecnología,Tienda,3,805400.0,0.0
T000630,C00081,2025-04-16,Mercado,App,1,40700.0,0.0
T000350,C00044,2024-01-24,Mercado,Web,3,15900.0,0.0
T003485,C00436,2023-09-25,Mercado,Tienda,2,59300.0,0.0
T006254,C00817,2024-01-16,Moda,Web,1,153600.0,0.0
T006329,C00828,2025-02-21,Mercado,Web,1,40900.0,0.0
T000244,C00028,2024-03-17,Hogar,Tienda,3,108300.0,0.0
T004329,C00555,2024-08-05,Mercado,App,1,54300.0,0.0
T007013,C00925,2025-06-09,Mercado,Tienda,3,54000.0,0.2
T006640,C00876,2024-04-28,Mercado,Tienda,1,30100.0,0.0
T009996,C01344,2025-01-12,Mercado,App,2,37100.0,0.1
T006913,C00914,2024-06-20,Mercado,Web,1,62100.0,0.0
T004798,C00617,2023-09-09,Belleza,Web,2,92600.0,0.0
T007829,C01030,2025-01-19,Mercado,App,1,19800.0,0.0
T003170,C00402,2023-12-13,Mercado,App,1,46100.0,0.1
T001640,C00205,2024-12-20,Mercado,App,1,40600.0,0.1
T007586,C01001,2024-01-07,Belleza,Web,3,65800.0,0.0
T003163,C00401,2024-08-21,Mercado,Tienda,3,33800.0,0.0
T005072,C00653,2024-09-02,Mercado,App,2,25300.0,0.2
T001781,C00224,2023-10-02,Hogar,Tienda,-1,107300.0,0.0
T002940,C00366,2024-05-12,Moda,App,2,141800.0,0.0
T008554,C01132,2024-11-11,Moda,Tienda,2,119500.0,0.2
T008021,C01061,2023-10-11,Mercado,App,3,27700.0,0.2
T006497,C00854,2025-03-21,Mercado,Web,1,24800.0,0.3
T005998,C00776,2025-01-18,Mercado,Tienda,2,40400.0,0.0
T010446,C01403,2024-07-23,Mercado,Tienda,3,36500.0,0.0
T005255,C00678,2024-05-31,Moda,Tienda,2,162700.0,0.2
T007572,C00999,2024-06-10,Mercado,App,3,65400.0,0.0
T005817,C00754,2025-03-24,Hogar,Web,1,136400.0,0.0
T009994,C01343,2024-07-24,Mercado,Web,1,36900.0,0.0
T009975,C01340,2025-05-01,Hogar,App,3,80200.0,0.3
T003010,C00377,2024-06-16,Mercado,Web,2,28200.0,0.0
T002228,C00280,2023-11-25,Mercado,Web,3,41400.0,0.1
T008307,C01101,2025-06-23,Mercado,Tienda,2,32800.0,0.0
T004837,C00624,2025-01-03,Belleza,App,1,51000.0,0.0
T003039,C00381,2024-02-08,Mercado,Web,1,49000.0,0.0
T006860,C00908,2024-09-09,Mercado,Web,3,26300.0,0.0
T002935,C00366,2024-03-13,Mercado,Tienda,3,39800.0,0.0
T003971,C00502,2025-03-13,Moda,App,2,172200.0,0.0
T001308,C00165,2024-08-21,Belleza,Tienda,3,83800.0,0.0
T009483,C01266,2025-03-05,Moda,Tienda,1,186000.0,0.1
T001769,C00223,2024-03-13,Belleza,Tienda,1,96100.0,0.0
T005569,C00721,2023-08-23,Mercado,Tienda,1,36800.0,0.0
T007123,C00942,2024-02-20,Belleza,App,3,62600.0,0.0
T007746,C01017,2025-01-18,Mercado,App,2,50600.0,0.0
T008133,C01078,2023-12-13,Moda,App,3,99400.0,0.1
T006612,C00872,2024-09-20,Tecnología,Web,3,657800.0,0.0
T005909,C00763,2024-01-17,Belleza,Web,1,31600.0,0.0
T005646,C00728,2023-10-19,Moda,Web,3,222800.0,0.2
T006546,C00862,2024-08-08,Hogar,App,3,137600.0,0.0
T004430,C00570,2024-07-17,Mercado,App,2,70600.0,0.0
T005384,C00697,2024-01-07,Hogar,App,2,107400.0,0.0
T000226,C00026,2024-08-07,Hogar,App,2,98000.0,0.0
T010946,C01473,2025-01-13,Mercado,Tienda,2,48800.0,0.0
T005261,C00678,2024-12-01,Mercado,Tienda,2,47700.0,0.0
T006783,C00897,2024-12-30,Belleza,App,3,78100.0,0.0
T001652,C00207,2024-04-30,Moda,App,2,140600.0,0.0
T000899,C00115,2024-07-08,Mercado,Web,3,49800.0,0.0
T008551,C01132,2024-07-04,Moda,Web,1,242500.0,0.1
T006418,C00842,2024-10-28,Moda,Tienda,1,175700.0,0.0
T005563,C00721,2024-05-03,Belleza,Tienda,3,64800.0,0.0
T006187,C00806,2024-06-07,Hogar,Tienda,2,140300.0,0.0
T009546,C01274,2024-04-05,Hogar,Tienda,1,76200.0,0.0
T008157,C01082,2023-10-31,Mercado,Tienda,2,57000.0,0.0
T010597,C01423,2024-10-02,Hogar,Tienda,1,129000.0,0.0
T004077,C00522,2024-06-02,Belleza,Tienda,3,106400.0,0.3
T001175,C00148,2024-08-23,Mercado,Tienda,3,79800.0,0.0
T001436,C00181,2024-09-30,Hogar,App,3,115100.0,0.0
T005552,C00721,2024-03-27,Mercado,Tienda,2,62700.0,0.0
T008120,C01077,2024-10-24,Belleza,App,3,57700.0,0.0
T006623,C00874,2024-06-26,Belleza,Tienda,1,56300.0,0.0
T008547,C01131,2023-12-28,Tecnología,App,2,527400.0,0.1
T000916,C00117,2025-01-22,Hogar,App,1,166600.0,0.0
T004808,C00618,2024-09-25,Mercado,App,3,25400.0,0.0
T010689,C01438,2025-03-29,Tecnología,Web,1,798100.0,0.0
T005368,C00694,2025-06-13,Mercado,Tienda,3,46300.0,0.0
T009683,C01298,2024-09-06,Belleza,App,3,66600.0,0.0
T010166,C01364,2025-04-07,Tecnología,App,3,511900.0,0.0
T009879,C01326,2024-12-24,Moda,Tienda,1,145900.0,0.0
T000700,C00086,2023-08-28,Hogar,Tienda,1,143500.0,0.0
T003423,C00431,2023-12-06,Moda,Tienda,2,133700.0,0.2
T009815,C01320,2024-12-12,Mercado,Tienda,3,36500.0,0.2
T005124,C00662,2025-05-24,Mercado,Tienda,3,65800.0,0.0
T004920,C00637,2024-05-06,Mercado,Tienda,2,47800.0,0.0
T005512,C00715,2024-06-19,Hogar,Web,3,175100.0,0.0
T005683,C00734,2025-01-20,Mercado,Tienda,2,65600.0,0.0
T005397,C00700,2025-03-26,Moda,App,3,163900.0,0.0
T007508,C00990,2024-06-23,Moda,App,2,115700.0,0.0
T011096,C01495,2024-12-23,Hogar,Tienda,1,124600.0,0.3
T002722,C00339,2025-02-23,Tecnología,Web,1,683400.0,0.0
T003566,C00449,2024-02-05,Tecnología,App,3,382200.0,0.0
T009925,C01333,2025-01-13,Mercado,Web,1,20600.0,0.0
T010434,C01400,2025-04-09,Moda,App,2,147400.0,0.0
T006473,C00850,2025-06-05,Mercado,App,1,52500.0,0.0
T002657,C00333,2025-01-18,Belleza,App,3,42600.0,0.0
T002160,C00270,2025-05-04,Belleza,Tienda,1,52800.0,0.0
T005103,C00659,2025-01-12,Mercado,Tienda,2,17900.0,0.3
T008455,C01120,2025-03-14,Tecnología,App,2,1090700.0,0.2
T006520,C00856,2024-11-08,Mercado,Tienda,2,50200.0,0.3
T004627,C00596,2024-10-18,Hogar,Tienda,1,166500.0,0.0
T005083,C00655,2024-07-25,Mercado,Tienda,2,80200.0,0.2
T010220,C01373,2024-03-01,Hogar,Tienda,3,190200.0,0.0
T000190,C00021,2024-09-21,Hogar,App,2,156100.0,0.0
T010288,C01381,2025-03-15,Mercado,Web,2,55800.0,0.0
T000767,C00098,2023-02-06,Moda,Tienda,3,163500.0,0.0
T001823,C00231,2024-11-23,Tecnología,Web,1,536700.0,0.2
T001942,C00244,2024-12-03,Mercado,Tienda,1,31100.0,0.0
T009372,C01253,2025-02-27,Moda,Web,2,201800.0,0.0
T001730,C00216,2024-02-03,Belleza,App,3,52900.0,0.0
T007494,C00988,2024-11-28,Mercado,Tienda,3,51900.0,0.1
T003173,C00402,2024-09-27,Tecnología,Tienda,3,850200.0,0.0
T000359,C00045,2025-02-21,Hogar,App,2,108500.0,0.0
T004088,C00524,2024-01-04,Hogar,App,2,118000.0,0.0
T003642,C00461,2025-04-17,Mercado,Tienda,2,60900.0,0.3
T007532,C00994,2023-05-30,Mercado,App,3,46000.0,0.0
T002341,C00291,2024-11-08,Hogar,App,2,110100.0,0.3
T004426,C00570,2024-07-25,Moda,Tienda,1,181400.0,0.1
T009912,C01331,2025-05-03,Moda,Tienda,2,127000.0,0.0
T010071,C01354,2025-03-31,Hogar,Tienda,1,140800.0,0.3
T005625,C00728,2024-09-15,Mercado,Tienda,3,50800.0,0.2
T009973,C01339,2024-12-22,Hogar,Tienda,1,144200.0,0.0
T002231,C00281,2024-10-06,Mercado,Tienda,3,41600.0,0.0
T010747,C01443,2025-05-03,Moda,Tienda,1,139100.0,0.0
T011051,C01488,2024-04-09,Belleza,Tienda,1,72000.0,0.0
T002157,C00270,2024-09-11,Hogar,App,3,73800.0,0.0
T004783,C00613,2024-10-14,Moda,App,3,132500.0,0.0
T005358,C00693,2024-05-03,Mercado,App,3,50500.0,0.0
T010286,C01381,2024-11-11,Moda,Tienda,2,160000.0,0.3
T002885,C00361,2023-11-15,Belleza,Web,1,87500.0,0.3
T009163,C01218,2024-11-16,Hogar,Tienda,2,118300.0,0.3
T005502,C00714,2024-03-29,Belleza,Tienda,1,99300.0,0.1
T004789,C00613,2024-12-17,Mercado,Web,3,46400.0,0.0
T002796,C00347,2025-01-19,Mercado,Web,2,30200.0,0.0
T000727,C00093,2024-09-05,Hogar,App,3,197700.0,0.0
T010930,C01471,2024-08-27,Hogar,Tienda,2,114000.0,0.0
T009854,C01324,2024-02-29,Belleza,App,2,44200.0,0.0
T005550,C00720,2025-01-20,Mercado,App,2,54100.0,0.0
T004147,C00530,2025-01-30,Moda,Tienda,2,167800.0,0.0
T006338,C00831,2024-10-10,Tecnología,Tienda,3,606200.0,0.0
T009224,C01228,2024-05-25,Mercado,Tienda,2,34900.0,0.0
T010512,C01411,2023-11-25,Mercado,Web,2,59800.0,0.0
T000674,C00083,2024-03-05,Mercado,Tienda,2,53800.0,0.0
T010585,C01421,2024-10-04,Mercado,Tienda,1,42100.0,0.0
T000753,C00096,2025-06-19,Hogar,Tienda,1,165300.0,0.1
T003138,C00396,2024-03-04,Mercado,Tienda,1,53300.0,0.0
T001028,C00135,2024-07-22,Hogar,Tienda,2,127800.0,0.1
T008134,C01078,2023-09-10,Belleza,App,3,82600.0,0.0
T009842,C01321,2025-02-09,Hogar,App,3,107500.0,0.0
T003019,C00377,2024-05-02,Hogar,App,1,155000.0,0.0
T000388,C00048,2025-03-05,Mercado,Tienda,3,36000.0,0.0
T005370,C00695,2024-04-01,Tecnología,App,1,570000.0,0.2
T003599,C00453,2024-08-09,Hogar,Tienda,3,163600.0,0.0
T009030,C01198,2024-04-17,Mercado,Tienda,1,22600.0,0.0
T007963,C01054,2024-07-02,Belleza,App,3,96400.0,0.1
T008845,C01169,2024-01-17,Moda,Web,3,166900.0,0.0
T005990,C00775,2024-05-22,Mercado,App,3,24900.0,0.0
T000567,C00072,2024-10-05,Tecnología,Web,1,910700.0,0.0
T000602,C00077,2025-04-03,Moda,Web,3,201300.0,0.0
T002335,C00289,2025-06-02,Moda,Tienda,1,175100.0,0.0
T009080,C01206,2025-01-31,Moda,Tienda,3,155900.0,0.0
T010720,C01441,2025-01-27,Mercado,App,3,44900.0,0.2
T006346,C00831,2025-01-06,Tecnología,Web,2,499400.0,0.3
T010813,C01455,2025-05-16,Mercado,App,3,58700.0,0.0
T000127,C00015,2024-08-16,Tecnología,Tienda,1,742700.0,0.0
T010234,C01374,2024-06-25,Mercado,Tienda,1,17300.0,0.0
T000321,C00040,2023-09-06,Belleza,Tienda,3,34100.0,0.0
T006155,C00801,2024-09-05,Belleza,App,2,70700.0,0.3
T006014,C00779,2024-11-07,Hogar,App,2,90300.0,0.3
T008858,C01172,2024-09-26,Mercado,Web,-1,49100.0,0.0
T002857,C00358,2023-11-20,Belleza,Tienda,3,91500.0,0.0
T003934,C00497,2024-04-17,Belleza,Tienda,2,78800.0,0.0
T005454,C00708,2024-11-19,Belleza,App,3,64600.0,0.1
T006354,C00833,2023-11-10,Tecnología,Web,1,762100.0,0.0
T007332,C00968,2024-03-09,Tecnología,App,2,561100.0,0.0
T002830,C00354,2024-05-27,Mercado,Web,3,39300.0,0.0
T002049,C00257,2025-04-10,Mercado,App,2,73200.0,0.0
T006708,C00885,2025-04-21,Moda,App,2,82500.0,0.0
T008951,C01184,2025-03-13,Mercado,Web,2,39400.0,0.2
T000015,C00002,2025-01-24,Mercado,App,2,56400.0,0.0
T003281,C00414,2025-05-21,Mercado,Web,3,55500.0,0.0
T008416,C01115,2024-05-08,Mercado,Tienda,2,52400.0,0.0
T000814,C00104,2024-07-10,Moda,Web,2,105500.0,0.0
T000797,C00102,2025-03-13,Mercado,App,1,48700.0,0.0
T006034,C00783,2024-07-24,Hogar,App,3,130600.0,0.0
T002243,C00281,2025-02-01,Mercado,Tienda,3,40600.0,0.0
T003646,C00461,2024-11-08,Moda,App,3,133800.0,0.1
T004041,C00518,2024-10-20,Tecnología,App,1,431300.0,0.0
T011006,C01480,2024-08-22,Mercado,App,1,21600.0,0.0
T006791,C00898,2024-05-25,Mercado,Tienda,2,42600.0,0.0
T006741,C00893,2025-06-08,Hogar,App,1,55300.0,0.0
T006946,C00917,2024-06-14,Tecnología,Tienda,3,1121400.0,0.0
T007903,C01043,2024-04-03,Belleza,App,1,79100.0,0.0
T006219,C00812,2023-10-15,Belleza,App,1,47400.0,0.3
T002238,C00281,2025-03-10,Mercado,Tienda,1,38100.0,0.0
T010199,C01370,2024-08-06,Mercado,App,2,28000.0,0.0
T005956,C00769,2024-09-13,Mercado,Tienda,3,49300.0,0.0
T005979,C00774,2025-05-17,Moda,Web,3,156400.0,0.0
T005415,C00703,2024-04-19,Mercado,App,2,35200.0,0.0
T009707,C01303,2024-02-10,Mercado,Web,2,51600.0,0.0
T011119,C01499,2024-04-12,Tecnología,Tienda,1,560400.0,0.0
T008201,C01086,2025-02-28,Hogar,Tienda,3,103900.0,0.0
T009286,C01241,2024-10-13,Mercado,Web,1,41700.0,0.0
T004407,C00568,2024-01-14,Moda,Web,1,147800.0,0.3
T001884,C00237,2024-06-10,Belleza,Web,2,60500.0,0.3
T005134,C00664,2024-09-22,Hogar,Tienda,3,72800.0,0.0
T003550,C00446,2024-08-29,Mercado,Tienda,3,55200.0,0.0
T002358,C00296,2025-03-06,Moda,App,2,160600.0,0.0
T009348,C01249,2024-12-30,Hogar,App,2,111500.0,0.3
T010169,C01365,2025-01-21,Mercado,App,1,69200.0,0.0
T007608,C01002,2024-06-13,Moda,Tienda,3,201000.0,0.0
T003427,C00432,2025-05-31,Mercado,Tienda,1,42500.0,0.0
T000991,C00129,2025-03-11,Hogar,Web,1,162800.0,0.0
T006189,C00807,2023-08-21,Mercado,Web,1,33200.0,0.0
T009344,C01249,2025-04-22,Mercado,Tienda,3,29300.0,0.0
T009905,C01329,2025-05-13,Mercado,Tienda,2,55300.0,0.0
T007545,C00994,2024-09-04,Mercado,Tienda,3,41600.0,0.0
T008199,C01086,2025-03-11,Mercado,Tienda,2,46300.0,0.0
T009214,C01225,2024-06-28,Hogar,Web,3,64600.0,0.0
T000105,C00012,2025-03-19,Hogar,App,1,100000.0,0.0
T003296,C00417,2024-04-10,Mercado,Tienda,2,47900.0,0.0
T003275,C00414,2024-10-03,Mercado,Tienda,1,51500.0,0.0
T004308,C00552,2024-07-27,Moda,Tienda,1,125200.0,0.0
T000177,C00021,2024-08-20,Mercado,App,1,58100.0,0.0
T002045,C00257,2024-11-26,Mercado,Tienda,2,53500.0,0.3
T005917,C00765,2023-12-17,Mercado,Web,2,52500.0,0.0
T005435,C00707,2024-12-05,Mercado,Tienda,1,51800.0,0.0
T010255,C01377,2023-06-05,Mercado,Web,2,43700.0,0.0
T008297,C01099,2024-02-08,Belleza,Tienda,3,105200.0,0.0
T009656,C01292,2023-06-20,Mercado,App,2,32400.0,0.0
T002544,C00317,2025-01-07,Hogar,Tienda,1,108000.0,0.0
T002793,C00347,2025-04-19,Hogar,Tienda,2,74800.0,0.0
T000405,C00051,2025-03-24,Hogar,App,2,174300.0,0.0
T002771,C00344,2025-05-17,Mercado,App,2,41800.0,0.0
T004685,C00600,2025-04-22,Belleza,Tienda,2,71300.0,0.0
T002626,C00326,2025-03-23,Mercado,Tienda,3,66500.0,0.0
T008095,C01072,2025-01-22,Tecnología,App,1,727000.0,0.0
T006359,C00834,2024-12-04,Mercado,App,2,35700.0,0.0
T006173,C00803,2023-09-11,Mercado,Tienda,2,69000.0,0.0
T001489,C00187,2023-09-22,Mercado,App,2,56700.0,0.0
T007371,C00973,2024-07-07,Mercado,Tienda,1,26100.0,0.1
T003103,C00391,2025-06-10,Belleza,Web,2,81400.0,0.0
T010892,C01466,2024-06-19,Hogar,Tienda,3,89200.0,0.0
T002369,C00300,2024-10-01,Hogar,Tienda,3,142500.0,0.0
T002030,C00256,2024-06-22,Mercado,Web,1,36700.0,0.0
T002696,C00337,2024-11-10,Hogar,Tienda,3,140300.0,0.0
T004291,C00551,2024-12-04,Belleza,Tienda,1,44100.0,0.3
T009855,C01324,2023-11-05,Mercado,Web,1,56100.0,0.0
T003117,C00392,2023-07-05,Moda,Web,2,212500.0,0.0
T010418,C01397,2023-06-08,Mercado,Tienda,3,66100.0,0.0
T010254,C01377,2023-11-25,Mercado,Tienda,1,21300.0,0.0
T002912,C00363,2024-04-30,Hogar,App,3,148400.0,0.0
T010912,C01470,2024-07-19,Tecnología,App,2,721500.0,0.0
T008258,C01097,2023-08-13,Hogar,Tienda,1,106000.0,0.3
T007728,C01016,2024-09-08,Mercado,Web,2,45400.0,0.0
T008492,C01126,2023-04-25,Mercado,App,2,50900.0,0.0
T003369,C00427,2024-04-16,Mercado,Web,2,39700.0,0.3
T007775,C01022,2023-05-29,Mercado,Tienda,1,50400.0,0.0
T000233,C00026,2024-11-16,Mercado,Web,3,52900.0,0.2
T001096,C00140,2024-01-17,Tecnología,App,3,669600.0,0.0
T004384,C00565,2025-02-03,Hogar,Web,2,104500.0,0.0
T008234,C01091,2023-07-15,Belleza,App,1,57700.0,0.0
T002199,C00275,2024-08-07,Mercado,App,1,42100.0,0.0
T011100,C01496,2025-01-01,Mercado,App,2,34000.0,0.2
T004933,C00637,2024-05-15,Mercado,Tienda,3,63100.0,0.0
T006244,C00815,2024-06-06,Tecnología,Tienda,2,650700.0,0.0
T002475,C00309,2025-06-03,Hogar,Tienda,2,153600.0,0.0
T004735,C00606,2024-02-27,Moda,Tienda,2,177900.0,0.0
T002834,C00354,2024-03-30,Mercado,App,2,11700.0,0.0
T006103,C00793,2023-08-19,Belleza,Tienda,2,39700.0,0.0
T005763,C00747,2025-01-24,Hogar,Tienda,1,127200.0,0.3
T004334,C00556,2024-03-03,Hogar,Web,1,142500.0,0.3
T005848,C00757,2024-08-18,Mercado,Tienda,1,29900.0,0.1
T003530,C00442,2023-09-06,Belleza,Web,1,47300.0,0.0
T006433,C00844,2025-06-08,Hogar,Tienda,1,128500.0,0.0
T003465,C00435,2025-01-24,Moda,App,1,116800.0,0.0
T003746,C00473,2024-07-30,Belleza,Tienda,2,60400.0,0.0
T001385,C00172,2024-04-11,Mercado,Tienda,3,31600.0,0.0
T007498,C00988,2024-04-03,Belleza,Tienda,2,96600.0,0.0
T008252,C01095,2025-01-20,Hogar,App,2,134100.0,0.0
T007985,C01056,2023-11-16,Mercado,Tienda,1,19300.0,0.0
T009517,C01271,2023-07-03,Hogar,Tienda,2,130300.0,0.0
T003670,C00464,2024-10-28,Belleza,Tienda,3,111300.0,0.0
T001404,C00174,2024-07-25,Mercado,Tienda,3,38900.0,0.0
T010516,C01412,2024-11-22,Moda,Web,3,172300.0,0.0
T003661,C00463,2025-03-09,Mercado,Tienda,1,58300.0,0.0
T007886,C01039,2024-01-09,Moda,Tienda,3,174400.0,0.0
T009424,C01257,2024-01-15,Mercado,Tienda,2,58800.0,0.0
T010320,C01383,2024-04-17,Moda,Tienda,1,105700.0,0.0
T001133,C00144,2023-09-19,Mercado,Tienda,3,37100.0,0.0
T008574,C01134,2024-02-13,Belleza,App,2,102100.0,0.3
T000834,C00108,2023-06-19,Mercado,App,3,53000.0,0.0
T000752,C00096,2025-05-07,Belleza,Tienda,2,43400.0,0.0
T001330,C00168,2023-10-31,Moda,Web,3,167700.0,0.0
T010804,C01453,2024-09-23,Mercado,Tienda,3,38500.0,0.0
T011047,C01487,2024-03-11,Tecnología,Tienda,3,754700.0,0.0
T003143,C00397,2024-05-23,Tecnología,Tienda,2,590400.0,0.0
T010070,C01354,2025-01-19,Moda,Tienda,1,181600.0,0.0
T007471,C00987,2025-01-06,Belleza,Tienda,2,57700.0,0.0
T008808,C01164,2024-02-08,Moda,Web,1,215900.0,0.1
T010579,C01420,2023-09-20,Moda,App,1,142200.0,0.2
T003836,C00483,2024-09-01,Mercado,Tienda,1,39500.0,0.1
T005821,C00754,2024-10-02,Mercado,Tienda,2,48500.0,0.1
T009105,C01209,2023-10-22,Mercado,Tienda,3,28600.0,0.0
T008290,C01099,2024-08-04,Belleza,App,3,73700.0,0.0
T005965,C00772,2024-06-13,Mercado,Web,3,51100.0,0.1
T004697,C00602,2024-03-09,Mercado,App,2,37800.0,0.2
T008259,C01097,2024-04-19,Moda,Tienda,3,74800.0,0.0
T010209,C01371,2025-06-06,Mercado,App,3,5000.0,0.0
T006648,C00876,2023-11-12,Mercado,Tienda,3,45000.0,0.2
T009322,C01247,2024-04-05,Belleza,App,3,85200.0,0.0
T002876,C00360,2024-10-08,Mercado,Tienda,1,35400.0,0.0
T005277,C00681,2024-09-23,Hogar,App,1,96000.0,0.0
T004453,C00573,2024-06-30,Hogar,Tienda,2,98300.0,0.0
T009857,C01324,2025-01-26,Hogar,Tienda,3,100900.0,0.0
T010955,C01475,2024-09-30,Mercado,Web,2,16100.0,0.0
T005564,C00721,2023-07-06,Tecnología,Tienda,2,813300.0,0.0
T010662,C01434,2023-10-01,Moda,Tienda,1,93100.0,0.0
T009401,C01254,2023-12-23,Mercado,Web,1,53300.0,0.0
T004698,C00602,2024-05-06,Moda,App,3,130800.0,0.0
T007453,C00985,2024-06-30,Mercado,App,3,45200.0,0.0
T007502,C00989,2024-01-29,Belleza,Web,2,83100.0,0.0
T004952,C00640,2023-07-23,Hogar,Tienda,2,107100.0,0.0
T004441,C00572,2024-11-20,Hogar,App,1,116000.0,0.0
T003140,C00397,2024-09-13,Belleza,Tienda,3,126800.0,0.0
T006883,C00911,2024-10-10,Mercado,App,3,69800.0,0.3
T010444,C01403,2024-12-26,Mercado,App,2,32600.0,0.1
T003509,C00439,2025-06-04,Hogar,Tienda,1,111500.0,0.0
T010647,C01433,2024-08-14,Mercado,Tienda,2,48500.0,0.0
T000309,C00039,2024-10-05,Mercado,Web,1,44300.0,0.0
T006031,C00782,2024-05-31,Hogar,App,1,152700.0,0.0
T005826,C00755,2024-05-15,Mercado,Web,2,26200.0,0.1
T007145,C00944,2025-04-01,Moda,Web,1,179200.0,0.0
T000731,C00093,2023-11-28,Tecnología,App,3,320500.0,0.3
T007560,C00996,2025-04-03,Mercado,Tienda,2,35900.0,0.0
T008962,C01186,2024-09-16,Belleza,Tienda,1,78100.0,0.0
T006360,C00834,2025-05-11,Moda,App,1,109300.0,0.0
T004990,C00643,2023-12-20,Moda,Tienda,2,187400.0,0.0
T005074,C00653,2025-04-07,Belleza,Tienda,2,90700.0,0.0
T004914,C00636,2025-04-11,Moda,Tienda,1,194700.0,0.0
T002023,C00254,2024-03-01,Belleza,Tienda,1,59500.0,0.0
T007521,C00992,2023-11-22,Mercado,Tienda,1,36000.0,0.2
T005356,C00692,2024-02-23,Moda,App,1,142500.0,0.0
T004388,C00565,2024-02-25,Hogar,App,3,121500.0,0.0
T010085,C01355,2024-05-27,Hogar,Tienda,3,122900.0,0.3
T003014,C00377,2024-08-11,Tecnología,Tienda,1,311300.0,0.0
T009177,C01220,2025-04-21,Belleza,Web,1,56700.0,0.1
T007803,C01026,2024-10-21,Mercado,Web,3,41700.0,0.0
T004638,C00597,2023-04-14,Moda,Web,2,192100.0,0.0
T005343,C00691,2025-01-12,Hogar,Tienda,3,65000.0,0.0
T010180,C01367,2023-10-19,Mercado,App,2,56800.0,0.0
T007906,C01044,2024-03-26,Mercado,Web,1,24400.0,0.0
T000217,C00025,2025-06-27,Moda,Web,1,155800.0,0.0
T006494,C00853,2024-07-04,Moda,Web,1,135800.0,0.2
T004483,C00580,2025-01-11,Tecnología,Tienda,1,543600.0,0.0
T002739,C00340,2025-05-18,Moda,Tienda,2,152000.0,0.0
T000634,C00082,2024-04-09,Belleza,App,1,59700.0,0.0
T008366,C01110,2025-05-24,Belleza,Tienda,2,64300.0,0.3
T003397,C00428,2024-10-10,Mercado,Web,3,60200.0,0.3
T004951,C00639,2024-05-05,Belleza,Tienda,2,55400.0,0.0
T008582,C01136,2025-02-13,Mercado,App,3,23200.0,0.2
T007658,C01009,2024-08-19,Belleza,Tienda,1,79900.0,0.0
T007101,C00940,2024-08-05,Mercado,Tienda,2,50800.0,0.0
T010040,C01350,2024-10-06,Mercado,Tienda,1,43000.0,0.0
T002135,C00266,2025-03-03,Mercado,Tienda,3,41600.0,0.0
T006466,C00850,2024-06-14,Mercado,Tienda,3,32600.0,0.3
T008593,C01137,2024-03-09,Hogar,Tienda,1,136700.0,0.0
T004302,C00552,2024-07-25,Belleza,Tienda,2,90700.0,0.0
T004850,C00627,2023-08-01,Hogar,App,3,161100.0,0.0
T005039,C00649,2025-06-15,Belleza,Tienda,2,66000.0,0.0
T003472,C00435,2024-05-07,Hogar,Tienda,2,123300.0,0.0
T001698,C00211,2023-12-24,Tecnología,Tienda,3,825900.0,0.1
T007990,C01057,2024-07-08,Moda,Tienda,1,101800.0,0.0
T002893,C00362,2025-03-23,Mercado,Web,1,32500.0,0.0
T000357,C00044,2024-02-19,Mercado,App,2,17900.0,0.2
T005521,C00715,2024-12-23,Mercado,App,2,59800.0,0.3
T003494,C00436,2025-02-27,Belleza,Tienda,3,47600.0,0.0
T001051,C00136,2025-04-30,Mercado,App,1,32800.0,0.0
T003097,C00390,2024-07-31,Hogar,Tienda,2,94200.0,0.0
T002789,C00346,2023-06-03,Hogar,Tienda,2,58100.0,0.0
T009540,C01273,2024-08-17,Mercado,Web,1,50100.0,0.0
T003546,C00445,2025-03-14,Hogar,App,2,147600.0,0.1
T002295,C00286,2024-10-04,Mercado,Tienda,3,49100.0,0.0
T000201,C00023,2024-11-30,Hogar,App,1,130100.0,0.0
T001205,C00154,2025-03-25,Moda,App,1,169900.0,0.2
T001487,C00187,2023-11-24,Hogar,Tienda,2,158100.0,0.0
T010036,C01350,2024-01-31,Mercado,Tienda,3,45400.0,0.0
T008029,C01062,2024-04-21,Mercado,Web,3,32900.0,0.1
T007599,C01001,2024-03-26,Mercado,Tienda,2,28800.0,0.0
T007609,C01003,2024-11-29,Moda,Web,1,113900.0,0.1
T006312,C00824,2023-09-03,Moda,Tienda,3,,0.0
T006558,C00866,2024-07-22,Mercado,Tienda,2,62700.0,0.0
T001866,C00235,2024-11-19,Moda,Tienda,3,97500.0,0.0
T007318,C00967,2025-01-29,Mercado,Tienda,2,45700.0,0.0
T002252,C00283,2024-02-06,Belleza,App,2,90700.0,0.3
T002503,C00313,2024-01-08,Hogar,Tienda,1,199400.0,0.1
T000373,C00046,2024-07-20,Hogar,App,3,75700.0,0.0
T000807,C00103,2025-03-06,Tecnología,Tienda,2,637100.0,0.0
T010448,C01404,2023-07-16,Belleza,Tienda,1,113300.0,0.1
T004319,C00553,2025-04-06,Mercado,Tienda,3,40300.0,0.0
T005755,C00746,2024-07-14,Mercado,Tienda,1,63800.0,0.0
T010863,C01460,2024-01-26,Mercado,Tienda,1,40500.0,0.0
T000601,C00077,2025-05-26,Mercado,App,2,49800.0,0.0
T006461,C00849,2023-12-27,Mercado,App,1,47200.0,0.3
T003855,C00485,2025-02-09,Hogar,Tienda,2,132200.0,0.0
T010592,C01422,2023-12-07,Belleza,App,3,49100.0,0.0
T006895,C00913,2024-01-31,Mercado,Tienda,1,62900.0,0.0
T003440,C00433,2023-08-24,Tecnología,App,3,345700.0,0.0
T009550,C01274,2024-07-23,Hogar,Web,2,145100.0,0.0
T009952,C01336,2025-04-27,Mercado,Web,3,32200.0,0.0
T004582,C00591,2023-12-24,Mercado,Web,2,39600.0,0.1
T005005,C00645,2024-09-15,Hogar,App,3,80400.0,0.0
T009787,C01317,2024-06-16,Mercado,Tienda,2,43200.0,0.0
T003355,C00425,2024-02-07,Belleza,App,1,72300.0,0.0
T001004,C00130,2024-10-27,Moda,Web,1,147700.0,0.1
T006597,C00870,2024-03-31,Belleza,Web,1,94000.0,0.3
T010075,C01355,2023-08-08,Tecnología,Tienda,1,986900.0,0.0
T009657,C01292,2024-11-05,Mercado,Tienda,2,34600.0,0.0
T009731,C01309,2025-06-12,Belleza,Web,2,22400.0,0.1
T008181,C01085,2025-04-26,Belleza,Web,2,79600.0,0.0
T010271,C01379,2024-06-11,Mercado,Tienda,3,45500.0,0.0
T008587,C01136,2024-10-22,Hogar,Tienda,3,121800.0,0.0
T000696,C00085,2025-01-22,Mercado,Tienda,1,58500.0,0.0
T001873,C00236,2024-02-09,Tecnología,Tienda,1,816400.0,0.0
T010632,C01430,2023-12-04,Mercado,Web,2,62100.0,0.0
T003362,C00426,2024-08-01,Hogar,Web,1,86600.0,0.0
T007058,C00935,2024-07-14,Moda,Tienda,3,127400.0,0.0
T007716,C01016,2024-11-17,Mercado,Tienda,1,29200.0,0.0
T007259,C00960,2024-11-18,Tecnología,App,3,479100.0,0.1
T004213,C00538,2024-12-26,Belleza,Web,2,102300.0,0.0
T003996,C00509,2024-08-23,Moda,Web,3,165100.0,0.0
T011108,C01497,2024-05-27,Mercado,Tienda,3,29800.0,0.0
T010960,C01475,2024-12-14,Belleza,App,1,60600.0,0.0
T004892,C00632,2024-09-12,Hogar,Tienda,2,150300.0,0.1
T008911,C01177,2025-04-08,Belleza,App,3,81100.0,0.0
T003662,C00463,2024-09-03,Mercado,App,3,59600.0,0.0
T003583,C00451,2025-04-12,Moda,Tienda,3,128300.0,0.0
T003153,C00399,2025-04-10,Mercado,Web,1,44000.0,0.1
T005943,C00768,2024-05-29,Tecnología,App,3,708300.0,0.0
T003360,C00426,2025-04-05,Mercado,App,2,44200.0,0.0
T001974,C00248,2024-02-19,Tecnología,Tienda,3,1001400.0,0.0
T001985,C00250,2024-09-05,Moda,Tienda,1,96300.0,0.0
T009498,C01267,2023-12-29,Moda,Tienda,1,151900.0,0.0
T006259,C00818,2024-08-11,Mercado,Tienda,1,58000.0,0.2
T001693,C00211,2024-08-14,Mercado,Web,3,66300.0,0.0
T005429,C00706,2024-04-04,Mercado,Web,3,66000.0,0.0
T003029,C00380,2024-09-02,Hogar,App,3,135300.0,0.0
T009324,C01247,2025-01-24,Hogar,Tienda,1,114200.0,0.0
T007144,C00944,2024-12-25,Mercado,Tienda,3,50400.0,0.0
T008229,C01091,2024-11-09,Mercado,App,2,46300.0,0.0
T007738,C01017,2024-09-25,Moda,Tienda,1,186200.0,0.3
T007141,C00943,2023-12-23,Tecnología,Tienda,1,747100.0,0.2
T007834,C01031,2024-12-02,Hogar,App,2,84200.0,0.3
T010178,C01367,2024-11-02,Hogar,App,3,95000.0,0.2
T005799,C00750,2024-08-15,Mercado,Web,3,34500.0,0.0
T008558,C01133,2025-02-24,Mercado,App,3,55100.0,0.0
T000285,C00033,2024-12-06,Mercado,App,3,41100.0,0.1
T004584,C00591,2024-09-18,Hogar,Tienda,2,92200.0,0.0
T011002,C01480,2025-02-10,Hogar,Web,1,103600.0,0.0
T007096,C00939,2025-02-16,Mercado,App,2,33900.0,0.0
T001982,C00249,2025-04-25,Mercado,Tienda,1,23200.0,0.1
T010316,C01383,2023-10-25,Belleza,Tienda,3,55300.0,0.0
T000569,C00073,2024-08-01,Mercado,Tienda,1,39400.0,0.0
T000346,C00044,2023-06-17,Mercado,Tienda,3,24200.0,0.0
T010184,C01367,2024-12-05,Moda,Tienda,3,158600.0,0.1
T006664,C00879,2025-01-01,Hogar,Web,3,147700.0,0.0
T006086,C00790,2024-02-27,Mercado,Tienda,2,46200.0,0.0
T002017,C00253,2024-03-03,Tecnología,Web,1,877000.0,0.0
T006759,C00896,2024-04-25,Mercado,Tienda,1,61700.0,0.2
T005185,C00671,2024-10-05,Moda,Web,1,209900.0,0.0
T009110,C01209,2024-06-15,Mercado,Tienda,3,34600.0,0.0
T007487,C00988,2025-06-19,Mercado,Tienda,2,23600.0,0.0
T011102,C01496,2024-06-12,Hogar,Web,1,85500.0,0.0
T003619,C00458,2024-09-27,Tecnología,Web,1,624900.0,0.0
T010136,C01361,2025-05-26,Mercado,App,3,18300.0,0.0
T003569,C00449,2025-05-16,Tecnología,Web,3,679300.0,0.0
T002261,C00283,2024-08-29,Hogar,Tienda,2,144600.0,0.0
T009562,C01275,2024-08-29,Tecnología,App,1,743000.0,0.0
T004937,C00638,2025-01-04,Hogar,App,3,139100.0,0.0
T003644,C00461,2024-06-19,Mercado,Tienda,1,47200.0,0.0
T002470,C00309,2024-10-24,Hogar,Tienda,2,115000.0,0.2
T010640,C01432,2024-04-27,Mercado,Web,3,51000.0,0.3
T007258,C00960,2024-08-17,Mercado,Web,1,60200.0,0.0
T002507,C00314,2024-07-05,Belleza,App,2,57100.0,0.3
T005580,C00722,2023-10-08,Mercado,Tienda,1,52100.0,0.0
T003798,C00477,2024-04-12,Belleza,Tienda,2,78900.0,0.0
T004636,C00597,2024-11-10,Moda,Tienda,3,200100.0,0.0
T004791,C00614,2025-02-23,Tecnología,App,1,612000.0,0.0
T001515,C00190,2024-11-20,Mercado,Web,3,39800.0,0.0
T007064,C00936,2024-06-13,Mercado,Tienda,2,34000.0,0.0
T006206,C00809,2024-01-03,Hogar,App,1,127100.0,0.0
T001824,C00231,2024-03-31,Hogar,Tienda,1,69100.0,0.0
T004876,C00630,2023-11-22,Moda,Web,1,131700.0,0.0
T002737,C00340,2023-12-24,Mercado,Tienda,1,30000.0,0.2
T010469,C01407,2024-05-14,Hogar,Tienda,1,135600.0,0.0
T002223,C00280,2024-01-23,Moda,App,2,51700.0,0.1
T002469,C00308,2025-02-21,Mercado,Web,3,34900.0,0.0
T001568,C00196,2024-06-19,Hogar,App,3,82600.0,0.3
T008367,C01110,2024-07-27,Mercado,Tienda,2,43300.0,0.0
T005950,C00768,2024-06-04,Belleza,Web,3,59600.0,0.0
T010123,C01359,2024-04-10,Mercado,Tienda,2,34300.0,0.0
T007384,C00975,2025-03-27,Hogar,Tienda,3,91500.0,0.0
T007631,C01005,2024-08-04,Belleza,App,1,52600.0,0.0
T008060,C01066,2024-07-19,Belleza,Tienda,2,112300.0,0.0
T000409,C00051,2025-04-13,Belleza,Tienda,3,86600.0,0.0
T010157,C01363,2024-08-07,Mercado,App,1,51700.0,0.0
T004874,C00630,2024-04-01,Belleza,App,1,97600.0,0.0
T004131,C00529,2023-10-19,Mercado,Tienda,1,47400.0,0.0
T000543,C00067,2025-06-10,Belleza,Tienda,1,85500.0,0.0
T005094,C00657,2025-01-23,Belleza,App,3,77900.0,0.0
T007438,C00981,2025-03-02,Hogar,App,2,95900.0,0.0
T008129,C01077,2025-02-18,Hogar,App,3,101300.0,0.0
T000081,C00008,2024-02-06,Mercado,App,2,44700.0,0.0
T001910,C00239,2024-04-05,Tecnología,App,2,654900.0,0.0
T000411,C00051,2025-02-06,Belleza,Tienda,2,63700.0,0.0
T005691,C00736,2024-05-28,Hogar,Tienda,3,122300.0,0.0
T004593,C00592,2024-05-13,Mercado,Web,2,34200.0,0.0
T007785,C01024,2024-11-29,Hogar,Tienda,1,66600.0,0.0
T004825,C00622,2023-11-30,Moda,App,2,63800.0,0.2
T005748,C00745,2025-01-22,Moda,Tienda,1,136900.0,0.3
T011026,C01484,2023-11-09,Hogar,App,1,172700.0,0.3
T007166,C00948,2024-04-19,Mercado,Web,1,52000.0,0.0
T005260,C00678,2023-09-13,Mercado,Tienda,1,31300.0,0.0
T006937,C00917,2025-02-06,Hogar,Web,1,122100.0,0.0
T008003,C01059,2024-05-08,Hogar,App,1,129100.0,0.0
T009878,C01326,2025-03-01,Belleza,App,3,54900.0,0.0
T007473,C00987,2024-09-10,Mercado,Tienda,3,55700.0,0.0
T003699,C00469,2024-08-23,Moda,Tienda,1,150800.0,0.0
T003544,C00445,2023-05-29,Mercado,Tienda,3,50200.0,0.0
T005105,C00659,2025-04-28,Belleza,Tienda,1,67400.0,0.0
T011113,C01497,2024-02-20,Hogar,Tienda,2,118500.0,0.0
T006420,C00842,2024-10-08,Mercado,Tienda,2,35800.0,0.2
T001047,C00136,2024-11-15,Belleza,Tienda,2,54300.0,0.0
T010515,C01412,2024-10-08,Hogar,Web,1,89800.0,0.2
T002595,C00323,2024-07-23,Mercado,Tienda,3,62600.0,0.0
T007552,C00995,2024-11-16,Moda,Tienda,2,111800.0,0.3
T003684,C00467,2024-07-06,Hogar,App,2,172900.0,0.0
T003963,C00501,2025-01-20,Mercado,App,2,46700.0,0.0
T008474,C01123,2024-07-24,Belleza,Tienda,2,77600.0,0.0
T008263,C01097,2023-06-28,Tecnología,App,1,568300.0,0.0
T001360,C00170,2024-07-26,Moda,Web,2,86600.0,0.0
T001655,C00207,2024-12-05,Mercado,App,2,29400.0,0.1
T003390,C00427,2025-04-25,Belleza,App,1,68400.0,0.0
T009155,C01217,2025-04-22,Mercado,Tienda,3,44200.0,0.0
T007331,C00968,2024-01-22,Moda,Tienda,2,98800.0,0.0
T006183,C00805,2024-03-17,Hogar,Tienda,3,142100.0,0.2
T008093,C01072,2024-11-20,Belleza,App,1,73100.0,0.0
T001518,C00190,2024-09-20,Hogar,App,3,126600.0,0.0
T010470,C01407,2025-01-29,Belleza,Web,1,65900.0,0.0
T003354,C00425,2023-08-28,Mercado,Tienda,3,72400.0,0.0
T007781,C01023,2024-05-29,Hogar,App,3,91900.0,0.0
T002933,C00366,2025-03-29,Belleza,App,3,81200.0,0.0
T007454,C00985,2024-07-15,Mercado,Tienda,2,37600.0,0.0
T009198,C01223,2025-06-15,Belleza,Tienda,3,70700.0,0.0
T003940,C00498,2023-08-23,Moda,App,2,146700.0,0.0
T004882,C00630,2024-12-15,Hogar,Tienda,2,120400.0,0.3
T006348,C00832,2025-02-16,Tecnología,Tienda,3,579700.0,0.0
T007175,C00950,2024-08-17,Mercado,App,1,52700.0,0.0
T006863,C00909,2025-06-09,Mercado,Tienda,3,28900.0,0.0
T003733,C00472,2025-03-19,Belleza,Tienda,3,75100.0,0.0
T000844,C00108,2024-12-24,Hogar,Tienda,2,181700.0,0.1
T008048,C01065,2024-11-26,Mercado,Tienda,2,50000.0,0.0
T001787,C00226,2025-06-25,Hogar,Tienda,3,87100.0,0.0
T010228,C01374,2024-08-20,Hogar,Tienda,2,81900.0,0.0
T006195,C00809,2023-10-27,Mercado,App,2,58600.0,0.0
T006387,C00838,2024-08-30,Hogar,Tienda,3,150500.0,0.0
T006713,C00885,2024-10-25,Mercado,App,2,41900.0,0.0
T000218,C00025,2024-06-12,Mercado,App,2,67800.0,0.3
T001556,C00194,2025-03-14,Belleza,Web,3,93900.0,0.0
T009877,C01326,2024-09-22,Belleza,Tienda,1,80500.0,0.0
T006007,C00778,2024-08-07,Moda,App,1,162300.0,0.0
T000048,C00004,2025-01-15,Mercado,App,1,69100.0,0.0
T007854,C01033,2025-02-23,Moda,App,3,185000.0,0.0
T010246,C01376,2024-02-27,Mercado,App,3,29100.0,0.0
T006738,C00892,2024-03-02,Hogar,Web,2,124800.0,0.0
T001367,C00171,2023-11-20,Mercado,Tienda,3,48200.0,0.3
T007934,C01049,2025-02-13,Mercado,App,2,30800.0,0.0
T004656,C00599,2023-10-26,Mercado,Tienda,3,18700.0,0.0
T003817,C00481,2024-10-03,Belleza,App,3,65200.0,0.0
T009812,C01320,2024-09-04,Mercado,Tienda,3,64800.0,0.0
T008251,C01095,2025-02-28,Moda,Tienda,3,183300.0,0.0
T004464,C00576,2024-08-30,Moda,App,2,154000.0,0.0
T005327,C00689,2024-08-06,Belleza,Tienda,2,83800.0,0.0
T006376,C00836,2025-02-26,Mercado,Tienda,2,47000.0,0.3
T003557,C00447,2024-07-04,Hogar,Tienda,1,213300.0,0.2
T007958,C01052,2024-03-22,Moda,Tienda,3,75300.0,0.0
T007596,C01001,2024-02-03,Mercado,App,2,24100.0,0.1
T007009,C00925,2025-05-22,Moda,Tienda,2,228500.0,0.0
T000147,C00018,2024-03-04,Hogar,Web,3,135300.0,0.0
T007527,C00993,2023-10-14,Moda,App,3,84200.0,0.0
T004544,C00586,2024-09-24,Tecnología,Tienda,2,884200.0,0.0
T004180,C00534,2025-06-27,Mercado,App,1,38000.0,0.0
T003732,C00472,2024-05-16,Mercado,Tienda,3,45900.0,0.0
T008436,C01119,2023-07-03,Mercado,Web,2,,0.2
T006915,C00914,2024-06-30,Hogar,Web,3,130500.0,0.0
T009269,C01237,2023-10-21,Moda,App,2,143100.0,0.0
T009158,C01218,2024-11-03,Mercado,Tienda,3,41400.0,0.0
T008518,C01128,2023-04-30,Belleza,Tienda,3,62800.0,0.0
T008374,C01112,2024-10-17,Tecnología,App,1,698000.0,0.0
T000795,C00102,2025-04-04,Moda,Tienda,3,168800.0,0.0
T004672,C00599,2025-04-04,Belleza,App,3,44000.0,0.0
T002939,C00366,2025-06-19,Tecnología,Web,1,567300.0,0.0
T003969,C00502,2025-04-01,Hogar,Tienda,2,151000.0,0.0
T001132,C00143,2025-03-17,Tecnología,Tienda,2,411400.0,0.0
T008712,C01155,2025-03-21,Hogar,App,3,177400.0,0.0
T010625,C01428,2025-06-24,Hogar,App,1,162100.0,0.0
T003527,C00442,2023-09-14,Belleza,App,1,85400.0,0.0
T009597,C01282,2024-09-19,Hogar,App,3,75200.0,0.0
T004400,C00567,2024-09-25,Mercado,Tienda,1,24900.0,0.1
T009298,C01243,2024-11-03,Hogar,Web,1,163200.0,0.0
T009788,C01318,2025-02-11,Moda,Tienda,1,120900.0,0.0
T008178,C01085,2025-06-13,Mercado,Tienda,3,26000.0,0.0
T008978,C01189,2024-05-28,Mercado,App,3,35700.0,0.0
T002136,C00266,2024-10-20,Hogar,Web,2,71000.0,0.0
T000212,C00024,2025-04-26,Belleza,App,1,65400.0,0.0
T004138,C00529,2025-04-24,Mercado,Tienda,3,43300.0,0.2
T001357,C00170,2024-08-23,Mercado,App,2,33500.0,0.2
T000667,C00083,2024-02-29,Moda,Tienda,2,196300.0,0.3
T009984,C01342,2025-06-20,Hogar,App,1,88400.0,0.1
T007568,C00998,2024-01-13,Mercado,Tienda,2,38300.0,0.0
T010637,C01431,2024-06-15,Mercado,App,1,33700.0,0.0
T006832,C00903,2023-10-30,Mercado,Tienda,3,40000.0,0.0
T003264,C00414,2024-09-28,Tecnología,Tienda,1,636300.0,0.0
T001482,C00187,2025-06-26,Belleza,Web,2,80100.0,0.0
T002068,C00260,2023-08-14,Mercado,App,1,39100.0,0.0
T006715,C00885,2025-06-18,Moda,App,3,171800.0,0.1
T006609,C00871,2024-01-25,Tecnología,Web,3,568600.0,0.0
T007429,C00980,2024-09-18,Mercado,App,3,58500.0,0.0
T007996,C01058,2024-07-19,Belleza,Web,2,103200.0,0.0
T009638,C01289,2025-05-27,Mercado,Tienda,2,71300.0,0.2
T002702,C00337,2024-09-01,Tecnología,Tienda,2,857000.0,0.0
T008329,C01103,2024-01-26,Moda,Web,2,87500.0,0.0
T000117,C00014,2025-02-13,Moda,App,2,192900.0,0.0
T010042,C01350,2025-05-08,Hogar,App,3,84600.0,0.0
T008813,C01164,2024-02-21,Moda,Web,3,73300.0,0.0
T010768,C01447,2024-12-29,Hogar,Tienda,3,172600.0,0.0
T009184,C01221,2024-09-19,Moda,Web,2,135700.0,0.0
T006493,C00853,2024-09-21,Hogar,Tienda,1,175800.0,0.0
T006948,C00918,2024-07-18,Moda,Web,2,118200.0,0.0
T010873,C01461,2025-06-12,Moda,Tienda,1,194900.0,0.0
T008904,C01177,2023-08-10,Mercado,Web,1,53600.0,0.0
T010126,C01360,2024-11-24,Hogar,Tienda,3,119500.0,0.3
T004526,C00585,2025-04-20,Belleza,Tienda,1,53500.0,0.0
T001477,C00186,2023-05-03,Moda,Tienda,1,216300.0,0.0
T000379,C00047,2024-12-14,Hogar,App,1,92100.0,0.2
T008915,C01178,2024-03-11,Tecnología,App,1,865800.0,0.0
T004614,C00594,2023-08-21,Moda,Web,1,73400.0,0.0
T006190,C00807,2024-02-13,Belleza,App,3,67500.0,0.0
T000420,C00051,2025-05-05,Mercado,Tienda,2,41300.0,0.0
T003757,C00474,2024-04-30,Hogar,Tienda,3,96900.0,0.0
T006611,C00872,2025-05-24,Belleza,Web,3,72700.0,0.0
T000584,C00075,2024-02-22,Belleza,App,2,82400.0,0.0
T007947,C01051,2024-12-02,Mercado,Web,3,79300.0,0.3
T007758,C01019,2025-06-18,Hogar,Tienda,2,183700.0,0.0
T010552,C01416,2024-09-28,Hogar,Web,2,216300.0,0.0
T007458,C00985,2024-11-17,Mercado,Tienda,1,49600.0,0.0
T002738,C00340,2023-07-26,Mercado,Web,2,35000.0,0.0
T004480,C00579,2023-08-03,Hogar,Tienda,1,118000.0,0.0
T008950,C01183,2024-03-04,Mercado,Tienda,2,62200.0,0.0
T009178,C01220,2024-01-16,Mercado,Tienda,3,45900.0,0.2
T004985,C00643,2024-02-24,Moda,Tienda,1,172000.0,0.3
T006118,C00795,2024-07-14,Hogar,Tienda,1,116200.0,0.0
T000307,C00038,2024-02-21,Moda,App,1,136800.0,0.2
T008674,C01150,2025-04-20,Mercado,App,3,51600.0,0.3
T006306,C00823,2023-10-27,Moda,Tienda,2,141900.0,0.0
T002838,C00356,2023-08-20,Mercado,Web,3,72500.0,0.0
T003469,C00435,2025-02-26,Hogar,Web,2,77200.0,0.0
T008102,C01073,2024-05-03,Mercado,App,2,62200.0,0.0
T005587,C00722,2023-12-05,Hogar,Web,2,128300.0,0.0
T007789,C01025,2023-12-07,Mercado,Web,3,30900.0,0.0
T004545,C00586,2024-12-08,Mercado,Tienda,1,5000.0,0.0
T009236,C01230,2025-03-23,Belleza,Web,3,77600.0,0.0
T000652,C00082,2024-11-20,Mercado,Tienda,3,32300.0,0.1
T009005,C01193,2024-04-27,Tecnología,Web,1,476200.0,0.0
T010095,C01356,2024-01-20,Belleza,Web,3,66900.0,0.0
T001530,C00191,2024-06-28,Mercado,App,2,72100.0,0.0
T003869,C00487,2024-11-22,Moda,Tienda,1,137100.0,0.3
T001075,C00138,2024-02-07,Mercado,App,3,49400.0,0.2
T003148,C00398,2024-08-28,Belleza,Web,2,78500.0,0.0
T003802,C00479,2025-06-21,Mercado,Tienda,1,20000.0,0.0
T010590,C01422,2024-12-09,Belleza,Tienda,2,51800.0,0.1
T000609,C00078,2024-03-06,Mercado,Tienda,2,50500.0,0.2
T005422,C00704,2024-11-11,Belleza,Tienda,3,80500.0,0.0
T006096,C00792,2024-11-01,Belleza,Tienda,3,85100.0,0.1
T004250,C00544,2024-08-29,Belleza,Tienda,2,50100.0,0.0
T008232,C01091,2024-01-17,Hogar,Tienda,2,137700.0,0.0
T002799,C00348,2025-02-18,Moda,Tienda,3,111800.0,0.0
T001780,C00224,2025-04-22,Mercado,Tienda,1,38600.0,0.0
T001944,C00244,2025-02-14,Mercado,Tienda,1,6200.0,0.2
T010226,C01373,2024-11-20,Belleza,Tienda,2,64500.0,0.3
T004828,C00622,2024-06-06,Mercado,App,1,44300.0,0.0
T010140,C01362,2024-10-22,Belleza,App,1,81100.0,0.0
T008186,C01085,2024-07-09,Mercado,App,3,53600.0,0.0
T009713,C01304,2024-05-02,Mercado,Web,2,39400.0,0.0
T003984,C00506,2024-11-15,Moda,App,1,161500.0,0.0
T001771,C00223,2023-08-03,Moda,App,1,183700.0,0.0
T002866,C00358,2024-06-15,Mercado,Web,2,62000.0,0.0
T006532,C00859,2025-01-17,Hogar,App,2,83900.0,0.0
T005163,C00669,2024-12-05,Mercado,App,1,53400.0,0.0
T008702,C01153,2024-07-28,Mercado,App,1,36600.0,0.3
T003419,C00430,2024-12-09,Mercado,App,1,38100.0,0.0
T002463,C00308,2024-11-05,Mercado,Tienda,1,41100.0,0.2
T011030,C01484,2023-11-24,Belleza,Tienda,1,72800.0,0.1
T011097,C01495,2024-08-25,Hogar,Tienda,-1,127400.0,0.2
T003803,C00479,2025-05-03,Mercado,App,2,39000.0,0.2
T009904,C01329,2025-02-28,Tecnología,App,1,725900.0,0.0
T006600,C00870,2024-03-17,Moda,Tienda,2,164000.0,0.0
T008355,C01108,2023-03-28,Hogar,Web,2,200900.0,0.0
T005574,C00722,2023-08-23,Moda,Tienda,1,134000.0,0.1
T000716,C00091,2024-07-23,Belleza,App,1,21600.0,0.0
T003212,C00407,2024-07-04,Mercado,Tienda,3,26800.0,0.0
T000415,C00051,2024-09-03,Mercado,App,1,62800.0,0.0
T006936,C00917,2025-01-06,Mercado,Web,1,49700.0,0.0
T002994,C00372,2025-01-16,Hogar,Tienda,3,142700.0,0.0
T007977,C01056,2024-08-12,Tecnología,Tienda,2,746200.0,0.0
T007983,C01056,2024-12-10,Mercado,App,3,65400.0,0.0
T003128,C00395,2024-07-27,Belleza,App,2,91100.0,0.2
T001828,C00232,2024-03-19,Mercado,Tienda,2,46200.0,0.0
T004590,C00592,2024-05-09,Moda,Web,1,171900.0,0.3
T009334,C01249,2025-03-03,Mercado,App,3,54400.0,0.0
T008982,C01190,2023-07-08,Tecnología,Tienda,2,451000.0,0.0
T009934,C01334,2025-01-29,Moda,Tienda,3,161200.0,0.0
T007110,C00941,2024-07-10,Mercado,App,3,29500.0,0.3
T006947,C00917,2024-10-20,Mercado,Tienda,2,41900.0,0.0
T010703,C01440,2024-07-12,Moda,App,1,139500.0,0.0
T010235,C01374,2025-04-19,Tecnología,App,3,508000.0,0.0
T000891,C00114,2024-06-03,Mercado,App,1,39000.0,0.0
T008362,C01110,2025-05-11,Belleza,Web,3,38400.0,0.0
T006893,C00912,2024-05-12,Moda,App,2,191300.0,0.0
T007786,C01024,2024-08-11,Hogar,Web,3,84400.0,0.2
T002546,C00317,2024-03-03,Mercado,Web,1,68700.0,0.0
T010518,C01413,2024-04-02,Belleza,Tienda,2,34900.0,0.2
T009509,C01269,2024-05-11,Mercado,App,1,32000.0,0.1
T003935,C00497,2024-04-15,Hogar,Tienda,2,174300.0,0.0
T009653,C01292,2024-01-14,Mercado,Web,3,51200.0,0.0
T009549,C01274,2025-01-19,Mercado,Tienda,3,33800.0,0.0
T008042,C01065,2025-02-10,Hogar,Tienda,3,130300.0,0.0
T005317,C00688,2023-10-09,Mercado,Tienda,3,60000.0,0.0
T007827,C01030,2025-04-01,Moda,App,1,110500.0,0.0
T008125,C01077,2025-05-15,Mercado,Web,3,39700.0,0.0
T003088,C00389,2024-11-19,Hogar,Web,2,157500.0,0.0
T006866,C00909,2024-08-12,Mercado,Web,2,41100.0,0.0
T003828,C00483,2024-09-15,Mercado,Tienda,2,53900.0,0.0
T002519,C00316,2024-12-20,Mercado,Tienda,1,47300.0,0.1
T002386,C00302,2025-05-10,Mercado,Tienda,3,54200.0,0.0
T008759,C01159,2024-08-13,Tecnología,Tienda,1,611600.0,0.0
T003222,C00409,2024-02-07,Mercado,App,2,49400.0,0.0
T008897,C01177,2023-04-04,Moda,App,3,201600.0,0.0
T002674,C00333,2024-09-21,Moda,App,3,201100.0,0.0
T010227,C01373,2024-09-20,Mercado,Tienda,3,29500.0,0.0
T002303,C00286,2024-07-24,Hogar,Web,2,147000.0,0.3
T007472,C00987,2024-12-13,Belleza,Tienda,1,35500.0,0.0
T008141,C01079,2024-09-10,Tecnología,Tienda,1,593100.0,0.0
T004934,C00638,2025-02-04,Mercado,Tienda,3,29100.0,0.0
T010048,C01352,2025-03-22,Belleza,Web,1,83300.0,0.0
T004880,C00630,2024-10-21,Mercado,App,3,35800.0,0.0
T000284,C00033,2024-11-15,Mercado,Web,1,35200.0,0.0
T000592,C00075,2023-10-06,Belleza,App,1,34800.0,0.2
T005349,C00692,2024-05-16,Tecnología,Tienda,1,739700.0,0.0
T007612,C01003,2024-10-19,Mercado,Web,1,31100.0,0.3
T004562,C00588,2024-06-30,Mercado,App,3,39700.0,0.0
T001274,C00162,2024-09-11,Hogar,Web,1,103900.0,0.0
T003862,C00487,2024-06-03,Mercado,Web,3,41800.0,0.0
T003111,C00392,2025-05-23,Hogar,Tienda,3,132600.0,0.0
T005296,C00685,2025-03-29,Mercado,App,3,46900.0,0.2
T003403,C00428,2024-09-05,Belleza,Tienda,3,53300.0,0.1
T010555,C01416,2024-02-29,Moda,Tienda,2,80300.0,0.0
T010089,C01355,2025-05-15,Hogar,App,2,106300.0,0.3
T001475,C00186,2023-07-20,Mercado,Tienda,1,52800.0,0.0
T009932,C01333,2024-11-10,Belleza,Tienda,3,85000.0,0.0
T007603,C01001,2024-03-07,Belleza,Tienda,3,72400.0,0.0
T007113,C00941,2025-04-19,Moda,App,3,189400.0,0.0
T010365,C01389,2024-05-24,Hogar,Tienda,1,101100.0,0.0
T007048,C00933,2025-04-10,Hogar,Tienda,2,106600.0,0.0
T005137,C00664,2024-06-27,Belleza,App,2,68500.0,0.0
T001142,C00145,2024-03-27,Mercado,Tienda,2,44900.0,0.0
T003841,C00484,2024-09-04,Mercado,Tienda,3,41400.0,0.0
T004522,C00584,2025-06-19,Hogar,App,1,96000.0,0.1
T003484,C00435,2025-05-25,Mercado,Tienda,1,32000.0,0.0
T001715,C00214,2024-10-10,Mercado,Tienda,2,48000.0,0.0
T000633,C00082,2024-06-15,Moda,Web,2,79600.0,0.0
T010497,C01410,2023-11-17,Mercado,Web,1,49100.0,0.1
T009427,C01258,2025-06-02,Mercado,Tienda,1,53000.0,0.0
T009650,C01291,2024-10-15,Mercado,App,3,56300.0,0.0
T010682,C01438,2024-04-13,Belleza,Web,2,59700.0,0.0
T000553,C00069,2025-03-31,Mercado,Tienda,2,73700.0,0.0
T010926,C01471,2024-10-07,Hogar,Web,3,142500.0,0.0
T003728,C00472,2024-10-29,Mercado,Web,1,41800.0,0.0
T010924,C01471,2024-10-19,Mercado,App,2,46900.0,0.0
T004084,C00523,2023-10-02,Moda,App,3,128100.0,0.0
T007642,C01007,2024-08-15,Hogar,Web,3,136100.0,0.0
T010472,C01408,2025-06-06,Mercado,Tienda,1,33400.0,0.1
T010795,C01451,2024-07-26,Belleza,App,2,82000.0,0.0
T001877,C00236,2024-11-16,Mercado,Tienda,1,73700.0,0.3
T009733,C01309,2024-11-09,Mercado,Tienda,1,40900.0,0.0
T003654,C00462,2024-09-02,Mercado,Tienda,3,57100.0,0.0
T006999,C00924,2024-02-27,Belleza,Tienda,2,64100.0,0.0
T005123,C00662,2025-05-29,Belleza,Tienda,3,72600.0,0.0
T010834,C01457,2024-09-10,Mercado,Web,3,61100.0,0.0
T004699,C00602,2025-06-26,Belleza,Web,2,98600.0,0.1
T002621,C00326,2024-09-13,Belleza,Web,2,39800.0,0.3
T006001,C00776,2024-10-31,Mercado,Web,1,39300.0,0.0
T003094,C00390,2024-08-12,Mercado,Web,1,51900.0,0.0
T005432,C00706,2024-05-19,Moda,Tienda,1,213000.0,0.0
T003065,C00385,2024-10-12,Hogar,Web,3,159300.0,0.0
T000493,C00062,2023-12-31,Mercado,Tienda,3,38700.0,0.3
T009610,C01286,2025-03-29,Tecnología,Tienda,2,629800.0,0.0
T002745,C00340,2024-02-01,Moda,Tienda,3,198600.0,0.0
T005588,C00723,2023-07-06,Mercado,App,3,40100.0,0.0
T006580,C00867,2024-02-29,Mercado,Tienda,2,58700.0,0.0
T002051,C00257,2024-05-26,Mercado,Web,1,30700.0,0.0
T009403,C01254,2024-08-31,Mercado,App,2,22400.0,0.0
T004581,C00591,2025-05-29,Moda,App,1,,0.0
T005335,C00689,2024-08-06,Tecnología,Web,3,442200.0,0.0
T005367,C00694,2024-12-13,Belleza,App,3,43900.0,0.0
T000155,C00019,2024-08-11,Mercado,Tienda,2,30100.0,0.1
T007204,C00952,2025-01-31,Belleza,App,1,107500.0,0.0
T004688,C00600,2024-01-21,Belleza,App,3,127800.0,0.0
T002391,C00302,2024-12-16,Moda,Tienda,1,101100.0,0.0
T007483,C00987,2024-11-27,Belleza,Tienda,2,52600.0,0.1
T007172,C00949,2023-12-26,Hogar,Tienda,2,79600.0,0.1
T000301,C00037,2025-04-16,Moda,Tienda,1,136700.0,0.3
T002173,C00273,2025-03-17,Mercado,App,1,33500.0,0.0
T009244,C01232,2024-10-23,Moda,Web,2,167400.0,0.1
T010994,C01480,2024-05-10,Mercado,Tienda,2,37700.0,0.2
T002460,C00307,2024-06-17,Moda,Web,1,154400.0,0.0
T001574,C00197,2024-06-03,Hogar,Tienda,2,130400.0,0.0
T001597,C00200,2024-06-09,Mercado,Tienda,1,42000.0,0.0
T007037,C00930,2023-10-17,Hogar,Tienda,2,63300.0,0.0
T005955,C00769,2025-03-21,Moda,Web,3,159500.0,0.0
T007686,C01014,2024-08-22,Hogar,Tienda,2,90600.0,0.0
T010388,C01393,2024-10-18,Tecnología,Tienda,1,358700.0,0.0
T002886,C00361,2024-08-02,Tecnología,Tienda,2,909100.0,0.2
T011117,C01498,2025-03-14,Hogar,Web,3,90600.0,0.0
T004734,C00605,2024-03-04,Hogar,Tienda,1,157100.0,0.0
T002581,C00322,2024-05-26,Moda,Tienda,1,161800.0,0.0
T003563,C00448,2023-07-08,Belleza,Tienda,2,44700.0,0.0
T004440,C00572,2024-08-08,Mercado,Tienda,1,41300.0,0.3
T000466,C00058,2024-03-27,Mercado,App,1,48800.0,0.0
T008040,C01064,2023-08-18,Mercado,App,2,46400.0,0.0
T007474,C00987,2025-06-20,Moda,Web,1,133600.0,0.0
T005600,C00724,2024-10-29,Mercado,Tienda,3,52400.0,0.1
T004856,C00628,2024-02-18,Mercado,App,3,49200.0,0.0
T008244,C01093,2023-09-07,Mercado,Web,1,35700.0,0.0
T004932,C00637,2024-05-10,Belleza,Web,3,43100.0,0.2
T006230,C00813,2024-05-16,Mercado,Tienda,1,60700.0,0.0
T009176,C01220,2024-06-16,Mercado,Tienda,3,60500.0,0.0
T001187,C00150,2023-11-03,Mercado,Web,2,49700.0,0.0
T007160,C00947,2025-06-03,Mercado,Tienda,1,39400.0,0.0
T002558,C00318,2025-01-20,Hogar,App,3,120100.0,0.0
T009333,C01249,2024-12-23,Mercado,Tienda,1,49800.0,0.0
T002618,C00325,2023-12-09,Mercado,Tienda,2,49200.0,0.0
T000164,C00020,2023-03-10,Hogar,Tienda,2,78000.0,0.0
T005739,C00743,2025-04-29,Mercado,App,2,40300.0,0.0
T003753,C00474,2024-03-23,Mercado,Tienda,3,42500.0,0.0
T004104,C00526,2023-12-18,Hogar,App,1,141000.0,0.0
T003966,C00501,2025-02-23,Hogar,Tienda,2,91500.0,0.0
T007943,C01050,2024-05-12,Tecnología,App,3,738800.0,0.0
T000484,C00060,2023-10-17,Belleza,Tienda,1,92500.0,0.0
T007653,C01008,2024-07-11,Hogar,App,2,168300.0,0.0
T008706,C01154,2024-05-19,Mercado,Web,2,43700.0,0.1
T005545,C00720,2024-12-31,Mercado,Tienda,3,51700.0,0.0
T007680,C01013,2024-09-25,Moda,App,2,118200.0,0.0
T000248,C00029,2024-05-21,Mercado,Web,3,31200.0,0.0
T002679,C00334,2024-07-11,Moda,Web,1,166600.0,0.0
T000236,C00027,2025-04-05,Moda,Tienda,2,149500.0,0.0
T007289,C00964,2023-12-12,Belleza,App,2,79100.0,0.0
T000654,C00082,2023-12-22,Hogar,Tienda,2,63000.0,0.3
T009142,C01214,2024-02-23,Mercado,Tienda,3,28300.0,0.1
T005957,C00770,2024-11-30,Mercado,App,3,21200.0,0.1
T002587,C00322,2024-06-12,Mercado,Tienda,2,40600.0,0.0
T001871,C00235,2024-10-10,Moda,Tienda,1,212300.0,0.0
T005571,C00721,2024-07-13,Hogar,Tienda,2,192300.0,0.0
T005165,C00670,2024-05-30,Mercado,Tienda,2,51800.0,0.0
T010650,C01433,2024-02-11,Mercado,Tienda,2,52900.0,0.0
T003267,C00414,2024-12-09,Mercado,Tienda,1,46300.0,0.1
T007386,C00975,2025-02-15,Moda,App,3,164600.0,0.0
T004805,C00618,2025-05-04,Mercado,Tienda,2,64900.0,0.0
T006550,C00862,2024-05-18,Mercado,Web,2,31100.0,0.2
T008363,C01110,2024-05-30,Mercado,App,1,46400.0,0.0
T005355,C00692,2023-12-03,Hogar,Tienda,1,151500.0,0.0
T007862,C01034,2025-05-10,Mercado,App,3,51100.0,0.0
T001109,C00140,2024-02-07,Moda,Tienda,2,234200.0,0.0
T009439,C01259,2024-09-28,Tecnología,App,2,809000.0,0.0
T003459,C00434,2024-12-13,Hogar,App,1,110300.0,0.0
T002583,C00322,2024-11-03,Hogar,App,3,113800.0,0.3
T003270,C00414,2024-06-19,Mercado,Tienda,1,34500.0,0.0
T007120,C00942,2024-05-12,Mercado,Tienda,3,46100.0,0.0
T001785,C00226,2024-08-20,Mercado,Web,1,42100.0,0.0
T009081,C01206,2024-05-23,Mercado,Web,3,25100.0,0.0
T000686,C00084,2023-02-10,Hogar,Web,2,150600.0,0.0
T007297,C00965,2025-06-06,Mercado,Tienda,3,62200.0,0.1
T002455,C00306,2023-03-16,Moda,Web,1,195000.0,0.0
T009325,C01248,2023-08-09,Mercado,Tienda,1,15100.0,0.0
T007761,C01019,2025-05-08,Mercado,Web,1,33800.0,0.0
T005195,C00672,2024-12-18,Mercado,Tienda,2,60300.0,0.3
T002190,C00275,2025-04-09,Belleza,App,2,54900.0,0.0
T001091,C00139,2024-09-03,Belleza,Tienda,1,73300.0,0.2
T010916,C01470,2025-04-22,Mercado,Web,1,39800.0,0.0
T006300,C00822,2024-02-04,Mercado,Tienda,2,50600.0,0.0
T010477,C01408,2025-04-15,Mercado,Tienda,1,50300.0,0.0
T007185,C00951,2025-03-12,Tecnología,App,3,296200.0,0.1
T002721,C00338,2025-04-20,Tecnología,Web,3,498300.0,0.0
T006963,C00919,2024-10-25,Belleza,App,2,72900.0,0.0
T009869,C01324,2023-09-21,Hogar,Tienda,3,108200.0,0.0
T002980,C00371,2024-02-01,Mercado,App,3,47200.0,0.3
T010548,C01416,2025-03-03,Mercado,Tienda,3,31300.0,0.0
T008803,C01163,2024-07-27,Mercado,Tienda,2,38800.0,0.1
T005995,C00776,2024-08-21,Mercado,Web,1,40200.0,0.0
T003162,C00400,2025-06-27,Mercado,Tienda,3,27400.0,0.0
T007373,C00973,2025-06-11,Mercado,App,1,37300.0,0.0
T002093,C00262,2025-03-23,Mercado,Web,3,39800.0,0.3
T002367,C00300,2025-05-09,Hogar,App,1,107700.0,0.0
T006308,C00823,2024-11-04,Mercado,Web,1,57500.0,0.0
T006305,C00823,2024-06-05,Moda,App,2,187400.0,0.0
T009407,C01254,2023-05-08,Hogar,App,1,103500.0,0.0
T002410,C00304,2024-08-12,Hogar,Tienda,2,173300.0,0.0
T001076,C00138,2024-04-25,Mercado,Tienda,2,44200.0,0.0
T011077,C01492,2024-04-29,Hogar,Tienda,1,138700.0,0.2
T008287,C01099,2024-02-20,Mercado,Tienda,3,56700.0,0.0
T008990,C01192,2024-01-23,Tecnología,Tienda,2,219700.0,0.0
T004706,C00603,2023-12-05,Mercado,App,2,51300.0,0.1
T005376,C00696,2024-06-23,Belleza,Tienda,1,101300.0,0.2
T009242,C01231,2024-11-18,Moda,Web,1,114800.0,0.1
T006603,C00871,2024-01-28,Mercado,App,3,23100.0,0.0
T004966,C00640,2023-09-18,Moda,Web,2,182000.0,0.1
T002717,C00338,2025-01-24,Belleza,App,1,67700.0,0.3
T005417,C00703,2023-08-14,Moda,Tienda,3,166300.0,0.0
T008701,C01153,2024-07-02,Belleza,App,1,97400.0,0.0
T000332,C00042,2023-09-19,Mercado,Tienda,2,35300.0,0.0
T000448,C00056,2025-04-11,Tecnología,Web,2,827100.0,0.0
T011133,C01500,2025-02-15,Mercado,Tienda,1,52600.0,0.1
T005071,C00653,2024-01-20,Belleza,App,1,51400.0,0.0
T004875,C00630,2024-02-15,Belleza,App,2,94400.0,0.1
T001045,C00136,2024-11-12,Hogar,Tienda,1,123900.0,0.0
T003923,C00497,2024-04-28,Moda,Tienda,1,152100.0,0.0
T006061,C00787,2024-11-25,Hogar,Tienda,2,144300.0,0.0
T002293,C00286,2024-03-10,Moda,App,3,126100.0,0.0
T007773,C01021,2024-11-21,Belleza,Web,2,94400.0,0.0
T008846,C01169,2024-04-10,Mercado,Web,3,32900.0,0.0
T004443,C00572,2024-02-20,Tecnología,Tienda,1,472200.0,0.0
T004223,C00538,2025-05-03,Mercado,Tienda,2,79600.0,0.0
T002896,C00362,2025-02-10,Hogar,Tienda,1,81500.0,0.0
T003513,C00439,2024-08-24,Hogar,Tienda,2,122600.0,0.0
T001019,C00133,2024-09-28,Mercado,Tienda,1,40500.0,0.2
T005822,C00754,2025-02-21,Hogar,Web,2,87900.0,0.0
T005070,C00653,2024-05-11,Belleza,Tienda,1,91200.0,0.0
T007183,C00951,2024-11-12,Mercado,App,2,60400.0,0.0
T009436,C01259,2024-03-09,Moda,Tienda,1,190900.0,0.0
T009551,C01275,2025-01-07,Mercado,Tienda,2,44800.0,0.3
T001521,C00190,2025-05-12,Tecnología,Tienda,1,658100.0,0.0
T002599,C00324,2024-10-09,Mercado,App,1,29300.0,0.0
T006519,C00856,2023-11-19,Mercado,Web,3,53800.0,0.3
T006245,C00815,2023-11-30,Mercado,Web,1,54200.0,0.0
T008676,C01150,2023-03-10,Mercado,Tienda,2,31900.0,0.0
T007032,C00930,2024-02-22,Mercado,Web,2,33500.0,0.0
T006545,C00862,2024-09-13,Mercado,Tienda,1,51700.0,0.0
T003789,C00476,2024-07-25,Moda,App,3,132300.0,0.0
T003672,C00464,2024-10-09,Mercado,Tienda,2,52700.0,0.0
T000263,C00030,2024-11-26,Hogar,Tienda,1,96900.0,0.1
T006459,C00848,2023-11-19,Mercado,Tienda,2,50100.0,0.0
T008123,C01077,2024-07-23,Mercado,Tienda,1,46900.0,0.0
T002869,C00358,2023-08-11,Moda,Web,3,122800.0,0.0
T002520,C00316,2025-03-18,Belleza,Web,3,98800.0,0.0
T007389,C00975,2025-04-24,Moda,Tienda,1,165700.0,0.0
T000944,C00120,2023-11-10,Hogar,Tienda,3,112400.0,0.0
T000451,C00056,2024-12-17,Tecnología,Tienda,2,887900.0,0.0
T005631,C00728,2024-10-02,Tecnología,Tienda,2,698300.0,0.0
T009548,C01274,2024-10-15,Mercado,Tienda,1,65100.0,0.0
T001312,C00165,2023-05-22,Tecnología,Web,2,638900.0,0.0
T007583,C01001,2024-01-05,Mercado,Tienda,1,34600.0,0.3
T001859,C00235,2025-05-02,Mercado,App,1,43500.0,0.0
T004490,C00580,2025-04-15,Mercado,Web,3,40800.0,0.0
T003555,C00446,2024-07-08,Mercado,Tienda,1,63400.0,0.0
T000851,C00111,2024-08-20,Belleza,Tienda,1,54900.0,0.0
T010845,C01459,2025-04-08,Belleza,Web,1,57600.0,0.0
T000676,C00083,2024-02-15,Mercado,Web,2,47000.0,0.0
T009016,C01194,2024-09-22,Belleza,App,1,36500.0,0.0
T007847,C01033,2023-11-12,Mercado,Tienda,3,50000.0,0.0
T007657,C01009,2025-02-08,Hogar,Web,3,80800.0,0.0
T001444,C00182,2024-06-07,Moda,Tienda,2,195700.0,0.0
T000135,C00015,2025-05-02,Mercado,Tienda,2,29700.0,0.0
T009363,C01252,2023-07-03,Mercado,Tienda,2,30200.0,0.0
T000441,C00055,2025-04-12,Mercado,Tienda,1,52000.0,0.2
T007711,C01015,2024-08-10,Hogar,Tienda,2,99800.0,0.0
T000480,C00060,2023-05-28,Belleza,App,2,58100.0,0.0
T010429,C01399,2024-11-06,Moda,Web,2,77800.0,0.0
T008753,C01159,2024-08-10,Hogar,Tienda,2,140700.0,0.1
T007187,C00951,2025-06-02,Mercado,App,1,26500.0,0.2
T006719,C00886,2024-06-23,Moda,Tienda,3,196600.0,0.0
T002821,C00352,2024-03-20,Mercado,App,2,34700.0,0.0
T006120,C00795,2024-02-28,Belleza,Tienda,3,106800.0,0.0
T001213,C00155,2024-06-05,Moda,Tienda,3,212500.0,0.0
T000842,C00108,2024-04-30,Mercado,Web,1,30800.0,0.0
T001570,C00196,2024-10-12,Mercado,Tienda,1,48500.0,0.0
T002672,C00333,2024-12-14,Mercado,App,2,19900.0,0.3
T005827,C00755,2024-10-21,Belleza,App,2,38000.0,0.0
T007441,C00981,2025-04-14,Mercado,Tienda,2,40200.0,0.0
T006133,C00798,2025-04-19,Hogar,Web,2,165700.0,0.0
T007354,C00970,2024-10-10,Tecnología,App,1,1033000.0,0.0
T010410,C01396,2025-06-03,Hogar,App,2,140700.0,0.0
T000246,C00029,2024-02-16,Mercado,Web,2,46000.0,0.0
T007468,C00987,2025-04-10,Mercado,Web,1,43300.0,0.0
T006156,C00801,2025-01-10,Mercado,Web,1,50400.0,0.3
T000663,C00083,2024-02-29,Tecnología,App,1,667600.0,0.0
T007729,C01016,2024-02-25,Belleza,Tienda,2,107500.0,0.0
T001015,C00132,2025-02-07,Mercado,Tienda,2,60300.0,0.1
T003703,C00470,2023-12-14,Tecnología,App,3,955800.0,0.0
T007677,C01012,2024-07-05,Hogar,App,1,118900.0,0.0
T008478,C01123,2024-02-07,Mercado,App,3,44900.0,0.0
T003265,C00414,2025-03-28,Mercado,App,2,46200.0,0.1
T001990,C00250,2025-03-14,Mercado,Tienda,3,44000.0,0.0
T004331,C00556,2024-03-18,Hogar,Tienda,3,116200.0,0.0
T004713,C00603,2024-12-21,Moda,App,1,199400.0,0.1
T005145,C00666,2023-11-12,Mercado,App,2,30800.0,0.0
T001056,C00136,2024-06-10,Moda,Tienda,2,144700.0,0.0
T000454,C00056,2024-04-30,Tecnología,Tienda,3,579400.0,0.0
T006658,C00878,2024-10-12,Mercado,Tienda,2,35700.0,0.0
T008182,C01085,2025-03-02,Mercado,Tienda,3,46000.0,0.1
T001941,C00244,2025-01-07,Hogar,Web,1,164500.0,0.0
T002682,C00334,2024-09-25,Moda,App,3,158600.0,0.3
T007687,C01014,2024-03-15,Moda,Web,2,188000.0,0.0
T001214,C00155,2024-08-28,Hogar,Tienda,1,77500.0,0.0
T006994,C00924,2024-03-25,Moda,App,2,94300.0,0.1
T008782,C01161,2024-02-19,Mercado,App,1,60100.0,0.0
T006858,C00907,2024-01-12,Tecnología,Tienda,2,602000.0,0.3
T009734,C01309,2024-10-10,Hogar,Web,1,95800.0,0.0
T000951,C00121,2023-03-26,Mercado,Tienda,3,54900.0,0.0
T007555,C00995,2025-04-02,Hogar,Web,1,156800.0,0.1
T001583,C00198,2023-11-14,Moda,Tienda,3,144100.0,0.0
T003916,C00496,2024-07-28,Mercado,Tienda,2,53800.0,0.0
T006452,C00846,2025-02-07,Belleza,Tienda,1,76800.0,0.0
T009503,C01268,2025-01-21,Belleza,App,1,77300.0,0.0
T005468,C00709,2023-06-03,Moda,Web,2,131100.0,0.0
T002791,C00346,2024-02-08,Mercado,Tienda,1,45800.0,0.0
T003638,C00461,2024-08-12,Hogar,Web,2,149800.0,0.0
T008015,C01060,2023-07-26,Moda,Tienda,1,233700.0,0.0
T008883,C01176,2024-02-06,Mercado,App,1,43200.0,0.0
T006853,C00907,2023-10-10,Hogar,Tienda,1,206700.0,0.0
T006123,C00795,2024-07-03,Tecnología,Tienda,1,313600.0,0.0
T001718,C00214,2024-10-21,Belleza,App,1,101600.0,0.0
T007915,C01046,2024-03-26,Mercado,App,2,43300.0,0.0
T001900,C00237,2024-03-20,Mercado,Tienda,3,39300.0,0.3
T005832,C00755,2025-01-09,Mercado,Web,2,38200.0,0.0
T000544,C00067,2024-09-02,Moda,Tienda,3,72000.0,0.0
T003256,C00411,2025-02-26,Hogar,Web,2,120200.0,0.0
T003788,C00476,2024-07-25,Mercado,Tienda,2,36100.0,0.0
T004500,C00582,2024-07-16,Mercado,App,2,39400.0,0.0
T003131,C00395,2025-05-20,Mercado,Tienda,3,60900.0,0.3
T005632,C00728,2025-04-15,Hogar,Web,1,161600.0,0.0
T010072,C01355,2024-06-15,Belleza,App,3,38700.0,0.0
T001524,C00191,2023-07-27,Mercado,Tienda,3,50500.0,0.0
T001391,C00172,2024-03-06,Belleza,Tienda,2,95300.0,0.0
T007274,C00961,2025-04-01,Moda,App,3,122500.0,0.0
T002607,C00325,2023-10-29,Hogar,Tienda,1,92800.0,0.0
T004957,C00640,2024-09-05,Mercado,App,3,59600.0,0.0
T005598,C00724,2024-11-05,Belleza,App,1,105600.0,0.3
T001896,C00237,2024-02-13,Mercado,App,3,42600.0,0.0
T001754,C00219,2024-05-02,Belleza,Tienda,1,45400.0,0.2
T008260,C01097,2023-09-01,Tecnología,App,1,840400.0,0.0
T007047,C00933,2024-10-06,Mercado,Web,1,57800.0,0.0
T004559,C00588,2023-03-07,Mercado,Tienda,1,44000.0,0.0
T003564,C00449,2023-12-14,Moda,Tienda,2,118000.0,0.0
T005342,C00691,2025-03-16,Mercado,Tienda,3,63800.0,0.0
T007150,C00945,2023-10-01,Belleza,Web,1,70300.0,0.0
T008426,C01116,2024-11-09,Moda,Tienda,1,112300.0,0.3
T007747,C01017,2024-10-19,Hogar,Tienda,2,112500.0,0.0
T010164,C01364,2024-12-04,Belleza,Tienda,3,47600.0,0.2
T004533,C00585,2024-11-23,Mercado,Tienda,1,50500.0,0.0
T004260,C00547,2023-07-29,Hogar,Tienda,1,79400.0,0.0
T005191,C00671,2025-06-01,Hogar,Web,3,136000.0,0.1
T007363,C00972,2024-05-19,Mercado,Tienda,1,57000.0,0.2
T005904,C00762,2023-12-08,Belleza,Tienda,3,72300.0,0.0
T003248,C00411,2025-06-06,Belleza,Tienda,2,128700.0,0.0
T009739,C01310,2024-02-25,Hogar,Tienda,3,113100.0,0.0
T008968,C01187,2024-12-18,Moda,Tienda,1,143100.0,0.3
T009661,C01293,2023-09-21,Mercado,Tienda,2,39700.0,0.0
T000253,C00029,2024-05-05,Hogar,Tienda,2,90500.0,0.0
T002535,C00317,2025-06-24,Hogar,Tienda,2,113100.0,0.0
T002380,C00301,2024-05-02,Belleza,Tienda,1,94000.0,0.0
T000793,C00102,2024-10-28,Mercado,Web,2,54400.0,0.0
T005010,C00645,2023-05-18,Moda,Tienda,2,117300.0,0.0
T003460,C00435,2024-04-07,Mercado,Tienda,2,46700.0,0.0
T008940,C01182,2024-08-11,Mercado,Tienda,1,29200.0,0.0
T008871,C01174,2025-03-26,Moda,Web,3,165200.0,0.0
T009964,C01338,2023-07-20,Mercado,App,3,15000.0,0.0
T006710,C00885,2023-06-26,Mercado,Tienda,3,51600.0,0.0
T004071,C00521,2023-07-16,Belleza,App,3,46100.0,0.0
T000860,C00111,2024-09-25,Mercado,Web,2,54900.0,0.0
T004536,C00585,2024-02-24,Belleza,App,3,62000.0,0.0
T008772,C01160,2024-04-13,Hogar,Tienda,3,130400.0,0.0
T004767,C00611,2025-01-03,Mercado,App,1,51300.0,0.0
T007737,C01017,2024-10-20,Tecnología,App,3,859200.0,0.0
T002851,C00357,2024-08-26,Mercado,App,3,50100.0,0.0
T002307,C00286,2024-05-29,Tecnología,Tienda,3,529800.0,0.0
T002506,C00314,2023-12-26,Moda,App,1,192000.0,0.3
T002773,C00345,2024-01-18,Tecnología,Web,3,374600.0,0.2
T008308,C01101,2025-05-04,Mercado,Tienda,3,42100.0,0.0
T009296,C01243,2024-02-09,Moda,Tienda,3,68200.0,0.0
T000075,C00007,2024-12-03,Mercado,Web,2,44500.0,0.2
T009490,C01267,2023-04-27,Belleza,App,2,55900.0,0.0
T005463,C00709,2023-06-28,Belleza,Tienda,2,83600.0,0.3
T004643,C00597,2023-12-28,Moda,Tienda,2,124300.0,0.0
T010861,C01460,2024-05-21,Moda,Tienda,3,158300.0,0.0
T010363,C01389,2024-11-03,Hogar,Tienda,1,116000.0,0.0
T002466,C00308,2024-09-18,Moda,App,2,118900.0,0.0
T008239,C01092,2024-03-23,Mercado,Web,2,14300.0,0.0
T000310,C00039,2024-09-02,Moda,Tienda,3,148700.0,0.0
T009475,C01265,2025-03-17,Moda,Web,2,190700.0,0.0
T009717,C01304,2025-01-11,Mercado,App,3,36000.0,0.3
T007140,C00943,2024-01-26,Mercado,App,-1,55000.0,0.0
T000408,C00051,2025-01-05,Moda,Tienda,1,112000.0,0.1
T003811,C00480,2023-05-08,Mercado,Tienda,3,50400.0,0.0
T005436,C00707,2025-02-17,Hogar,App,2,88400.0,0.0
T006052,C00786,2024-03-13,Hogar,Web,1,140400.0,0.0
T005481,C00711,2023-09-03,Mercado,App,2,44000.0,0.3
T004902,C00633,2023-06-06,Mercado,App,2,80600.0,0.2
T010620,C01427,2023-11-08,Mercado,Tienda,3,74600.0,0.2
T002894,C00362,2024-12-05,Mercado,Tienda,2,39500.0,0.0
T004271,C00549,2024-07-20,Belleza,Web,2,45200.0,0.0
T010247,C01376,2024-02-27,Mercado,Tienda,3,37000.0,0.2
T006337,C00831,2024-12-20,Belleza,App,1,83100.0,0.0
T000331,C00042,2023-09-29,Belleza,Tienda,3,40500.0,0.0
T002170,C00272,2023-04-04,Mercado,Tienda,1,38200.0,0.0
T001968,C00247,2023-11-14,Mercado,App,3,32900.0,0.0
T001430,C00179,2024-12-05,Mercado,Tienda,3,45600.0,0.3
T008504,C01126,2023-07-23,Moda,Tienda,2,106000.0,0.0
T006033,C00783,2024-08-31,Mercado,App,2,28500.0,0.0
T008106,C01074,2024-10-03,Mercado,Tienda,3,46000.0,0.0
T007548,C00994,2023-05-15,Hogar,Web,2,165500.0,0.3
T006916,C00914,2024-11-18,Belleza,Tienda,2,97100.0,0.2
T001357,C00170,2024-08-23,Mercado,App,2,33500.0,0.2
T000018,C00002,2024-03-09,Mercado,Tienda,1,22700.0,0.0
T007407,C00977,2023-10-17,Mercado,Tienda,2,54400.0,0.0
T010031,C01349,2023-12-21,Belleza,Tienda,1,94100.0,0.1
T009721,C01306,2024-02-16,Mercado,App,3,52600.0,0.0
T004156,C00531,2024-12-21,Belleza,Tienda,3,61700.0,0.0
T005708,C00738,2024-03-23,Mercado,App,3,28900.0,0.0
T004487,C00580,2025-04-30,Mercado,Web,2,36900.0,0.0
T005288,C00684,2024-06-05,Mercado,Tienda,2,43100.0,0.0
T009287,C01242,2024-07-25,Mercado,Tienda,1,21700.0,0.0
T002567,C00319,2025-04-22,Tecnología,App,3,611700.0,0.0
T003618,C00457,2024-06-06,Hogar,Tienda,3,57000.0,0.0
T009052,C01199,2025-05-14,Hogar,Tienda,2,87400.0,0.2
T000013,C00002,2024-04-02,Mercado,Web,2,55100.0,0.0
T002446,C00306,2024-02-19,Belleza,Tienda,3,88400.0,0.0
T010039,C01350,2024-05-11,Hogar,Tienda,1,116200.0,0.0
T000389,C00048,2024-10-16,Belleza,App,1,85600.0,0.0
T006296,C00822,2024-02-04,Tecnología,Tienda,2,668400.0,0.0
T007856,C01033,2023-12-07,Moda,App,3,155000.0,0.0
T005034,C00648,2024-09-20,Mercado,Tienda,2,44600.0,0.0
T005663,C00731,2024-10-05,Belleza,Tienda,2,75800.0,0.0
T001373,C00172,2023-06-01,Mercado,Tienda,2,40500.0,0.0
T005828,C00755,2024-07-30,Moda,Tienda,3,87800.0,0.0
T009130,C01212,2024-01-21,Belleza,Web,2,76400.0,0.3
T006106,C00793,2023-05-30,Hogar,Tienda,3,145900.0,0.0
T001241,C00159,2024-12-16,Hogar,Tienda,2,160500.0,0.0
T010722,C01441,2023-09-23,Hogar,Web,2,153600.0,0.0
T008620,C01139,2025-06-18,Mercado,App,1,49600.0,0.1
T010932,C01472,2024-09-05,Hogar,Tienda,2,139300.0,0.0
T009500,C01267,2023-10-14,Moda,Tienda,2,169600.0,0.3
T009566,C01276,2024-12-18,Tecnología,Tienda,1,440200.0,0.0
T009570,C01276,2025-01-25,Moda,App,1,134400.0,0.0
T008601,C01137,2023-06-30,Mercado,Web,2,12200.0,0.0
T009173,C01219,2024-10-19,Hogar,Tienda,3,120000.0,0.0
T001442,C00182,2024-03-13,Belleza,Tienda,3,65600.0,0.0
T004184,C00534,2024-08-02,Mercado,App,2,18300.0,0.1
T005745,C00744,2024-02-26,Moda,Tienda,1,152800.0,0.3
T000513,C00065,2024-07-05,Mercado,Web,3,43300.0,0.0
T004776,C00612,2023-12-17,Mercado,App,3,53600.0,0.1
T005697,C00737,2024-08-25,Hogar,App,3,183100.0,0.0
T001725,C00215,2025-05-08,Mercado,Web,2,40600.0,0.0
T003649,C00462,2024-09-04,Moda,Tienda,1,216600.0,0.0
T006102,C00793,2024-11-18,Belleza,App,2,42000.0,0.0
T004128,C00529,2024-03-31,Hogar,Tienda,3,81100.0,0.0
T002149,C00268,2025-01-14,Moda,App,2,121600.0,0.0
T000933,C00119,2024-11-22,Moda,Tienda,3,192600.0,0.0
T003233,C00410,2024-09-25,Hogar,Tienda,2,84200.0,0.0
T002845,C00356,2024-01-19,Moda,Tienda,2,199800.0,0.0
T000440,C00054,2024-02-15,Moda,App,2,233000.0,0.0
T001775,C00223,2023-07-29,Hogar,Tienda,3,126300.0,0.0
T003743,C00473,2024-09-28,Moda,App,2,133100.0,0.0
T006882,C00911,2024-01-11,Moda,App,1,196000.0,0.0
T002123,C00265,2024-11-11,Moda,Tienda,1,75000.0,0.0
T007479,C00987,2025-03-20,Moda,Tienda,2,65100.0,0.0
T007597,C01001,2024-01-23,Belleza,Tienda,2,53200.0,0.3
T000966,C00124,2025-03-25,Mercado,Web,2,64900.0,0.0
T000178,C00021,2024-09-18,Moda,Tienda,1,187100.0,0.0
T001857,C00234,2025-05-17,Moda,Tienda,2,160700.0,0.0
T004775,C00612,2024-03-28,Hogar,Tienda,3,83100.0,0.0
T007883,C01038,2024-05-10,Hogar,Web,2,129700.0,0.0
T004918,C00636,2024-04-16,Moda,Tienda,3,103600.0,0.0
T004089,C00524,2023-07-06,Hogar,Web,2,186700.0,0.0
T006357,C00833,2023-07-10,Hogar,App,3,122900.0,0.0
T006105,C00793,2023-09-20,Hogar,App,1,159900.0,0.0
T002820,C00352,2023-06-14,Mercado,Tienda,2,31000.0,0.0
T006467,C00850,2024-12-07,Hogar,App,3,101800.0,0.0
T010333,C01384,2024-08-24,Belleza,Tienda,3,85900.0,0.0
T002815,C00351,2025-02-16,Belleza,App,1,61800.0,0.0
T007075,C00938,2024-05-09,Hogar,Web,2,138700.0,0.0
T005075,C00653,2024-04-15,Belleza,Tienda,1,39400.0,0.0
T008495,C01126,2024-09-27,Belleza,Tienda,1,32000.0,0.0
T007404,C00976,2024-03-20,Mercado,App,1,55800.0,0.0
T007188,C00951,2024-09-02,Mercado,Tienda,2,53900.0,0.0
T003255,C00411,2023-01-06,Hogar,App,2,128400.0,0.0
T001622,C00204,2024-01-19,Mercado,Tienda,2,41300.0,0.0
T007396,C00976,2024-05-20,Mercado,Tienda,2,39500.0,0.2
T007060,C00936,2023-02-15,Mercado,App,2,40500.0,0.1
T010243,C01375,2025-02-28,Tecnología,Tienda,3,695500.0,0.0
T010719,C01441,2023-08-01,Belleza,Web,3,90300.0,0.0
T004595,C00592,2024-05-07,Hogar,App,2,116200.0,0.0
T001392,C00172,2024-01-04,Belleza,Tienda,3,56300.0,0.0
T008827,C01165,2024-03-04,Moda,Tienda,3,52100.0,0.0
T003838,C00483,2024-07-30,Mercado,Tienda,3,49300.0,0.0
T002146,C00267,2024-07-02,Hogar,App,2,72500.0,0.1
T006165,C00801,2024-12-01,Mercado,Tienda,2,42800.0,0.0
T009230,C01229,2024-07-16,Mercado,Tienda,3,17100.0,0.0
T005612,C00726,2024-04-20,Mercado,Web,3,58500.0,0.0
T000188,C00021,2024-12-31,Hogar,Tienda,2,168000.0,0.0
T001984,C00249,2025-05-03,Mercado,Web,2,73600.0,0.0
T009074,C01204,2024-05-30,Moda,Web,3,99200.0,0.0
T004390,C00565,2024-07-09,Mercado,Web,2,58400.0,0.3
T002892,C00362,2025-01-24,Moda,App,2,75400.0,0.0
T004225,C00539,2023-12-02,Moda,Tienda,2,175900.0,0.0
T010200,C01370,2025-05-23,Hogar,Tienda,1,116900.0,0.0
T010190,C01369,2023-12-29,Mercado,App,2,48400.0,0.3
T005700,C00738,2024-08-27,Mercado,App,2,49600.0,0.2
T010052,C01352,2025-03-06,Hogar,App,3,154900.0,0.2
T005839,C00755,2025-05-17,Hogar,Web,1,123300.0,0.0
T001097,C00140,2023-12-30,Tecnología,Web,1,817400.0,0.0
T004095,C00525,2024-01-06,Hogar,Tienda,2,146300.0,0.0
T002502,C00313,2025-03-09,Tecnología,Tienda,3,503200.0,0.0
T010077,C01355,2024-03-11,Mercado,Tienda,2,59800.0,0.0
T004978,C00641,2023-07-09,Belleza,App,1,83400.0,0.0
T005116,C00661,2023-05-08,Belleza,Tienda,3,94700.0,0.0
T010038,C01350,2024-01-04,Mercado,App,2,45500.0,0.0
T007660,C01010,2024-01-05,Mercado,App,2,52000.0,0.0
T004274,C00549,2023-12-21,Hogar,App,3,120000.0,0.1
T001918,C00240,2025-03-13,Mercado,Web,1,38600.0,0.0
T008396,C01113,2023-06-13,Mercado,Tienda,3,42700.0,0.0
T005752,C00746,2024-08-30,Tecnología,Tienda,3,585700.0,0.0
T003385,C00427,2024-08-24,Belleza,Tienda,2,70200.0,0.0
T001127,C00143,2025-05-05,Belleza,Web,1,70200.0,0.0
T005226,C00675,2025-06-03,Mercado,Tienda,1,50200.0,0.2
T004386,C00565,2024-04-10,Mercado,App,3,62000.0,0.2
T006192,C00807,2024-10-10,Hogar,App,2,100800.0,0.0
T004256,C00546,2025-02-03,Tecnología,App,1,402600.0,0.0
T007665,C01010,2024-10-08,Hogar,App,2,157200.0,0.0
T000907,C00116,2024-06-28,Hogar,Tienda,1,100000.0,0.0
T005996,C00776,2023-09-08,Hogar,Tienda,1,104800.0,0.0
T005818,C00754,2024-07-08,Moda,Tienda,2,105800.0,0.2
T005029,C00647,2024-09-20,Mercado,App,1,29700.0,0.0
T008068,C01068,2025-03-20,Mercado,Web,3,63000.0,0.0
T002116,C00265,2024-09-13,Belleza,Tienda,1,105300.0,0.3
T010327,C01384,2025-05-30,Mercado,Tienda,3,54400.0,0.0
T003107,C00391,2024-08-21,Mercado,Tienda,1,72200.0,0.0
T001415,C00175,2024-03-13,Hogar,Tienda,2,108000.0,0.0
T004725,C00604,2024-01-17,Hogar,Tienda,1,79600.0,0.0
T000801,C00102,2024-06-07,Mercado,App,2,75200.0,0.3
T006430,C00843,2025-06-11,Hogar,Tienda,1,173600.0,0.3
T008899,C01177,2024-03-24,Moda,Tienda,2,152400.0,0.0
T003745,C00473,2024-05-31,Belleza,Tienda,3,62000.0,0.0
T009232,C01229,2024-08-07,Mercado,App,1,50400.0,0.0
T005250,C00677,2025-04-25,Belleza,Tienda,3,45200.0,0.0
T008444,C01119,2025-03-05,Tecnología,App,2,532500.0,0.0
T005080,C00654,2024-10-11,Tecnología,App,1,993500.0,0.0
T009738,C01309,2024-11-02,Moda,Tienda,1,147800.0,0.0
T005789,C00750,2024-04-29,Mercado,Tienda,3,28500.0,0.0
T007130,C00942,2024-04-05,Moda,Tienda,3,136300.0,0.0
T007296,C00965,2024-05-22,Belleza,Tienda,2,20700.0,0.0
T000906,C00116,2024-10-04,Hogar,Tienda,1,174000.0,0.1
T006082,C00789,2024-08-22,Belleza,App,1,70300.0,0.0
T001898,C00237,2024-01-27,Tecnología,Tienda,1,710300.0,0.0
T006670,C00879,2025-06-27,Belleza,App,1,64400.0,0.0
T005290,C00684,2024-08-19,Mercado,Tienda,2,56300.0,0.0
T007015,C00926,2024-01-17,Mercado,Tienda,2,49000.0,0.0
T000545,C00068,2023-11-22,Mercado,Tienda,3,41200.0,0.2
T008699,C01153,2024-06-28,Mercado,Web,1,53900.0,0.0
T010998,C01480,2024-07-16,Mercado,Tienda,2,43200.0,0.2
T003882,C00488,2024-08-11,Mercado,Web,3,50000.0,0.0
T009426,C01257,2024-04-30,Moda,Tienda,1,138600.0,0.0
T001908,C00238,2024-07-26,Hogar,Web,1,92400.0,0.0
T006144,C00800,2025-02-23,Belleza,Tienda,2,52500.0,0.0
T009845,C01322,2024-03-23,Mercado,Tienda,1,28600.0,0.1
T005321,C00688,2024-01-01,Tecnología,Tienda,2,479000.0,0.0
T008865,C01173,2023-07-23,Mercado,App,1,50700.0,0.3
T006906,C00914,2024-11-23,Moda,Tienda,2,143300.0,0.0
T006522,C00857,2025-02-26,Hogar,Tienda,2,88500.0,0.0
T003038,C00381,2023-04-24,Mercado,Web,2,50200.0,0.0
T009875,C01325,2024-11-15,Mercado,App,1,33400.0,0.0
T007516,C00991,2023-12-28,Belleza,Tienda,2,69200.0,0.0
T006888,C00912,2025-03-29,Mercado,Web,2,40100.0,0.0
T005594,C00724,2024-10-22,Hogar,App,1,201900.0,0.0
T001861,C00235,2024-07-14,Hogar,Tienda,3,158400.0,0.0
T007355,C00970,2025-01-16,Belleza,Tienda,3,80700.0,0.0
T005922,C00766,2024-02-17,Belleza,App,1,108900.0,0.0
T000868,C00113,2024-08-09,Tecnología,Tienda,1,316300.0,0.1
T008541,C01131,2023-12-09,Moda,App,3,128500.0,0.0
T000848,C00109,2024-06-08,Hogar,Tienda,1,93900.0,0.0
T008159,C01082,2023-05-21,Hogar,Tienda,1,82200.0,0.0
T005188,C00671,2025-03-01,Moda,App,1,122500.0,0.0
T002677,C00333,2025-01-06,Mercado,App,2,34900.0,0.0
T006277,C00820,2024-05-19,Belleza,App,3,68400.0,0.0
T008331,C01104,2025-02-08,Moda,Tienda,3,88200.0,0.0
T000326,C00041,2024-07-10,Moda,Tienda,3,152300.0,0.0
T010556,C01416,2024-04-08,Moda,Tienda,3,158700.0,0.0
T007327,C00968,2024-05-18,Belleza,App,3,71000.0,0.0
T008246,C01094,2023-09-11,Mercado,Tienda,1,52500.0,0.0
T006241,C00815,2024-01-18,Mercado,Web,2,44800.0,0.0
T006382,C00836,2025-02-18,Mercado,Web,1,29700.0,0.0
T004890,C00632,2024-11-24,Mercado,Web,1,25100.0,0.0
T007228,C00957,2023-05-29,Mercado,App,1,35800.0,0.3
T008192,C01085,2025-05-07,Mercado,Tienda,1,47000.0,0.0
T004349,C00558,2024-02-10,Hogar,Tienda,1,118800.0,0.0
T002687,C00335,2024-03-20,Moda,Tienda,2,204200.0,0.2
T001434,C00180,2023-08-18,Hogar,App,3,137500.0,0.0
T007347,C00969,2025-04-01,Moda,Tienda,2,116600.0,0.3
T006740,C00892,2023-05-18,Mercado,App,2,30800.0,0.0
T001539,C00193,2024-01-16,Mercado,App,1,66700.0,0.0
T006735,C00891,2023-06-25,Belleza,Web,3,87800.0,0.0
T001000,C00130,2024-07-11,Tecnología,Tienda,1,559200.0,0.0
T005514,C00715,2025-02-03,Mercado,Tienda,3,58300.0,0.0
T000315,C00039,2025-03-06,Mercado,Web,3,54200.0,0.0
T001164,C00146,2024-06-29,Mercado,Tienda,1,27500.0,0.0
T004824,C00622,2023-11-23,Moda,App,3,208700.0,0.0
T003333,C00423,2024-06-12,Mercado,Web,1,34900.0,0.0
T010767,C01447,2025-05-31,Hogar,App,2,152000.0,0.0
T005670,C00732,2025-06-07,Belleza,App,3,60900.0,0.0
T001580,C00198,2025-02-11,Hogar,App,1,108000.0,0.0
T010702,C01440,2024-07-13,Belleza,Web,1,59800.0,0.1
T007222,C00955,2024-12-03,Tecnología,Tienda,2,652200.0,0.2
T006024,C00781,2024-06-10,Mercado,App,3,43100.0,0.3
T008375,C01112,2024-11-29,Hogar,App,2,136200.0,0.0
T002423,C00305,2025-05-29,Mercado,Tienda,2,38700.0,0.0
T007000,C00924,2023-12-29,Mercado,Tienda,2,55600.0,0.3
T006307,C00823,2023-10-19,Hogar,Tienda,2,200400.0,0.0
T010159,C01363,2024-11-22,Moda,App,2,156400.0,0.2
T006723,C00886,2024-09-12,Mercado,Web,1,44100.0,0.0
T007196,C00951,2024-04-26,Belleza,Tienda,3,69200.0,0.0
T000942,C00120,2023-08-20,Belleza,Tienda,2,70600.0,0.2
T006475,C00850,2024-05-18,Mercado,App,-1,35300.0,0.0
T002277,C00284,2023-10-14,Mercado,Tienda,3,64500.0,0.0
T003418,C00430,2024-07-02,Hogar,Web,2,73400.0,0.0
T007877,C01037,2024-11-09,Hogar,App,2,161000.0,0.2
T008786,C01161,2023-10-10,Mercado,App,3,23200.0,0.0
T000470,C00059,2024-08-09,Belleza,App,2,111700.0,0.0
T011024,C01484,2023-11-18,Moda,App,1,104200.0,0.0
T007544,C00994,2023-05-21,Moda,App,3,87900.0,0.0
T002370,C00300,2025-04-13,Hogar,Tienda,3,115200.0,0.0
T002956,C00369,2024-04-07,Mercado,Tienda,1,30600.0,0.0
T010248,C01376,2024-02-27,Hogar,Web,3,117000.0,0.0
T008357,C01108,2025-06-21,Moda,Tienda,2,115100.0,0.0
T009677,C01297,2025-03-12,Belleza,Tienda,2,133600.0,0.0
T004347,C00557,2024-11-25,Belleza,Tienda,2,57400.0,0.0
T011029,C01484,2023-06-03,Belleza,Tienda,3,75800.0,0.0
T005181,C00671,2024-10-13,Hogar,Web,2,129600.0,0.0
T006922,C00916,2025-03-10,Mercado,Tienda,2,36900.0,0.3
T006958,C00919,2025-05-14,Belleza,Tienda,3,94000.0,0.0
T010161,C01363,2024-05-27,Hogar,Tienda,3,169700.0,0.0
T004125,C00529,2024-12-17,Mercado,Tienda,1,29100.0,0.0
T004738,C00606,2024-02-26,Tecnología,Tienda,1,594200.0,0.0
T006897,C00913,2024-02-07,Mercado,Tienda,1,58900.0,0.0
T003294,C00417,2023-09-23,Mercado,Tienda,3,41700.0,0.0
T005705,C00738,2024-03-19,Mercado,Web,3,84200.0,0.3
T009253,C01235,2024-08-30,Mercado,Tienda,3,31700.0,0.0
T002763,C00343,2025-01-24,Moda,Web,3,141400.0,0.0
T006130,C00798,2025-06-21,Moda,Tienda,3,134800.0,0.0
T002175,C00273,2023-07-31,Belleza,App,3,71500.0,0.0
T003420,C00430,2025-06-10,Hogar,Web,3,81900.0,0.0
T010124,C01359,2025-02-22,Hogar,Tienda,2,82200.0,0.0
T001825,C00231,2025-02-08,Moda,App,2,88300.0,0.0
T006850,C00906,2024-05-24,Hogar,Tienda,2,211800.0,0.0
T010965,C01476,2025-03-10,Mercado,App,1,52100.0,0.1
T003330,C00423,2024-10-15,Mercado,Web,3,12100.0,0.0
T004476,C00578,2024-02-22,Mercado,Tienda,3,44900.0,0.0
T004632,C00597,2024-09-29,Mercado,App,3,59100.0,0.0
T001762,C00222,2025-01-10,Mercado,Web,1,45000.0,0.0
T001575,C00197,2025-01-09,Mercado,Tienda,1,36000.0,0.3
T004448,C00572,2024-09-17,Mercado,Tienda,3,33600.0,0.0
T003496,C00436,2024-06-04,Moda,Tienda,3,159100.0,0.0
T006170,C00803,2025-06-24,Mercado,App,2,43200.0,0.0
T007561,C00996,2024-06-17,Mercado,Tienda,2,89400.0,0.0
T005265,C00678,2024-06-25,Moda,Tienda,2,124400.0,0.0
T007029,C00930,2024-11-24,Belleza,App,2,85400.0,0.0
T009308,C01243,2025-05-21,Mercado,App,1,44200.0,0.0
T009164,C01218,2025-02-09,Mercado,Tienda,1,66900.0,0.0
T010224,C01373,2024-10-27,Mercado,Tienda,2,53300.0,0.3
T008017,C01060,2023-08-22,Mercado,Web,2,45400.0,0.0
T006168,C00802,2025-04-09,Mercado,Tienda,1,45000.0,0.0
T003663,C00464,2024-09-24,Hogar,Tienda,1,146900.0,0.2
T010447,C01404,2024-10-21,Tecnología,App,3,681900.0,0.0
T001228,C00158,2024-08-25,Mercado,Tienda,3,32900.0,0.0
T004187,C00535,2024-04-15,Mercado,Tienda,1,54300.0,0.0
T005056,C00652,2024-10-18,Belleza,App,1,83500.0,0.0
T003207,C00406,2025-01-25,Hogar,App,2,,0.0
T007162,C00947,2025-01-15,Belleza,Tienda,2,65800.0,0.0
T002572,C00320,2024-03-20,Belleza,App,2,54600.0,0.0
T008193,C01085,2024-03-16,Hogar,App,3,193100.0,0.0
T001646,C00207,2024-11-18,Moda,Tienda,2,60700.0,0.0
T003498,C00437,2025-04-05,Tecnología,App,2,722400.0,0.0
T008875,C01174,2024-12-03,Mercado,Web,2,55800.0,0.2
T002282,C00285,2024-03-27,Moda,Tienda,3,137000.0,0.0
T000382,C00047,2024-11-10,Mercado,Web,1,45300.0,0.0
T010673,C01435,2023-10-19,Hogar,Tienda,3,121600.0,0.3
T008096,C01072,2025-01-11,Mercado,Tienda,3,39200.0,0.0
T009684,C01298,2024-09-15,Moda,Tienda,2,212900.0,0.0
T005469,C00710,2024-01-08,Hogar,Tienda,3,112900.0,0.0
T005012,C00645,2024-05-19,Mercado,Tienda,3,19500.0,0.3
T000705,C00087,2024-12-10,Mercado,App,3,46800.0,0.3
T004189,C00536,2023-12-23,Mercado,Tienda,3,75000.0,0.0
T000619,C00079,2024-02-19,Hogar,Web,1,130500.0,0.2
T001645,C00207,2024-11-07,Belleza,Web,1,51400.0,0.1
T006742,C00893,2025-03-04,Mercado,App,3,45800.0,0.0
T001510,C00190,2025-05-30,Hogar,App,1,130400.0,0.0
T005518,C00715,2024-11-02,Mercado,App,3,44300.0,0.0
T000224,C00026,2024-11-30,Tecnología,Web,2,876400.0,0.0
T010721,C01441,2024-12-04,Moda,Tienda,3,165000.0,0.0
T008765,C01159,2024-07-14,Mercado,Tienda,3,44300.0,0.1
T000078,C00007,2023-11-27,Tecnología,Web,2,664700.0,0.2
T002323,C00289,2025-06-06,Moda,Web,2,85200.0,0.0
T001025,C00134,2024-01-30,Mercado,App,2,39500.0,0.2
T008632,C01142,2025-03-01,Mercado,Tienda,1,47700.0,0.0
T009279,C01239,2024-03-20,Belleza,Tienda,3,85700.0,0.0
T006319,C00825,2024-02-29,Tecnología,Web,3,258100.0,0.0
T002685,C00335,2024-03-20,Moda,Tienda,1,197100.0,0.0
T003506,C00438,2023-08-28,Mercado,Tienda,1,32900.0,0.0
T000343,C00043,2023-04-27,Hogar,Tienda,3,138500.0,0.1
T005129,C00664,2023-03-19,Mercado,Tienda,3,56200.0,0.0
T008667,C01148,2025-06-07,Mercado,Web,1,69200.0,0.3
T002346,C00292,2024-06-26,Moda,App,2,165200.0,0.0
T010854,C01459,2024-01-16,Mercado,Tienda,3,62000.0,0.0
T003887,C00490,2024-01-23,Mercado,App,1,41500.0,0.1
T002643,C00331,2025-01-11,Belleza,Web,1,60100.0,0.2
T010051,C01352,2023-12-12,Moda,Tienda,3,222600.0,0.3
T000491,C00062,2024-02-12,Belleza,Web,1,53000.0,0.2
T007979,C01056,2023-08-15,Belleza,Web,1,79200.0,0.0
T003681,C00467,2024-09-06,Moda,Tienda,3,164200.0,0.0
T002276,C00284,2024-04-04,Belleza,Tienda,1,76900.0,0.0
T008566,C01133,2024-12-22,Tecnología,App,1,585700.0,0.0
T002443,C00306,2023-02-27,Hogar,Tienda,2,125500.0,0.0
T006017,C00780,2024-10-04,Moda,App,3,177200.0,0.3
T008878,C01175,2024-03-02,Hogar,Tienda,2,98400.0,0.0
T008142,C01079,2024-06-28,Belleza,Tienda,1,78900.0,0.2
T000818,C00105,2025-06-05,Tecnología,Tienda,3,760600.0,0.0
T008447,C01119,2023-06-19,Moda,Tienda,1,181100.0,0.2
T010433,C01400,2023-05-22,Hogar,Web,3,128700.0,0.0
T000002,C00001,2024-01-08,Mercado,Web,3,49200.0,0.3
T001875,C00236,2025-01-20,Mercado,Tienda,3,45000.0,0.0
T001246,C00159,2024-05-15,Mercado,Tienda,3,55400.0,0.0
T002457,C00306,2024-12-31,Mercado,Tienda,1,34900.0,0.0
T006502,C00854,2025-06-24,Mercado,App,1,40700.0,0.0
T001223,C00157,2024-10-17,Tecnología,Tienda,3,937000.0,0.0
T006774,C00896,2024-05-16,Hogar,Tienda,2,89900.0,0.0
T006846,C00905,2025-05-19,Mercado,App,3,43800.0,0.0
T008488,C01125,2023-08-15,Mercado,Web,2,63700.0,0.3
T008902,C01177,2023-08-24,Mercado,Web,1,47300.0,0.0
T002060,C00259,2024-11-01,Mercado,App,3,31500.0,0.0
T005964,C00771,2024-06-16,Mercado,Tienda,2,51600.0,0.0
T005430,C00706,2025-03-15,Mercado,App,3,46800.0,0.0
T006076,C00789,2024-08-22,Hogar,Web,2,121300.0,0.0
T006588,C00867,2025-05-21,Mercado,Tienda,1,47300.0,0.0
T002995,C00372,2024-06-03,Belleza,App,3,33400.0,0.3
T008010,C01060,2024-04-30,Hogar,Web,2,135900.0,0.0
T005935,C00768,2024-05-30,Moda,Tienda,3,113800.0,0.0
T002971,C00370,2025-02-04,Belleza,Tienda,3,106600.0,0.0
T002197,C00275,2024-06-23,Hogar,App,1,180100.0,0.0
T006542,C00861,2025-05-24,Moda,Web,3,170400.0,0.1
T008671,C01149,2024-10-08,Hogar,Tienda,3,113100.0,0.0
T011124,C01499,2025-01-02,Mercado,Tienda,3,51600.0,0.0
T010135,C01361,2024-07-23,Hogar,Tienda,1,105000.0,0.0
T009544,C01273,2024-09-24,Hogar,Web,1,122100.0,0.0
T008382,C01112,2024-04-05,Moda,Tienda,3,164100.0,0.1
T007825,C01030,2024-12-08,Moda,Tienda,3,118900.0,0.0
T009706,C01303,2024-03-26,Hogar,Tienda,2,47200.0,0.0
T009565,C01276,2025-03-12,Mercado,Web,1,50800.0,0.0
T001296,C00164,2025-05-15,Moda,App,1,43100.0,0.0
T002486,C00311,2025-06-26,Hogar,Tienda,1,119500.0,0.0
T008748,C01159,2025-02-27,Mercado,App,2,47100.0,0.0
T010953,C01474,2023-12-13,Belleza,Tienda,3,85100.0,0.0
T009303,C01243,2024-10-18,Mercado,Web,2,54200.0,0.3
T001189,C00151,2024-03-23,Tecnología,Web,1,687000.0,0.0
T003720,C00471,2024-10-28,Mercado,Web,3,35700.0,0.0
T005217,C00674,2024-10-09,Mercado,App,1,70100.0,0.3
T003628,C00460,2024-03-03,Mercado,App,2,51900.0,0.0
T004794,C00615,2024-07-29,Mercado,Web,3,63700.0,0.1
T001218,C00156,2024-07-24,Mercado,Web,3,57300.0,0.0
T009180,C01220,2024-10-18,Hogar,Tienda,3,130400.0,0.2
T004423,C00570,2024-07-07,Belleza,Web,3,64500.0,0.0
T010240,C01375,2024-01-17,Mercado,Tienda,1,46800.0,0.3
T007512,C00991,2024-09-25,Moda,Tienda,1,148400.0,0.0
T007277,C00962,2025-02-25,Moda,App,3,231100.0,0.3
T005276,C00681,2024-09-24,Moda,Tienda,2,168200.0,0.0
T009900,C01329,2024-05-23,Mercado,Web,2,47700.0,0.0
T005651,C00729,2024-08-15,Belleza,Tienda,1,73000.0,0.0
T000668,C00083,2024-01-31,Hogar,Tienda,3,150500.0,0.0
T007873,C01036,2025-05-20,Moda,Tienda,1,128300.0,0.0
T004970,C00641,2024-10-07,Mercado,App,1,69800.0,0.0
T000057,C00005,2024-06-18,Tecnología,Web,1,645200.0,0.0
T009246,C01232,2025-06-18,Mercado,App,1,45100.0,0.0
T003035,C00381,2023-04-13,Belleza,Web,3,59200.0,0.0
T005599,C00724,2025-02-22,Belleza,Tienda,2,77000.0,0.0
T003421,C00430,2023-11-23,Hogar,Tienda,1,84500.0,0.0
T004094,C00525,2024-10-31,Hogar,Tienda,1,70100.0,0.0
T000704,C00086,2025-03-23,Mercado,Web,1,70400.0,0.0
T003558,C00447,2023-04-24,Hogar,App,2,95800.0,0.0
T007506,C00990,2024-11-26,Hogar,Tienda,1,95700.0,0.0
T006616,C00873,2023-11-17,Mercado,Tienda,3,71700.0,0.1
T007531,C00994,2023-07-02,Mercado,App,3,37300.0,0.3
T008209,C01087,2024-06-18,Mercado,Tienda,2,39300.0,0.1
T005531,C00717,2025-05-17,Tecnología,Tienda,2,612000.0,0.0
T004217,C00538,2025-03-24,Mercado,Web,3,16800.0,0.1
T006220,C00812,2024-08-19,Hogar,App,1,133500.0,0.0
T008327,C01103,2025-03-28,Hogar,Tienda,1,116600.0,0.0
T004098,C00525,2025-03-15,Moda,Tienda,2,166800.0,0.0
T006907,C00914,2024-11-20,Tecnología,Tienda,1,476000.0,0.0
T008630,C01142,2025-01-18,Moda,Tienda,3,150900.0,0.1
T008163,C01082,2023-09-14,Belleza,Tienda,2,93900.0,0.0
T011011,C01481,2025-03-03,Mercado,App,1,63600.0,0.0
T008038,C01064,2023-12-03,Tecnología,Tienda,3,620400.0,0.0
T003943,C00498,2023-11-27,Belleza,Tienda,3,79000.0,0.0
T003759,C00474,2023-10-12,Belleza,Tienda,2,85700.0,0.0
T008637,C01142,2024-09-17,Belleza,Tienda,2,69600.0,0.1
T006298,C00822,2024-02-08,Mercado,App,2,35200.0,0.0
T006125,C00797,2024-01-30,Mercado,Tienda,3,50700.0,0.0
T002748,C00341,2025-03-30,Mercado,Tienda,3,35600.0,0.0
T005442,C00707,2025-02-07,Mercado,Tienda,1,37700.0,0.0
T002257,C00283,2024-02-07,Moda,Web,1,124600.0,0.0
T007420,C00979,2024-07-14,Mercado,App,3,35400.0,0.0
T006523,C00857,2025-05-13,Hogar,App,2,126500.0,0.0
T001192,C00153,2024-10-07,Moda,Tienda,2,148200.0,0.0
T003607,C00454,2025-01-07,Moda,Tienda,1,145200.0,0.1
T001087,C00139,2025-02-04,Mercado,Tienda,1,48300.0,0.0
T008618,C01138,2024-11-02,Mercado,Web,1,59500.0,0.0
T003983,C00505,2025-06-11,Mercado,Web,2,37700.0,0.0
T001114,C00140,2023-12-26,Belleza,App,2,65900.0,0.3
T000275,C00032,2023-10-12,Moda,Tienda,1,86900.0,0.1
T001342,C00169,2024-04-14,Hogar,Tienda,1,67600.0,0.0
T001181,C00149,2025-03-07,Belleza,App,3,92300.0,0.0
T005562,C00721,2023-05-16,Mercado,Tienda,1,47900.0,0.0
T002524,C00317,2024-05-05,Moda,Tienda,3,135700.0,0.0
T005795,C00750,2025-01-10,Mercado,Web,2,45000.0,0.0
T003625,C00459,2024-10-04,Mercado,Web,3,57300.0,0.3
T009728,C01307,2025-06-29,Mercado,Tienda,2,27900.0,0.1
T005104,C00659,2025-05-27,Moda,App,3,197100.0,0.0
T011071,C01492,2024-12-16,Moda,Tienda,3,131800.0,0.0
T006862,C00908,2025-05-07,Moda,Tienda,3,127300.0,0.0
T005251,C00677,2024-08-07,Moda,Tienda,3,191600.0,0.0
T003301,C00418,2024-11-17,Hogar,Web,2,150300.0,0.3
T005340,C00691,2024-07-23,Hogar,App,1,69300.0,0.1
T003896,C00492,2024-05-29,Mercado,Tienda,2,53200.0,0.0
T010409,C01396,2024-05-03,Hogar,App,3,54700.0,0.0
T000871,C00113,2024-09-06,Belleza,App,3,84100.0,0.0
T005234,C00676,2023-12-19,Hogar,App,2,107000.0,0.1
T000768,C00099,2023-05-30,Tecnología,Web,2,842600.0,0.0
T001954,C00245,2024-11-23,Belleza,Tienda,2,78900.0,0.0
T008175,C01085,2025-05-16,Hogar,Tienda,2,91100.0,0.0
T003944,C00498,2025-03-06,Tecnología,App,3,914800.0,0.0
T009397,C01254,2024-09-23,Mercado,Web,3,19800.0,0.0
T001122,C00141,2024-02-24,Mercado,App,1,19600.0,0.0
T005875,C00760,2023-05-23,Hogar,Tienda,2,132100.0,0.3
T001962,C00246,2024-09-15,Mercado,Tienda,3,37200.0,0.3
T001794,C00227,2023-10-03,Moda,Tienda,3,115900.0,0.0
T003777,C00475,2024-09-14,Hogar,Tienda,2,157200.0,0.2
T000864,C00112,2024-10-24,Moda,Tienda,3,253200.0,0.0
T002723,C00339,2024-04-11,Mercado,Tienda,2,28800.0,0.0
T004442,C00572,2023-09-19,Hogar,Tienda,2,73800.0,0.2
T009467,C01265,2024-11-29,Belleza,Tienda,3,81100.0,0.0
T009512,C01270,2025-06-07,Mercado,Tienda,1,41200.0,0.0
T008243,C01093,2023-11-13,Mercado,App,3,64900.0,0.0
T007444,C00982,2025-06-08,Mercado,App,1,28500.0,0.0
T008007,C01059,2024-11-12,Mercado,App,3,44600.0,0.2
T006407,C00840,2024-10-26,Moda,App,3,225900.0,0.0
T001317,C00165,2024-08-14,Moda,Tienda,3,119000.0,0.0
T008267,C01097,2024-10-04,Mercado,Tienda,3,36100.0,0.0
T010160,C01363,2025-03-08,Hogar,App,3,165500.0,0.0
T006364,C00835,2024-11-22,Belleza,Tienda,3,109600.0,0.3
T006412,C00841,2025-05-26,Tecnología,Tienda,3,106200.0,0.2
T005489,C00713,2025-02-27,Moda,App,3,150200.0,0.1
T001217,C00156,2025-02-25,Moda,Tienda,3,162800.0,0.0
T004093,C00524,2024-06-30,Mercado,App,3,58200.0,0.0
T009036,C01198,2024-11-14,Mercado,Tienda,3,54100.0,0.2
T002339,C00291,2025-05-12,Belleza,Tienda,1,105400.0,0.0
T006842,C00905,2024-10-10,Moda,Tienda,2,167500.0,0.0
T009478,C01265,2025-03-07,Tecnología,App,2,380600.0,0.1
T010187,C01368,2024-09-02,Mercado,Tienda,2,18000.0,0.0
T000479,C00060,2023-03-07,Mercado,App,3,46000.0,0.0
T003462,C00435,2023-03-15,Moda,Tienda,2,224200.0,0.0
T008047,C01065,2025-05-02,Mercado,App,1,55600.0,0.0
T006861,C00908,2024-04-27,Tecnología,Tienda,3,810100.0,0.2
T004666,C00599,2023-12-22,Hogar,Tienda,1,159100.0,0.0
T005307,C00686,2024-03-11,Mercado,Tienda,3,57300.0,0.0
T000575,C00073,2024-11-09,Mercado,Web,3,58200.0,0.0
T001457,C00184,2025-06-14,Belleza,Tienda,3,77300.0,0.0
T007683,C01014,2024-08-17,Moda,Tienda,3,167000.0,0.3
T005900,C00762,2024-02-08,Hogar,App,3,73300.0,0.1
T003669,C00464,2024-08-27,Mercado,Tienda,1,59700.0,0.0
T006918,C00915,2024-11-21,Hogar,App,3,162000.0,0.1
T005132,C00664,2024-04-11,Moda,Tienda,3,126000.0,0.3
T005886,C00760,2023-04-29,Moda,App,3,182800.0,0.0
T005060,C00652,2025-05-18,Tecnología,Tienda,2,566100.0,0.1
T008847,C01169,2024-09-30,Belleza,Tienda,2,46500.0,0.0
T005117,C00661,2024-02-01,Mercado,Tienda,2,45700.0,0.0
T007394,C00976,2025-03-17,Tecnología,Tienda,3,557800.0,0.1
T003807,C00480,2024-06-13,Mercado,Web,3,43500.0,0.0
T009172,C01219,2024-02-22,Mercado,Tienda,2,54400.0,0.0
T003741,C00473,2024-02-17,Hogar,Tienda,3,175600.0,0.0
T001234,C00158,2024-09-15,Moda,Web,3,183900.0,0.0
T007427,C00980,2024-11-03,Tecnología,Tienda,1,830800.0,0.1
T004008,C00510,2023-09-01,Hogar,Tienda,3,106500.0,0.0
T002562,C00318,2024-04-08,Hogar,App,1,85000.0,0.0
T008633,C01142,2025-06-07,Mercado,App,1,36400.0,0.2
T006766,C00896,2024-06-25,Mercado,Tienda,3,47800.0,0.0
T007329,C00968,2024-10-25,Mercado,App,3,37900.0,0.0
T000984,C00129,2025-01-02,Hogar,App,3,85100.0,0.0
T006801,C00899,2025-01-12,Mercado,App,3,49300.0,0.0
T010073,C01355,2023-10-30,Belleza,Tienda,1,56100.0,0.0
T008398,C01113,2023-07-28,Mercado,App,1,42800.0,0.0
T003361,C00426,2024-08-14,Moda,Web,1,145600.0,0.0
T002105,C00263,2024-09-30,Belleza,Web,2,89400.0,0.0
T001409,C00175,2024-03-20,Mercado,Tienda,3,57400.0,0.0
T011035,C01485,2025-02-10,Moda,App,2,138200.0,0.0
T006158,C00801,2024-05-05,Moda,Tienda,2,127900.0,0.0
T007400,C00976,2023-12-29,Moda,Tienda,1,107000.0,0.0
T008724,C01158,2025-02-08,Mercado,Web,2,43500.0,0.1
T003723,C00471,2025-06-09,Belleza,Tienda,3,41700.0,0.0
T005899,C00762,2023-09-26,Hogar,App,2,141300.0,0.0
T000980,C00129,2025-02-16,Belleza,App,1,75100.0,0.0
T005431,C00706,2025-06-25,Mercado,Web,3,60200.0,0.0
T000590,C00075,2023-08-17,Mercado,App,1,92000.0,0.3
T010097,C01357,2023-10-10,Moda,App,1,133500.0,0.0
T007405,C00976,2024-03-07,Mercado,Tienda,1,19100.0,0.0
T009643,C01290,2024-10-04,Belleza,Tienda,2,53200.0,0.0
T001174,C00148,2024-10-17,Moda,Tienda,3,17600.0,0.0
T007750,C01018,2023-12-05,Moda,Tienda,2,132500.0,0.0
T008798,C01163,2025-01-04,Hogar,Web,3,117500.0,0.3
T009978,C01341,2023-11-01,Mercado,App,1,56400.0,0.0
T008368,C01111,2024-03-16,Hogar,App,2,37700.0,0.3
T007179,C00950,2024-07-26,Belleza,Tienda,2,61100.0,0.0
T005310,C00686,2023-10-30,Mercado,App,2,44200.0,0.0
T001481,C00187,2024-12-04,Moda,App,2,150800.0,0.1
T000413,C00051,2025-06-23,Belleza,Tienda,2,106300.0,0.0
T009583,C01280,2025-02-12,Hogar,App,3,133800.0,0.1
T009534,C01273,2024-06-19,Tecnología,Tienda,2,827800.0,0.0
T010270,C01379,2024-06-11,Mercado,Tienda,1,32000.0,0.0
T003744,C00473,2024-07-23,Mercado,Web,3,44200.0,0.0
T006297,C00822,2024-03-08,Belleza,App,3,95700.0,0.1
T003631,C00460,2023-11-17,Hogar,Web,1,132700.0,0.2
T006537,C00860,2024-09-13,Tecnología,Tienda,3,811500.0,0.0
T011048,C01487,2024-01-30,Hogar,Tienda,3,119800.0,0.0
T000079,C00008,2024-11-13,Hogar,Tienda,2,84700.0,0.2
T008457,C01120,2024-12-08,Moda,App,3,171000.0,0.1
T004395,C00566,2025-02-21,Tecnología,Tienda,3,500800.0,0.0
T001599,C00201,2024-03-25,Mercado,Tienda,2,53400.0,0.1
T003957,C00500,2024-07-23,Mercado,Web,3,21500.0,0.0
T010757,C01446,2024-05-19,Belleza,Tienda,2,43500.0,0.1
T001179,C00149,2025-04-06,Hogar,App,1,124300.0,0.0
T010263,C01378,2024-06-27,Mercado,Web,3,40600.0,0.0
T008161,C01082,2025-05-21,Mercado,App,1,41500.0,0.0
T002387,C00302,2024-08-22,Hogar,App,1,84600.0,0.0
T007760,C01019,2023-07-27,Mercado,Tienda,2,28800.0,0.3
T005527,C00717,2024-07-04,Moda,App,3,131800.0,0.0
T007254,C00959,2023-09-22,Mercado,App,2,43100.0,0.0
T010468,C01407,2023-05-29,Hogar,App,1,120500.0,0.0
T009533,C01273,2024-07-31,Tecnología,Tienda,2,676200.0,0.2
T003453,C00434,2025-01-16,Tecnología,Web,2,506100.0,0.0
T007730,C01016,2024-06-12,Belleza,Tienda,3,51100.0,0.2
T003238,C00410,2023-07-18,Mercado,Web,3,62300.0,0.2
T002641,C00330,2023-08-05,Mercado,Tienda,3,40500.0,0.0
T005645,C00728,2023-11-22,Mercado,Web,3,31100.0,0.0
T008203,C01086,2025-02-14,Hogar,Tienda,3,82400.0,0.0
T000439,C00054,2024-06-13,Mercado,App,3,40000.0,0.0
T009559,C01275,2024-11-10,Mercado,App,3,45900.0,0.3
T000972,C00127,2023-06-07,Hogar,Web,2,38300.0,0.0
T009675,C01296,2024-08-23,Belleza,Tienda,1,5000.0,0.0
T008862,C01172,2025-01-28,Mercado,App,3,50200.0,0.1
T005289,C00684,2024-12-04,Mercado,App,2,50800.0,0.0
T004222,C00538,2024-08-15,Mercado,Tienda,1,61900.0,0.0
T002306,C00286,2024-08-14,Belleza,Tienda,3,100400.0,0.0
T010848,C01459,2025-02-28,Moda,App,1,136900.0,0.0
T010935,C01472,2025-06-08,Moda,Tienda,2,130700.0,0.0
T001927,C00241,2025-02-16,Belleza,Web,2,71600.0,0.0
T001338,C00169,2024-06-13,Moda,Web,3,178900.0,0.2
T003588,C00452,2024-11-30,Belleza,Tienda,1,131600.0,0.1
T007305,C00966,2025-03-07,Mercado,Tienda,3,34000.0,0.0
T006108,C00794,2025-04-16,Moda,Tienda,1,180800.0,0.0
T003077,C00388,2025-02-01,Moda,Tienda,3,159700.0,0.0
T000629,C00081,2025-01-20,Moda,Web,2,140000.0,0.0
T000410,C00051,2024-09-22,Moda,Tienda,2,152100.0,0.1
T010919,C01470,2025-03-21,Mercado,App,3,33100.0,0.0
T005837,C00755,2024-08-10,Mercado,App,1,23800.0,0.0
T005760,C00747,2025-02-04,Mercado,Tienda,2,47200.0,0.0
T001199,C00154,2024-08-18,Hogar,App,2,126400.0,0.0
T007638,C01007,2023-12-21,Mercado,Tienda,3,53100.0,0.0
T002680,C00334,2023-05-15,Moda,Web,1,189100.0,0.1
T009394,C01254,2023-07-01,Belleza,Web,2,57700.0,0.0
T005396,C00700,2025-01-09,Mercado,Tienda,1,29600.0,0.0
T005331,C00689,2024-08-06,Mercado,Web,2,23400.0,0.0
T004110,C00526,2024-10-16,Hogar,Tienda,1,142800.0,0.0
T006628,C00874,2025-01-20,Mercado,Web,2,41700.0,0.1
T000761,C00097,2023-08-26,Moda,Tienda,1,119200.0,0.0
T008140,C01079,2025-01-15,Tecnología,App,1,920800.0,0.0
T005941,C00768,2024-04-24,Hogar,Web,3,57900.0,0.2
T004753,C00609,2024-02-17,Tecnología,App,3,974300.0,0.0
T004079,C00522,2025-04-22,Tecnología,App,1,646400.0,0.0
T007286,C00963,2024-10-04,Mercado,Tienda,2,44100.0,0.0
T005064,C00652,2025-06-21,Tecnología,Tienda,2,854400.0,0.3
T010758,C01446,2023-06-30,Belleza,Tienda,1,96200.0,0.0
T007919,C01046,2024-06-13,Tecnología,Tienda,1,327200.0,0.0
T006747,C00893,2025-04-21,Moda,Tienda,1,212200.0,0.0
T010957,C01475,2025-06-15,Belleza,Web,1,81000.0,0.0
T005759,C00747,2025-01-15,Mercado,Tienda,1,35600.0,0.0
T009793,C01318,2025-04-10,Mercado,Web,1,44700.0,0.3
T010404,C01396,2025-04-11,Mercado,Tienda,1,38900.0,0.0
T005232,C00676,2024-04-17,Tecnología,App,3,731300.0,0.0
T009786,C01317,2024-03-04,Mercado,Tienda,3,56800.0,0.0
T001459,C00184,2024-09-04,Mercado,Tienda,3,53000.0,0.0
T004579,C00590,2024-05-21,Moda,Web,1,152900.0,0.1
T010595,C01423,2024-12-12,Hogar,App,2,124600.0,0.0
T010371,C01390,2025-04-02,Belleza,Web,1,71800.0,0.0
T003112,C00392,2024-07-31,Belleza,Tienda,1,47900.0,0.0
T010474,C01408,2024-07-15,Mercado,Tienda,1,59300.0,0.0
T000694,C00085,2024-03-05,Belleza,Tienda,3,72800.0,0.0
T005089,C00656,2025-06-01,Tecnología,App,3,904600.0,0.0
T006217,C00811,2023-12-10,Hogar,Web,1,115100.0,0.1
T006659,C00878,2025-01-04,Mercado,Tienda,3,68600.0,0.1
T010593,C01422,2025-01-10,Belleza,Web,3,10600.0,0.1
T005636,C00728,2024-04-28,Moda,Tienda,2,171500.0,0.0
T009771,C01314,2025-03-23,Hogar,Tienda,1,51500.0,0.0
T010253,C01377,2023-01-28,Belleza,App,3,44400.0,0.1
T002018,C00253,2024-04-06,Belleza,Web,2,54700.0,0.0
T002985,C00371,2023-06-30,Belleza,Web,1,93200.0,0.0
T002352,C00293,2024-11-27,Belleza,Tienda,2,76000.0,0.3
T005630,C00728,2024-10-27,Mercado,App,3,21800.0,0.0
T006838,C00904,2023-10-12,Moda,App,2,151300.0,0.0
T008097,C01072,2024-05-25,Belleza,App,3,55600.0,0.0
T006003,C00777,2024-10-04,Hogar,Tienda,3,133900.0,0.0
T006485,C00851,2023-08-21,Moda,Tienda,2,55800.0,0.0
T009563,C01275,2023-11-16,Mercado,Web,2,59100.0,0.0
T006965,C00919,2024-08-27,Tecnología,Tienda,1,800100.0,0.0
T005425,C00705,2024-05-05,Moda,App,2,150900.0,0.0
T006956,C00919,2025-02-21,Tecnología,Tienda,3,1158400.0,0.0
T008235,C01092,2023-06-28,Belleza,Tienda,3,55300.0,0.0
T009433,C01259,2024-05-19,Mercado,App,2,49200.0,0.0
T001419,C00176,2025-03-28,Mercado,Web,3,43600.0,0.0
T000879,C00114,2024-11-22,Mercado,App,1,24100.0,0.0
T001484,C00187,2024-07-01,Mercado,Tienda,3,57000.0,0.0
T000056,C00005,2024-06-09,Mercado,Tienda,1,35900.0,0.0
T009072,C01204,2025-03-13,Mercado,Tienda,1,34400.0,0.3
T001319,C00165,2024-05-05,Tecnología,Tienda,2,676900.0,0.0
T002634,C00328,2023-10-30,Hogar,Web,2,114800.0,0.0
T004123,C00529,2024-08-04,Hogar,Web,2,119600.0,0.0
T001239,C00158,2024-08-23,Mercado,App,1,56400.0,0.0
T001514,C00190,2025-02-01,Hogar,Tienda,3,71200.0,0.0
T008328,C01103,2024-09-19,Hogar,Tienda,1,181900.0,0.0
T010451,C01404,2024-12-30,Belleza,Web,3,66900.0,0.2
T002829,C00354,2024-07-19,Mercado,Tienda,1,46500.0,0.0
T005474,C00711,2023-12-05,Mercado,Tienda,3,25900.0,0.2
T009724,C01306,2024-12-01,Moda,Tienda,3,138200.0,0.0
T008034,C01063,2025-05-12,Moda,Tienda,2,163500.0,0.0
T006200,C00809,2024-10-21,Mercado,App,3,60100.0,0.1
T006608,C00871,2024-02-14,Mercado,Tienda,1,69500.0,0.0
T005097,C00658,2023-06-17,Mercado,Web,1,24900.0,0.0
T007830,C01030,2024-01-07,Belleza,App,3,70000.0,0.2
T010055,C01353,2023-05-10,Moda,Tienda,2,161100.0,0.0
T003929,C00497,2024-04-14,Hogar,Tienda,3,116800.0,0.0
T004493,C00581,2025-05-29,Hogar,Tienda,3,126800.0,0.0
T009691,C01298,2023-11-21,Mercado,Tienda,3,24400.0,0.3
T004150,C00530,2024-11-10,Mercado,Tienda,3,62200.0,0.3
T006390,C00838,2024-01-26,Moda,Web,3,180700.0,0.0
T000179,C00021,2023-05-04,Mercado,App,1,29300.0,0.0
T007345,C00969,2024-09-07,Tecnología,Web,3,841600.0,0.0
T004604,C00593,2024-02-06,Mercado,Tienda,2,36200.0,0.2
T008493,C01126,2025-01-04,Hogar,App,3,153300.0,0.3
T005649,C00728,2024-04-16,Mercado,Tienda,2,34300.0,0.2
T009856,C01324,2024-12-09,Hogar,App,1,151900.0,0.0
T009780,C01315,2024-03-28,Mercado,Tienda,2,38500.0,0.0
T009194,C01223,2024-08-21,Moda,Web,3,159800.0,0.0
T003591,C00452,2025-04-22,Hogar,Web,1,105500.0,0.0
T004823,C00622,2024-01-14,Hogar,App,2,120800.0,0.0
T000229,C00026,2024-08-21,Mercado,App,2,41200.0,0.0
T000819,C00106,2025-03-19,Hogar,Web,2,167200.0,0.0
T009181,C01220,2024-12-04,Hogar,App,3,92200.0,0.0
T000030,C00002,2024-04-23,Hogar,Web,3,110600.0,0.0
T009850,C01323,2025-04-29,Mercado,App,3,54300.0,0.1
T000562,C00072,2025-06-06,Mercado,App,1,43400.0,0.2
T008418,C01115,2024-04-06,Mercado,App,1,32200.0,0.0
T004102,C00525,2025-02-28,Mercado,Tienda,3,19900.0,0.0
T004129,C00529,2023-09-12,Tecnología,App,1,599800.0,0.0
T003011,C00377,2024-03-18,Mercado,Web,1,13600.0,0.0
T007891,C01039,2023-09-28,Tecnología,Tienda,1,510200.0,0.0
T008861,C01172,2025-02-13,Mercado,Tienda,2,44900.0,0.3
T003007,C00376,2024-07-22,Mercado,Tienda,2,52700.0,0.0
T005455,C00708,2024-08-17,Mercado,Tienda,2,54300.0,0.0
T005503,C00714,2024-08-02,Moda,App,2,123400.0,0.0
T003540,C00443,2024-08-24,Belleza,App,1,96500.0,0.3
T005493,C00714,2024-04-14,Hogar,App,3,154200.0,0.0
T008344,C01106,2024-03-27,Hogar,App,3,87300.0,0.1
T001803,C00228,2024-04-24,Belleza,Tienda,2,34200.0,0.0
T010638,C01431,2023-12-06,Mercado,Web,1,62600.0,0.0
T000703,C00086,2025-03-18,Belleza,App,3,100000.0,0.3
T007598,C01001,2023-12-26,Mercado,Tienda,3,52600.0,0.2
T002318,C00288,2024-01-14,Belleza,Tienda,2,71300.0,0.3
T001445,C00182,2025-03-03,Belleza,Tienda,1,49300.0,0.0
T002951,C00368,2023-06-30,Moda,Tienda,3,152800.0,0.0
T003518,C00440,2023-07-10,Moda,Web,1,178000.0,0.0
T009047,C01199,2025-05-13,Tecnología,Tienda,1,340600.0,0.0
T010025,C01348,2024-04-25,Hogar,Tienda,2,114300.0,0.0
T007210,C00953,2025-04-15,Mercado,App,3,30600.0,0.0
T002882,C00361,2023-06-07,Tecnología,Tienda,3,731700.0,0.3
T008009,C01060,2024-06-20,Hogar,Web,1,97800.0,0.1
T005622,C00727,2023-05-29,Hogar,Tienda,1,104400.0,0.1
T006193,C00808,2024-05-21,Mercado,Web,1,60900.0,0.1
T002338,C00291,2024-07-12,Mercado,App,2,60200.0,0.0
T008399,C01113,2024-01-09,Mercado,Tienda,3,48600.0,0.0
T005498,C00714,2024-06-12,Tecnología,Tienda,2,399200.0,0.0
T009340,C01249,2025-05-10,Hogar,Tienda,3,132900.0,0.0
T007118,C00941,2025-06-23,Belleza,Web,2,24100.0,0.3
T005918,C00765,2025-02-22,Belleza,Tienda,2,88900.0,0.0
T005507,C00714,2024-06-15,Mercado,Tienda,1,28500.0,0.0
T003298,C00417,2025-05-02,Tecnología,Tienda,3,540600.0,0.0
T003239,C00410,2023-12-23,Mercado,App,1,59000.0,0.1
T006777,C00896,2024-08-12,Mercado,Tienda,3,46600.0,0.0
T006920,C00916,2024-12-04,Belleza,App,2,95800.0,0.3
T004986,C00643,2023-03-27,Tecnología,Tienda,3,760700.0,0.0
T000606,C00077,2024-03-09,Tecnología,Web,1,943700.0,0.0
T004996,C00644,2023-11-09,Hogar,Tienda,2,98200.0,0.0
T004929,C00637,2024-05-14,Belleza,App,2,46600.0,0.0
T009438,C01259,2024-04-01,Moda,App,2,198200.0,0.0
T004085,C00523,2024-11-29,Tecnología,App,3,754000.0,0.0
T006196,C00809,2023-08-12,Tecnología,Tienda,3,201400.0,0.0
T002666,C00333,2024-04-10,Moda,App,2,128800.0,0.0
T010175,C01366,2023-10-22,Mercado,Tienda,1,30300.0,0.0
T006830,C00902,2023-11-10,Tecnología,Tienda,1,636500.0,0.0
T000870,C00113,2024-08-25,Moda,Tienda,2,218000.0,0.0
T009852,C01323,2025-05-12,Mercado,App,1,51400.0,0.0
T003234,C00410,2024-01-31,Belleza,App,3,121600.0,0.2
T004770,C00612,2024-09-27,Hogar,Tienda,1,117600.0,0.0
T006894,C00913,2023-07-28,Mercado,Tienda,3,77900.0,0.0
T003051,C00383,2024-06-18,Mercado,Web,1,63900.0,0.1
T002678,C00334,2024-12-13,Mercado,App,2,52400.0,0.0
T005471,C00710,2024-05-28,Belleza,Tienda,2,79200.0,0.1
T005773,C00748,2023-10-05,Mercado,Tienda,2,24200.0,0.0
T003079,C00388,2024-09-14,Hogar,Tienda,2,68200.0,0.0
T001139,C00145,2024-05-05,Belleza,Web,1,84800.0,0.2
T007921,C01047,2025-04-27,Belleza,Tienda,3,49800.0,0.3
T002695,C00336,2023-05-15,Tecnología,Tienda,1,837700.0,0.2
T007836,C01032,2025-05-27,Tecnología,App,1,649800.0,0.0
T004586,C00591,2024-12-22,Mercado,App,1,33500.0,0.0
T007741,C01017,2024-07-15,Tecnología,App,1,718200.0,0.0
T005768,C00748,2025-03-26,Tecnología,Tienda,3,662800.0,0.0
T006310,C00823,2023-08-28,Moda,App,1,100400.0,0.2
T000928,C00118,2024-07-10,Mercado,Tienda,3,46200.0,0.0
T004311,C00552,2024-08-01,Hogar,App,1,97900.0,0.0
T006040,C00785,2024-10-12,Belleza,Tienda,1,73000.0,0.0
T010715,C01441,2023-05-04,Mercado,Tienda,2,54000.0,0.0
T003370,C00427,2024-03-20,Tecnología,Web,2,664000.0,0.0
T007563,C00997,2024-01-15,Mercado,Tienda,1,38600.0,0.0
T010372,C01391,2023-09-03,Hogar,Tienda,1,140000.0,0.0
T010379,C01392,2025-01-23,Mercado,Tienda,1,53000.0,0.0
T000417,C00051,2025-06-17,Moda,Tienda,1,158500.0,0.0
T005126,C00662,2023-06-23,Hogar,App,1,161400.0,0.0
T002087,C00261,2024-06-05,Mercado,Web,2,62300.0,0.0
T004055,C00519,2023-03-05,Mercado,Web,3,23700.0,0.0
T006198,C00809,2023-11-08,Hogar,App,2,139200.0,0.1
T002755,C00341,2024-07-18,Hogar,Tienda,3,120000.0,0.0
T000137,C00016,2025-01-28,Tecnología,Tienda,2,897100.0,0.0
T004843,C00625,2024-04-24,Belleza,Tienda,3,59600.0,0.0
T009667,C01294,2024-04-01,Moda,Tienda,1,145400.0,0.0
T001123,C00142,2023-11-02,Tecnología,Tienda,3,487800.0,0.0
T000026,C00002,2024-09-23,Mercado,Web,3,33500.0,0.0
T000658,C00082,2024-07-31,Tecnología,Tienda,1,,0.0
T005499,C00714,2024-01-08,Mercado,Web,2,51800.0,0.0
T008642,C01143,2025-03-02,Belleza,Tienda,2,48100.0,0.0
T003433,C00433,2023-07-15,Moda,Tienda,1,157100.0,0.3
T003297,C00417,2024-05-25,Moda,App,2,151700.0,0.0
T009594,C01282,2024-08-23,Hogar,Tienda,2,166900.0,0.0
T001259,C00160,2025-02-07,Mercado,App,2,60600.0,0.0
T006447,C00846,2023-11-26,Mercado,Tienda,3,27600.0,0.0
T004848,C00626,2025-06-14,Moda,Tienda,3,157600.0,0.0
T001271,C00162,2024-10-31,Mercado,Tienda,3,33600.0,0.0
T001450,C00183,2024-12-16,Belleza,App,1,51400.0,0.0
T006518,C00856,2025-05-08,Mercado,Web,1,35700.0,0.1
T009245,C01232,2024-08-25,Moda,App,1,121100.0,0.0
T002438,C00306,2023-10-24,Mercado,Tienda,1,28100.0,0.0
T003991,C00508,2024-11-16,Hogar,Tienda,1,167700.0,0.0
T006248,C00816,2024-11-19,Mercado,App,1,34800.0,0.0
T008469,C01122,2024-08-31,Mercado,Web,1,39000.0,0.0
T010634,C01431,2023-11-21,Tecnología,App,1,948500.0,0.0
T002159,C00270,2025-06-04,Mercado,Tienda,1,49700.0,0.0
T000589,C00075,2024-06-24,Mercado,Web,2,19400.0,0.0
T010400,C01395,2024-08-07,Moda,Web,3,209300.0,0.2
T000971,C00125,2024-08-14,Mercado,Tienda,2,50500.0,0.0
T006892,C00912,2023-10-24,Mercado,App,2,72400.0,0.0
T011028,C01484,2023-12-12,Tecnología,App,1,383600.0,0.1
T006044,C00785,2025-03-02,Hogar,App,1,36200.0,0.0
T003185,C00404,2024-11-12,Mercado,Web,1,33400.0,0.1
T007882,C01038,2024-06-24,Mercado,Tienda,-1,26800.0,0.0
T002709,C00338,2025-04-02,Belleza,Web,1,76300.0,0.0
T004241,C00543,2024-02-03,Mercado,Tienda,1,39600.0,0.0
T003335,C00423,2025-03-29,Mercado,App,3,62500.0,0.0
T001760,C00221,2023-10-13,Hogar,Tienda,2,55000.0,0.0
T002182,C00274,2024-04-25,Mercado,Tienda,1,33500.0,0.0
T006782,C00896,2024-04-22,Mercado,Tienda,2,60600.0,0.0
T005420,C00703,2023-09-28,Belleza,App,2,61500.0,0.0
T004264,C00547,2023-04-05,Moda,Web,2,166300.0,0.0
T002273,C00284,2024-03-30,Mercado,Tienda,1,24000.0,0.0
T003826,C00483,2024-11-25,Belleza,App,2,95100.0,0.2
T009120,C01211,2024-09-08,Mercado,Tienda,3,57900.0,0.0
T007005,C00924,2024-02-18,Mercado,Web,3,41900.0,0.0
T003227,C00410,2024-08-08,Belleza,Tienda,3,77000.0,0.0
T003069,C00386,2025-02-22,Moda,App,3,93400.0,0.0
T000025,C00002,2025-03-17,Mercado,Tienda,3,56700.0,0.0
T004903,C00634,2024-03-13,Moda,Tienda,3,118900.0,0.0
T002588,C00322,2025-02-28,Mercado,Tienda,2,44700.0,0.2
T008636,C01142,2024-10-26,Moda,Tienda,2,146900.0,0.0
T005876,C00760,2023-05-16,Mercado,Web,1,60500.0,0.0
T004247,C00544,2025-03-18,Mercado,Web,3,46200.0,0.0
T007722,C01016,2025-01-05,Mercado,Web,2,59700.0,0.0
T009051,C01199,2025-05-21,Mercado,Web,2,18000.0,0.0
T010335,C01384,2024-11-03,Mercado,Tienda,2,29700.0,0.3
T008947,C01182,2024-03-27,Hogar,Tienda,2,107500.0,0.0
T010458,C01405,2024-04-27,Mercado,Web,1,39200.0,0.0
T009240,C01231,2023-10-09,Moda,App,2,162300.0,0.0
T000781,C00101,2024-12-21,Mercado,Tienda,2,16200.0,0.0
T009093,C01208,2024-03-10,Mercado,Web,3,15600.0,0.0
T004961,C00640,2024-07-23,Mercado,Tienda,1,59800.0,0.0
T010145,C01363,2024-08-14,Mercado,Tienda,2,42100.0,0.0
T002761,C00342,2024-04-23,Mercado,Web,1,48600.0,0.0
T001198,C00154,2024-11-14,Mercado,App,1,33100.0,0.2
T008293,C01099,2024-06-16,Hogar,Web,3,195800.0,0.0
T001050,C00136,2024-06-14,Mercado,App,2,22300.0,0.2
T009820,C01320,2025-04-18,Hogar,Tienda,2,73600.0,0.1
T003412,C00429,2025-06-08,Belleza,Web,3,76900.0,0.0
T002832,C00354,2024-01-10,Mercado,App,2,33800.0,0.0
T003801,C00479,2024-04-01,Tecnología,Web,2,774500.0,0.0
T002444,C00306,2024-09-12,Tecnología,Tienda,1,649700.0,0.0
T001272,C00162,2025-06-04,Mercado,Web,3,58300.0,0.0
T001751,C00219,2024-10-07,Tecnología,Tienda,1,572900.0,0.2
T008959,C01186,2024-01-17,Mercado,Tienda,1,39500.0,0.0
T004847,C00626,2024-03-12,Moda,Web,3,176200.0,0.3
T005059,C00652,2025-02-26,Moda,App,3,145100.0,0.0
T001890,C00237,2024-06-27,Mercado,Tienda,1,47400.0,0.0
T003061,C00385,2024-11-09,Hogar,Tienda,2,152600.0,0.0
T008361,C01110,2024-07-18,Mercado,Web,1,32700.0,0.1
T000074,C00007,2023-11-26,Mercado,Web,1,46900.0,0.2
T006819,C00901,2025-03-20,Mercado,Web,2,67100.0,0.3
T002986,C00371,2023-06-30,Belleza,Tienda,2,56400.0,0.0
T010076,C01355,2025-06-27,Mercado,Tienda,1,6700.0,0.0
T004045,C00518,2024-12-22,Moda,Tienda,1,209400.0,0.3
T010359,C01389,2025-05-10,Moda,Tienda,3,138500.0,0.0
T007951,C01051,2024-12-08,Mercado,Tienda,3,36900.0,0.0
T005235,C00676,2023-08-02,Mercado,Tienda,3,37900.0,0.0
T010761,C01446,2023-11-21,Mercado,Web,3,51300.0,0.0
T000993,C00130,2024-12-09,Belleza,App,3,65700.0,0.2
T005596,C00724,2024-11-01,Hogar,Tienda,3,80900.0,0.2
T006399,C00839,2024-12-28,Belleza,Tienda,3,60000.0,0.0
T003217,C00407,2024-04-20,Hogar,Tienda,3,98400.0,0.0
T001906,C00237,2023-12-16,Mercado,Web,3,35700.0,0.2
T003087,C00389,2024-08-20,Moda,Tienda,2,,0.0
T009577,C01278,2024-09-23,Mercado,Web,3,45400.0,0.0
T006528,C00859,2025-05-30,Hogar,App,2,145500.0,0.0
T007247,C00959,2023-12-30,Mercado,App,3,36700.0,0.0
T001739,C00218,2024-11-20,Moda,Tienda,1,196000.0,0.0
T009965,C01339,2024-12-25,Mercado,App,2,32800.0,0.0
T008039,C01064,2023-04-10,Hogar,Web,1,126300.0,0.0
T001504,C00190,2025-03-02,Belleza,Tienda,1,57200.0,0.2
T002565,C00319,2023-09-18,Mercado,Tienda,2,53800.0,0.0
T001632,C00205,2024-11-11,Mercado,App,2,50500.0,0.0
T002103,C00263,2024-12-06,Mercado,Tienda,1,32600.0,0.2
T000267,C00031,2024-10-16,Mercado,App,3,31900.0,0.0
T009226,C01228,2025-04-07,Hogar,Tienda,1,56900.0,0.3
T002632,C00328,2023-10-16,Belleza,App,2,35800.0,0.0
T006911,C00914,2024-05-15,Belleza,Web,2,50500.0,0.0
T003587,C00452,2025-05-23,Hogar,Tienda,2,111200.0,0.0
T002586,C00322,2024-03-08,Mercado,Tienda,1,39800.0,0.1
T010037,C01350,2024-06-17,Hogar,Tienda,2,73700.0,0.1
T006204,C00809,2023-12-15,Moda,App,3,204900.0,0.3
T007672,C01011,2023-12-05,Moda,App,1,169400.0,0.0
T010819,C01456,2025-02-11,Mercado,Tienda,1,30900.0,0.0
T002215,C00278,2024-06-21,Hogar,Tienda,3,129600.0,0.0
T008337,C01105,2024-07-13,Hogar,Tienda,2,87400.0,0.0
T004428,C00570,2024-08-20,Mercado,Tienda,1,47700.0,0.0
T007858,C01033,2024-10-12,Tecnología,Tienda,3,606600.0,0.0
T003960,C00501,2024-05-11,Mercado,App,3,37900.0,0.3
T004344,C00557,2024-06-25,Tecnología,Tienda,3,919200.0,0.3
T004470,C00577,2024-01-31,Mercado,App,1,32800.0,0.0
T004477,C00578,2025-04-10,Hogar,App,3,109800.0,0.0
T010740,C01442,2024-06-27,Tecnología,Web,3,777700.0,0.0
T008513,C01127,2024-01-19,Moda,App,3,172300.0,0.0
T006336,C00830,2024-07-26,Mercado,App,1,40500.0,0.1
T004733,C00605,2023-07-14,Mercado,Tienda,2,38100.0,0.0
T006761,C00896,2024-06-21,Mercado,Tienda,2,50700.0,0.1
T001588,C00199,2024-07-23,Mercado,App,2,50800.0,0.0
T007304,C00966,2025-02-11,Hogar,Tienda,1,157300.0,0.0
T005428,C00706,2024-07-08,Hogar,Tienda,1,104700.0,0.0
T009777,C01315,2024-08-12,Belleza,Tienda,3,93900.0,0.0
T006711,C00885,2024-09-04,Moda,App,1,145800.0,0.0
T003700,C00469,2025-03-06,Moda,App,1,216600.0,0.0
T010475,C01408,2024-08-11,Belleza,Tienda,1,51800.0,0.2
T004527,C00585,2024-10-15,Mercado,Tienda,3,45900.0,0.0
T009203,C01224,2024-03-17,Tecnología,Tienda,1,717100.0,0.0
T003914,C00495,2024-07-02,Mercado,App,3,33100.0,0.0
T003025,C00379,2024-03-05,Mercado,Tienda,1,5500.0,0.0
T003997,C00509,2024-08-30,Mercado,Web,2,36900.0,0.0
T008384,C01112,2024-06-11,Mercado,Tienda,2,53400.0,0.3
T001176,C00148,2025-02-21,Moda,Web,1,141100.0,0.2
T007860,C01034,2024-06-16,Moda,App,2,76300.0,0.0
T004993,C00644,2024-03-31,Belleza,App,1,58600.0,0.1
T001691,C00211,2024-03-27,Moda,Tienda,3,150700.0,0.0
T006039,C00784,2024-07-22,Mercado,Tienda,2,71000.0,0.0
T001281,C00163,2025-06-07,Hogar,Tienda,3,138900.0,0.0
T003351,C00425,2024-02-02,Hogar,Tienda,1,121500.0,0.0
T005283,C00683,2024-09-26,Tecnología,Tienda,1,725300.0,0.0
T010425,C01398,2023-09-26,Mercado,Tienda,3,59700.0,0.0
T000688,C00084,2023-08-28,Tecnología,Tienda,1,542700.0,0.0
T005662,C00731,2025-04-22,Mercado,Tienda,3,59300.0,0.0
T000639,C00082,2023-10-13,Mercado,Tienda,1,57900.0,0.0
T008762,C01159,2025-02-24,Hogar,App,2,113500.0,0.0
T003655,C00463,2024-11-09,Belleza,App,1,90000.0,0.2
T009126,C01212,2025-04-20,Hogar,Tienda,1,94600.0,0.0
T009362,C01252,2025-06-10,Mercado,Tienda,1,46600.0,0.0
T001361,C00170,2024-04-15,Hogar,App,3,158700.0,0.0
T007387,C00975,2025-01-31,Moda,App,1,103200.0,0.0
T004630,C00597,2024-04-12,Belleza,Web,1,42100.0,0.0
T003288,C00416,2023-11-05,Hogar,Tienda,3,72700.0,0.0
T010015,C01347,2024-11-23,Hogar,Tienda,2,104600.0,0.1
T006414,C00841,2024-02-28,Mercado,Tienda,2,40400.0,0.0
T000197,C00022,2023-12-18,Mercado,App,3,14100.0,0.2
T004592,C00592,2024-05-09,Hogar,Web,3,72900.0,0.2
T005033,C00648,2025-05-04,Hogar,Tienda,3,144400.0,0.0
T003786,C00476,2024-07-25,Mercado,Web,3,62100.0,0.0
T005076,C00654,2024-11-11,Hogar,Tienda,3,95700.0,0.0
T010621,C01427,2024-12-03,Mercado,Tienda,3,39300.0,0.1
T002076,C00260,2024-01-23,Mercado,App,2,59200.0,0.0
T005398,C00700,2025-06-14,Belleza,Tienda,1,56800.0,0.0
T008035,C01064,2024-11-09,Belleza,App,1,49500.0,0.0
T007397,C00976,2025-05-29,Mercado,Tienda,1,69000.0,0.0
T008031,C01063,2025-02-18,Hogar,App,3,103100.0,0.0
T009898,C01328,2024-11-05,Mercado,App,2,55800.0,0.1
T000148,C00018,2024-03-15,Tecnología,App,3,430900.0,0.0
T000798,C00102,2025-02-04,Mercado,Tienda,1,62600.0,0.0
T009943,C01335,2024-06-04,Moda,App,1,225400.0,0.2
T008816,C01164,2024-02-17,Mercado,Tienda,2,61600.0,0.0
T002287,C00285,2024-05-08,Belleza,Web,2,85800.0,0.0
T004068,C00521,2024-08-19,Mercado,Web,1,41900.0,0.0
T002029,C00256,2024-07-10,Moda,Tienda,2,120100.0,0.0
T005106,C00660,2025-03-27,Mercado,Tienda,1,,0.0
T005615,C00726,2024-01-01,Belleza,Tienda,3,138000.0,0.3
T005719,C00740,2024-05-08,Mercado,Tienda,2,56800.0,0.0
T001474,C00185,2024-02-09,Mercado,App,2,47100.0,0.0
T000723,C00092,2023-10-21,Hogar,Tienda,1,88100.0,0.2
T009554,C01275,2024-09-27,Belleza,Web,1,67500.0,0.3
T000107,C00013,2024-06-16,Hogar,Tienda,2,101100.0,0.3
T005644,C00728,2023-06-18,Belleza,App,3,32100.0,0.0
T004486,C00580,2025-06-17,Moda,Tienda,2,25100.0,0.0
T001473,C00185,2023-10-06,Hogar,Tienda,2,138200.0,0.0
T009310,C01244,2024-05-24,Mercado,Web,1,25300.0,0.0
T008747,C01159,2024-09-14,Moda,Tienda,2,160100.0,0.2
T007844,C01033,2025-01-06,Mercado,Web,1,47700.0,0.0
T000300,C00036,2025-02-06,Hogar,App,2,128800.0,0.0
T000171,C00020,2024-04-06,Mercado,Tienda,3,48300.0,0.0
T003327,C00422,2024-09-24,Tecnología,Tienda,3,860700.0,0.0
T003804,C00479,2025-06-16,Tecnología,Tienda,1,233700.0,0.3
T007051,C00934,2023-08-21,Mercado,App,2,48300.0,0.0
T003675,C00465,2025-06-02,Mercado,App,1,49600.0,0.0
T009469,C01265,2025-06-20,Belleza,Web,1,84500.0,0.0
T010547,C01416,2024-05-10,Hogar,App,1,81300.0,0.0
T003620,C00458,2023-11-20,Mercado,Tienda,1,61000.0,0.2
T000416,C00051,2024-07-31,Hogar,Tienda,3,116300.0,0.0
T006595,C00869,2025-03-31,Tecnología,Tienda,3,519500.0,0.0
T004861,C00630,2024-10-03,Mercado,Tienda,1,50500.0,0.0
T003924,C00497,2024-04-14,Belleza,Web,3,55300.0,0.0
T010032,C01349,2025-04-11,Tecnología,Tienda,1,659400.0,0.3
T002957,C00369,2025-06-14,Moda,Tienda,3,114900.0,0.0
T010510,C01411,2024-07-09,Hogar,Tienda,3,37200.0,0.0
T000631,C00081,2024-08-23,Hogar,Tienda,3,125100.0,0.0
T005047,C00650,2024-11-02,Belleza,Tienda,1,74900.0,0.0
T000163,C00020,2023-01-20,Mercado,Web,3,45800.0,0.2
T008606,C01137,2023-07-04,Mercado,App,1,54600.0,0.1
T009266,C01237,2023-11-19,Moda,Tienda,2,167700.0,0.0
T010210,C01371,2024-01-16,Belleza,App,2,99500.0,0.0
T009069,C01203,2024-12-31,Hogar,Tienda,2,127800.0,0.1
T009010,C01194,2023-09-19,Mercado,Tienda,3,42800.0,0.0
T002256,C00283,2024-11-09,Hogar,Tienda,1,120300.0,0.0
T007119,C00941,2025-01-16,Belleza,App,3,68900.0,0.3
T007972,C01055,2024-04-18,Tecnología,Tienda,3,840000.0,0.0
T009065,C01203,2025-01-14,Hogar,App,2,106300.0,0.0
T004342,C00557,2024-06-21,Belleza,Tienda,3,63700.0,0.3
T008422,C01116,2024-12-09,Mercado,Tienda,2,40500.0,0.1
T007433,C00981,2024-03-21,Moda,App,3,152000.0,0.0
T009099,C01208,2024-03-23,Belleza,App,1,47200.0,0.0
T007537,C00994,2024-03-16,Moda,App,1,125500.0,0.0
T010249,C01376,2024-02-27,Mercado,Tienda,2,41200.0,0.0
T009089,C01207,2023-09-25,Mercado,Tienda,1,45100.0,0.0
T005322,C00688,2023-11-05,Hogar,Tienda,2,129600.0,0.0
T005850,C00757,2024-06-02,Tecnología,App,2,953700.0,0.0
T006226,C00812,2024-11-08,Tecnología,App,1,1027900.0,0.3
T003872,C00487,2024-10-08,Belleza,App,1,60500.0,0.0
T010346,C01386,2023-09-09,Tecnología,App,2,1057300.0,0.0
T008984,C01191,2024-10-03,Mercado,App,1,36700.0,0.0
T007779,C01023,2024-04-20,Moda,App,2,181400.0,0.0
T006334,C00829,2024-01-31,Mercado,Web,1,56900.0,0.0
T010103,C01358,2024-10-13,Moda,Tienda,2,96900.0,0.0
T007501,C00989,2024-11-24,Moda,App,3,131300.0,0.1
T009520,C01271,2024-06-15,Hogar,Tienda,2,131600.0,0.3
T010501,C01410,2024-05-29,Hogar,Tienda,-1,59800.0,0.3
T002877,C00360,2024-04-30,Hogar,Web,3,129300.0,0.3
T008891,C01176,2024-02-15,Mercado,Web,1,47000.0,0.0
T007452,C00984,2024-09-30,Hogar,Web,1,141200.0,0.1
T006587,C00867,2025-01-01,Tecnología,Tienda,2,569400.0,0.0
T006739,C00892,2024-06-28,Moda,Tienda,1,174400.0,0.0
T009910,C01330,2023-05-02,Mercado,Web,2,30400.0,0.2
T002580,C00322,2025-01-03,Moda,Web,3,179000.0,0.1
T009087,C01207,2024-01-28,Mercado,App,2,20000.0,0.0
T003021,C00378,2024-08-28,Mercado,App,2,34100.0,0.0
T003542,C00444,2024-11-07,Mercado,Tienda,3,51100.0,0.0
T005248,C00677,2024-07-28,Belleza,Tienda,2,64600.0,0.0
T011101,C01496,2025-02-16,Mercado,Tienda,1,18900.0,0.0
T005543,C00719,2024-01-17,Hogar,App,1,117200.0,0.0
T001980,C00248,2024-03-13,Tecnología,Web,3,1049000.0,0.0
T006019,C00780,2024-07-18,Mercado,App,2,44900.0,0.0
T001058,C00136,2024-05-27,Hogar,Tienda,3,91800.0,0.0
T010523,C01413,2024-09-13,Moda,Tienda,2,92800.0,0.0
T003659,C00463,2024-07-23,Hogar,Tienda,1,92700.0,0.0
T007079,C00938,2024-09-11,Moda,App,2,193200.0,0.0
T006507,C00854,2025-04-02,Mercado,App,1,54800.0,0.0
T007772,C01021,2024-10-31,Belleza,Tienda,2,64600.0,0.0
T000093,C00011,2025-02-04,Hogar,App,2,138800.0,0.0
T001235,C00158,2024-08-09,Mercado,Tienda,3,38700.0,0.0
T006482,C00851,2025-03-31,Mercado,Web,3,59000.0,0.0
T001014,C00132,2025-05-03,Belleza,Tienda,2,34200.0,0.0
T005797,C00750,2025-03-27,Mercado,App,2,68600.0,0.2
T003864,C00487,2024-10-27,Moda,Tienda,2,237100.0,0.2
T007837,C01032,2025-06-19,Mercado,Tienda,2,33700.0,0.1
T009140,C01214,2023-11-18,Hogar,Tienda,3,165700.0,0.0
T009986,C01342,2024-12-11,Belleza,Tienda,2,76800.0,0.0
T000191,C00021,2023-10-28,Hogar,App,2,84500.0,0.0
T007792,C01025,2024-07-07,Hogar,Tienda,1,92200.0,0.0
T007936,C01049,2025-05-10,Hogar,App,1,140200.0,0.0
T001532,C00191,2023-03-06,Moda,Tienda,1,175300.0,0.0
T002683,C00334,2024-11-03,Tecnología,Tienda,3,689600.0,0.0
T006051,C00786,2024-04-17,Mercado,Tienda,1,40000.0,0.0
T002813,C00351,2024-06-07,Mercado,Tienda,3,28500.0,0.0
T003895,C00491,2024-06-10,Moda,Tienda,3,142100.0,0.0
T004820,C00621,2024-06-26,Belleza,Tienda,3,76800.0,0.0
T003177,C00402,2024-10-19,Belleza,Tienda,3,91000.0,0.0
T010304,C01382,2024-06-22,Mercado,Tienda,2,45000.0,0.0
T004773,C00612,2024-07-18,Belleza,Tienda,3,41300.0,0.0
T000106,C00013,2024-06-16,Mercado,App,1,49200.0,0.0
T003414,C00429,2025-02-11,Hogar,App,2,102800.0,0.0
T010156,C01363,2023-11-25,Hogar,Tienda,3,136500.0,0.0
T002302,C00286,2023-06-04,Hogar,Tienda,2,137900.0,0.0
T006567,C00867,2024-06-01,Mercado,App,2,33800.0,0.0
T008967,C01187,2024-08-17,Tecnología,Web,1,637300.0,0.0
T009425,C01257,2024-04-24,Mercado,App,2,53800.0,0.0
T000859,C00111,2025-05-12,Belleza,App,3,59700.0,0.0
T005525,C00717,2024-05-02,Belleza,Tienda,2,65900.0,0.0
T011131,C01500,2024-04-02,Hogar,App,3,89400.0,0.2
T003431,C00433,2024-04-25,Moda,Web,3,165900.0,0.0
T006232,C00813,2025-04-04,Hogar,Tienda,1,59100.0,0.0
T004161,C00531,2024-01-31,Mercado,Tienda,1,33800.0,0.2
T007439,C00981,2025-06-11,Hogar,Tienda,2,126600.0,0.2
T005911,C00764,2024-01-06,Moda,Tienda,2,122400.0,0.0
T000726,C00093,2023-10-08,Tecnología,Web,1,592500.0,0.0
T001680,C00209,2025-06-12,Tecnología,Tienda,2,656600.0,0.3
T006693,C00882,2024-05-22,Mercado,Tienda,2,60300.0,0.0
T005246,C00677,2024-01-25,Tecnología,App,3,710400.0,0.0
T010394,C01394,2025-04-12,Moda,App,2,152300.0,0.0
T001364,C00170,2024-06-20,Hogar,App,2,54500.0,0.3
T008603,C01137,2023-11-25,Moda,Tienda,1,121200.0,0.1
T009023,C01195,2023-11-08,Belleza,Web,2,68700.0,0.1
T008057,C01066,2023-12-06,Mercado,App,1,47100.0,0.0
T007989,C01056,2024-11-16,Mercado,Tienda,3,49000.0,0.0
T003782,C00476,2024-07-25,Mercado,App,2,27100.0,0.2
T000913,C00116,2025-04-25,Belleza,Tienda,2,64500.0,0.0
T006662,C00878,2025-04-03,Belleza,App,2,63700.0,0.0
T010285,C01381,2024-05-23,Moda,Tienda,3,154200.0,0.0
T007794,C01025,2025-05-17,Mercado,Tienda,2,49700.0,0.0
T000391,C00049,2024-10-14,Moda,Web,1,162700.0,0.0
T006285,C00820,2024-09-28,Mercado,Tienda,2,26400.0,0.3
T005470,C00710,2024-10-10,Hogar,App,1,80900.0,0.0
T004819,C00621,2024-07-03,Mercado,Tienda,2,35600.0,0.0
T007302,C00966,2025-02-04,Belleza,App,2,48100.0,0.0
T004358,C00559,2024-07-08,Belleza,Tienda,1,88800.0,0.0
T004995,C00644,2025-05-31,Moda,Tienda,3,196100.0,0.0
T007248,C00959,2024-02-22,Belleza,Tienda,3,32700.0,0.0
T002244,C00282,2025-06-12,Mercado,Tienda,3,34900.0,0.0
T008092,C01072,2025-01-29,Hogar,Tienda,2,147200.0,0.1
T003124,C00395,2025-02-20,Belleza,App,3,105400.0,0.0
T003122,C00394,2024-06-11,Mercado,Web,2,41900.0,0.0
T003958,C00500,2023-10-30,Mercado,Tienda,3,51300.0,0.0
T000719,C00091,2025-05-24,Hogar,Web,1,113700.0,0.2
T010633,C01431,2023-12-14,Moda,Tienda,3,114900.0,0.2
T003257,C00412,2024-04-21,Belleza,Web,2,53600.0,0.3
T006503,C00854,2024-07-19,Mercado,App,3,38700.0,0.0
T007164,C00947,2025-01-26,Hogar,Tienda,1,112100.0,0.0
T005608,C00725,2024-02-02,Hogar,App,3,96800.0,0.0
T003049,C00383,2024-06-18,Moda,Tienda,2,194600.0,0.0
T000421,C00051,2024-09-02,Hogar,App,2,139300.0,0.3
T002198,C00275,2023-04-11,Tecnología,Web,3,725000.0,0.0
T003118,C00393,2023-09-25,Mercado,App,2,37000.0,0.0
T001938,C00243,2024-01-26,Mercado,App,2,38300.0,0.0
T009312,C01244,2024-08-21,Tecnología,App,3,355300.0,0.1
T004116,C00527,2024-10-10,Moda,Tienda,2,119900.0,0.0
T000535,C00066,2024-02-26,Mercado,Tienda,2,16200.0,0.0
T000549,C00069,2024-04-29,Mercado,App,3,60200.0,0.0
T005681,C00734,2024-11-15,Hogar,Tienda,2,170700.0,0.0
T000299,C00036,2025-04-19,Mercado,Web,2,64700.0,0.0
T007121,C00942,2024-03-05,Belleza,Tienda,1,67300.0,0.0
T007584,C01001,2023-12-25,Mercado,Web,1,65000.0,0.0
T007482,C00987,2025-06-01,Moda,Tienda,1,88500.0,0.0
T002171,C00272,2024-05-29,Belleza,Tienda,2,36400.0,0.0
T007376,C00973,2024-09-15,Mercado,App,2,39400.0,0.3
T007517,C00991,2025-02-05,Mercado,Tienda,3,21700.0,0.0
T001386,C00172,2025-01-23,Mercado,Tienda,2,44000.0,0.0
T003208,C00407,2024-04-13,Moda,Tienda,2,160800.0,0.1
T003136,C00396,2024-02-19,Hogar,Tienda,1,142500.0,0.2
T006854,C00907,2023-06-14,Hogar,Web,2,133200.0,0.0
T011054,C01489,2025-06-19,Mercado,App,2,61700.0,0.0
T006914,C00914,2024-08-13,Tecnología,Tienda,2,401200.0,0.0
T005772,C00748,2025-02-16,Moda,App,1,235800.0,0.0
T005488,C00713,2025-04-23,Mercado,App,1,18000.0,0.0
T004185,C00535,2025-02-10,Moda,Web,3,143000.0,0.0
T005740,C00743,2025-03-13,Moda,App,1,115500.0,0.0
T007177,C00950,2024-07-26,Mercado,Tienda,2,52600.0,0.0
T000098,C00011,2025-06-10,Mercado,Tienda,3,37800.0,0.2
T010292,C01381,2024-10-11,Hogar,Tienda,3,81700.0,0.0
T004606,C00593,2024-03-16,Hogar,App,1,140500.0,0.0
T010452,C01405,2024-09-22,Moda,Tienda,2,139600.0,0.0
T004800,C00617,2024-07-27,Hogar,Web,1,142200.0,0.0
T010162,C01364,2024-07-23,Moda,App,3,71000.0,0.0
T002795,C00347,2025-04-25,Hogar,Tienda,3,128600.0,0.2
T009238,C01230,2025-04-18,Mercado,App,2,21300.0,0.0
T007739,C01017,2025-01-28,Mercado,Tienda,1,58100.0,0.0
T009132,C01213,2024-08-27,Tecnología,App,3,929900.0,0.0
T005526,C00717,2024-03-12,Mercado,Tienda,2,37300.0,0.0
T005905,C00763,2024-03-13,Mercado,App,2,35700.0,0.0
T006008,C00778,2024-11-27,Mercado,App,2,53700.0,0.0
T004897,C00632,2025-01-04,Mercado,Tienda,2,65400.0,0.0
T008800,C01163,2024-06-29,Mercado,Tienda,2,25900.0,0.0
T006767,C00896,2024-07-03,Mercado,App,2,31600.0,0.0
T002527,C00317,2023-11-05,Mercado,Tienda,1,52800.0,0.3
T007759,C01019,2025-05-18,Mercado,Tienda,1,40500.0,0.0
T002540,C00317,2024-12-22,Mercado,Tienda,1,21300.0,0.0
T008124,C01077,2024-12-05,Mercado,Tienda,2,67700.0,0.3
T001071,C00138,2024-01-17,Mercado,Web,1,20900.0,0.0
T000297,C00036,2024-12-18,Hogar,App,1,159300.0,0.0
T000050,C00004,2024-10-21,Mercado,Web,1,37800.0,0.0
T008417,C01115,2024-07-15,Mercado,Web,3,66400.0,0.0
T009967,C01339,2024-09-12,Mercado,Tienda,2,47700.0,0.0
T001244,C00159,2024-10-06,Hogar,Tienda,1,131200.0,0.0
T010114,C01359,2024-02-18,Belleza,Tienda,3,122800.0,0.0
T009043,C01199,2024-08-31,Hogar,App,2,157600.0,0.0
T006792,C00898,2024-04-06,Moda,App,2,110900.0,0.0
T001226,C00158,2024-07-28,Tecnología,Tienda,1,506200.0,0.0
T004659,C00599,2024-11-21,Hogar,Web,1,52100.0,0.0
T007244,C00959,2023-08-26,Mercado,Tienda,1,58600.0,0.0
T011045,C01487,2024-04-22,Mercado,Tienda,1,22900.0,0.0
T004701,C00602,2024-03-02,Moda,App,1,170400.0,0.0
T000443,C00055,2025-02-01,Moda,Tienda,2,72900.0,0.0
T002473,C00309,2024-12-03,Mercado,App,3,45200.0,0.0
T005695,C00737,2025-03-19,Moda,App,2,136800.0,0.0
T005121,C00661,2023-03-30,Mercado,App,3,71400.0,0.0
T010780,C01447,2025-06-02,Mercado,Web,1,49100.0,0.0
T002816,C00351,2025-03-12,Mercado,App,3,59800.0,0.0
T006834,C00903,2023-08-12,Mercado,Tienda,2,19000.0,0.0
T008380,C01112,2024-09-15,Hogar,Tienda,1,139900.0,0.0
T007156,C00946,2024-06-15,Mercado,Web,3,48400.0,0.0
T010992,C01480,2025-05-14,Moda,Tienda,1,234400.0,0.2
T003904,C00493,2023-11-29,Moda,Tienda,3,159700.0,0.3
T004076,C00522,2025-02-13,Mercado,Tienda,3,37400.0,0.0
T008654,C01145,2024-02-22,Moda,Web,2,94500.0,0.0
T006800,C00899,2025-03-19,Hogar,App,1,149300.0,0.3
T006054,C00786,2025-01-08,Moda,App,2,127600.0,0.0
T008907,C01177,2024-05-28,Mercado,Web,2,33200.0,0.0
T005447,C00707,2025-05-28,Mercado,Web,3,37700.0,0.0
T007646,C01007,2023-12-22,Moda,Web,2,89500.0,0.0
T006188,C00806,2024-05-06,Belleza,Tienda,2,10000.0,0.1
T008828,C01166,2025-01-16,Hogar,Tienda,1,147400.0,0.0
T004086,C00524,2024-09-26,Belleza,App,1,83800.0,0.0
T004625,C00596,2024-12-31,Mercado,Tienda,2,37100.0,0.0
T007905,C01044,2024-06-05,Moda,App,2,146600.0,0.3
T007132,C00942,2024-02-09,Moda,Tienda,2,76500.0,0.0
T010459,C01405,2024-09-24,Hogar,App,2,178600.0,0.0
T001766,C00222,2024-04-17,Hogar,Tienda,2,169200.0,0.0
T010540,C01414,2024-01-22,Mercado,Tienda,2,47000.0,0.0
T002904,C00363,2024-04-07,Hogar,App,3,20900.0,0.2
T005595,C00724,2025-01-21,Mercado,Tienda,2,39000.0,0.0
T008149,C01081,2025-01-13,Belleza,Tienda,1,85000.0,0.0
T008083,C01070,2024-08-20,Mercado,App,2,43800.0,0.3
T000610,C00078,2024-08-15,Belleza,Tienda,3,84400.0,0.2
T000486,C00060,2024-07-01,Hogar,Tienda,3,169600.0,0.0
T005575,C00722,2024-06-08,Mercado,App,1,66800.0,0.0
T009278,C01239,2023-06-19,Hogar,Tienda,2,122200.0,0.0
T010322,C01383,2024-01-03,Belleza,App,1,84100.0,0.0
T005801,C00750,2025-01-20,Mercado,App,1,40900.0,0.0
T004421,C00570,2024-07-18,Mercado,Web,2,52800.0,0.0
T007554,C00995,2024-05-04,Mercado,Web,1,31600.0,0.0
T003539,C00443,2025-02-27,Tecnología,Web,1,922900.0,0.3
T008212,C01087,2024-06-18,Mercado,App,1,35300.0,0.0
T007255,C00959,2024-02-27,Moda,App,1,103100.0,0.1
T006903,C00914,2024-05-21,Belleza,App,3,89200.0,0.0
T001674,C00208,2023-09-19,Mercado,Web,1,50400.0,0.0
T005437,C00707,2025-04-05,Mercado,Tienda,3,49000.0,0.0
T011049,C01488,2024-10-19,Hogar,Tienda,3,110800.0,0.3
T007307,C00966,2025-06-21,Mercado,Tienda,2,55100.0,0.0
T009983,C01341,2023-08-01,Moda,App,3,113500.0,0.0
T005709,C00738,2024-01-29,Hogar,Tienda,3,111500.0,0.0
T007049,C00933,2024-09-24,Hogar,Tienda,1,26400.0,0.0
T005619,C00727,2023-07-08,Mercado,Tienda,2,42800.0,0.0
T005676,C00734,2024-12-09,Belleza,Tienda,1,58500.0,0.1
T000097,C00011,2025-03-05,Mercado,App,2,35200.0,0.3
T003156,C00399,2024-09-23,Mercado,Web,3,44300.0,0.0
T002495,C00312,2024-07-12,Mercado,Web,2,35200.0,0.0
T004571,C00589,2024-06-20,Mercado,Tienda,1,45200.0,0.0
T005885,C00760,2024-07-24,Mercado,Tienda,1,35000.0,0.1
T000367,C00046,2025-06-03,Mercado,App,2,65000.0,0.0
T005994,C00775,2025-02-18,Mercado,App,1,34100.0,0.0
T009914,C01332,2023-12-24,Mercado,App,2,27300.0,0.0
T003658,C00463,2025-02-07,Hogar,Tienda,3,108300.0,0.0
T010102,C01358,2024-11-19,Moda,App,3,63900.0,0.0
T004857,C00628,2024-03-08,Mercado,App,2,39400.0,0.0
T000919,C00117,2024-09-11,Hogar,App,1,138900.0,0.0
T009618,C01287,2024-09-05,Moda,Tienda,1,190600.0,0.0
T011000,C01480,2024-01-21,Hogar,App,2,126000.0,0.0
T006793,C00898,2024-04-15,Tecnología,Tienda,2,620200.0,0.0
T003392,C00427,2024-07-18,Mercado,Tienda,1,54700.0,0.0
T002599,C00324,2024-10-09,Mercado,App,1,29300.0,0.0
T003311,C00419,2023-08-15,Belleza,Tienda,1,56300.0,0.2
T001589,C00199,2023-07-06,Mercado,Web,3,38700.0,0.0
T003665,C00464,2024-09-05,Hogar,App,1,150500.0,0.0
T010691,C01438,2024-05-21,Hogar,App,2,106800.0,0.0
T000032,C00003,2024-03-24,Mercado,Tienda,1,55000.0,0.3
T006266,C00818,2024-12-06,Mercado,Tienda,3,74700.0,0.3
T001376,C00172,2023-12-26,Tecnología,Tienda,2,683200.0,0.0
T007623,C01004,2024-05-02,Mercado,App,3,27500.0,0.3
T009519,C01271,2024-06-03,Mercado,Tienda,3,18100.0,0.3
T003781,C00476,2024-07-25,Moda,Tienda,2,94600.0,0.0
T005209,C00673,2024-04-14,Mercado,App,3,40000.0,0.0
T009542,C01273,2024-07-23,Tecnología,Web,1,715600.0,0.1
T007492,C00988,2025-03-17,Moda,Web,3,142000.0,0.0
T000256,C00029,2024-02-22,Belleza,Tienda,1,68300.0,0.0
T004989,C00643,2023-06-01,Mercado,App,1,25800.0,0.0
T003643,C00461,2024-09-15,Hogar,App,3,142900.0,0.0
T008171,C01084,2024-05-17,Moda,Tienda,1,141500.0,0.0
T004148,C00530,2023-03-29,Mercado,Tienda,1,31300.0,0.0
T005035,C00648,2024-10-14,Belleza,Tienda,2,95000.0,0.3
T006917,C00915,2024-07-02,Belleza,Tienda,1,67600.0,0.0
T005316,C00688,2023-10-15,Belleza,Tienda,2,76500.0,0.0
T002728,C00339,2024-09-19,Moda,Tienda,1,225300.0,0.0
T006950,C00918,2024-07-28,Tecnología,App,3,702600.0,0.0
T003701,C00469,2024-07-27,Mercado,Tienda,3,56900.0,0.0
T008317,C01102,2025-03-22,Tecnología,Web,2,427600.0,0.0
T006549,C00862,2024-08-10,Mercado,App,3,37300.0,0.0
T002779,C00346,2025-05-10,Mercado,Tienda,1,46000.0,0.0
T011072,C01492,2025-06-20,Hogar,Tienda,3,76100.0,0.1
T005168,C00670,2024-04-26,Belleza,App,2,66200.0,0.0
T002774,C00345,2024-05-20,Mercado,Tienda,3,60900.0,0.0
T010828,C01456,2024-11-10,Mercado,Tienda,2,47700.0,0.0
T006752,C00894,2025-06-17,Mercado,App,3,59100.0,0.1
T000434,C00053,2025-02-19,Mercado,Tienda,3,57600.0,0.0
T004771,C00612,2024-06-16,Mercado,App,3,38600.0,0.0
T001100,C00140,2024-02-04,Belleza,App,1,60500.0,0.0
T002515,C00315,2024-07-15,Moda,Tienda,3,183800.0,0.0
T006638,C00876,2024-07-04,Moda,Web,1,227800.0,0.0
T002576,C00322,2024-05-25,Moda,Tienda,1,176400.0,0.0
T007337,C00968,2025-06-03,Tecnología,Web,2,457500.0,0.0
